map_key,clean_date,y_flag,flag_1,flag_2,flag_3,flag_4,flag_5,flag_6,flag_7,flag_8,flag_9,flag_10,flag_11,flag_12,flag_13,flag_14,flag_15,flag_16,flag_17,flag_18,flag_19
1,20250727,0,534.0,474.0,530.0,526.0,470.0,588.0,494.0,771.0,507.0,579.0,533.0,591.0,286.0,668.0,500.0,644.0,517.0,443.0,609.0
2,20250728,0,487.0,494.0,382.0,505.0,395.0,615.0,446.0,507.0,382.0,545.0,564.0,690.0,255.0,665.0,475.0,614.0,556.0,377.0,635.0
3,20250723,0,550.0,440.0,327.0,500.0,355.0,490.0,438.0,438.0,335.0,538.0,568.0,617.0,415.0,691.0,478.0,544.0,585.0,507.0,645.0
4,20250619,0,530.0,370.0,305.0,320.0,332.0,357.0,402.0,400.0,499.0,488.0,603.0,637.0,960.0,694.0,449.0,502.0,649.0,570.0,641.0
5,20250305,0,498.0,409.0,457.0,500.0,362.0,404.0,417.0,544.0,562.0,450.0,562.0,590.0,916.0,706.0,454.0,587.0,617.0,573.0,645.0
6,20251108,0,515.0,398.0,400.0,516.0,359.0,502.0,447.0,502.0,406.0,513.0,570.0,695.0,438.0,671.0,486.0,554.0,559.0,480.0,632.0
7,20251009,0,475.0,353.0,378.0,319.0,318.0,308.0,392.0,379.0,544.0,444.0,609.0,656.0,966.0,690.0,442.0,580.0,635.0,529.0,646.0
8,20251004,0,565.0,438.0,468.0,520.0,408.0,581.0,440.0,487.0,426.0,597.0,527.0,667.0,377.0,651.0,508.0,544.0,597.0,494.0,647.0
9,20250428,0,503.0,418.0,322.0,508.0,354.0,515.0,404.0,422.0,393.0,465.0,568.0,700.0,818.0,687.0,475.0,491.0,626.0,523.0,649.0
10,20250422,0,566.0,474.0,492.0,470.0,564.0,508.0,514.0,475.0,236.0,540.0,541.0,532.0,155.0,682.0,550.0,545.0,430.0,517.0,472.0
11,20250917,0,497.0,428.0,445.0,396.0,350.0,396.0,443.0,524.0,349.0,495.0,581.0,678.0,261.0,690.0,481.0,698.0,599.0,520.0,586.0
12,20250616,0,570.0,452.0,491.0,461.0,542.0,456.0,484.0,496.0,423.0,514.0,542.0,573.0,578.0,697.0,498.0,561.0,545.0,593.0,570.0
13,20250819,0,495.0,374.0,356.0,475.0,350.0,439.0,389.0,322.0,482.0,458.0,535.0,700.0,867.0,686.0,456.0,489.0,601.0,542.0,643.0
14,20251109,0,491.0,384.0,448.0,587.0,334.0,394.0,440.0,670.0,491.0,450.0,567.0,691.0,874.0,691.0,481.0,618.0,587.0,525.0,650.0
15,20250606,0,510.0,404.0,526.0,413.0,351.0,403.0,463.0,747.0,398.0,490.0,580.0,644.0,520.0,679.0,478.0,680.0,563.0,499.0,623.0
16,20250406,0,496.0,446.0,512.0,470.0,427.0,455.0,466.0,448.0,423.0,492.0,542.0,647.0,787.0,686.0,509.0,604.0,493.0,453.0,543.0
17,20251102,0,543.0,378.0,369.0,327.0,387.0,391.0,439.0,499.0,379.0,552.0,603.0,657.0,823.0,675.0,486.0,554.0,619.0,557.0,619.0
18,20250521,0,512.0,438.0,301.0,390.0,359.0,417.0,416.0,489.0,353.0,457.0,590.0,681.0,901.0,693.0,465.0,526.0,534.0,506.0,511.0
19,20250311,0,511.0,431.0,436.0,472.0,444.0,624.0,469.0,528.0,443.0,506.0,504.0,683.0,195.0,666.0,479.0,630.0,570.0,475.0,626.0
20,20251112,0,462.0,431.0,376.0,393.0,319.0,369.0,426.0,365.0,355.0,426.0,577.0,657.0,964.0,697.0,468.0,532.0,616.0,568.0,602.0
21,20250708,0,,,,,,,,,,,,,,,,,,,
22,20250906,0,495.0,381.0,411.0,338.0,377.0,430.0,437.0,568.0,450.0,477.0,595.0,652.0,714.0,680.0,447.0,590.0,624.0,544.0,622.0
23,20251015,0,492.0,424.0,409.0,517.0,348.0,410.0,459.0,581.0,468.0,437.0,547.0,665.0,867.0,693.0,481.0,660.0,595.0,541.0,633.0
24,20250401,0,494.0,350.0,312.0,311.0,335.0,328.0,373.0,421.0,511.0,452.0,617.0,677.0,967.0,690.0,463.0,511.0,594.0,549.0,650.0
25,20250529,0,525.0,410.0,364.0,459.0,339.0,440.0,442.0,379.0,393.0,509.0,566.0,684.0,899.0,679.0,460.0,544.0,597.0,537.0,644.0
26,20250422,0,514.0,416.0,406.0,514.0,340.0,441.0,418.0,362.0,425.0,477.0,568.0,685.0,857.0,685.0,481.0,553.0,588.0,478.0,641.0
27,20251112,0,509.0,410.0,448.0,393.0,322.0,383.0,420.0,564.0,359.0,471.0,581.0,684.0,944.0,685.0,456.0,604.0,601.0,560.0,612.0
28,20250705,0,513.0,393.0,354.0,314.0,317.0,328.0,394.0,362.0,407.0,444.0,618.0,700.0,916.0,693.0,444.0,556.0,617.0,557.0,658.0
29,20250608,0,526.0,459.0,321.0,554.0,374.0,560.0,441.0,443.0,398.0,544.0,563.0,700.0,521.0,657.0,494.0,555.0,513.0,463.0,642.0
30,20250905,0,515.0,453.0,487.0,464.0,359.0,488.0,471.0,500.0,343.0,515.0,579.0,680.0,416.0,684.0,478.0,617.0,518.0,499.0,624.0
31,20250428,0,525.0,498.0,350.0,519.0,398.0,581.0,448.0,473.0,345.0,515.0,552.0,700.0,414.0,676.0,504.0,560.0,569.0,440.0,632.0
32,20251110,0,519.0,432.0,435.0,395.0,358.0,436.0,435.0,649.0,388.0,488.0,584.0,668.0,762.0,688.0,502.0,637.0,521.0,467.0,536.0
33,20250710,0,484.0,362.0,301.0,330.0,338.0,385.0,399.0,429.0,517.0,446.0,596.0,700.0,768.0,694.0,466.0,571.0,565.0,483.0,597.0
34,20251028,0,545.0,388.0,496.0,437.0,331.0,344.0,432.0,532.0,433.0,482.0,575.0,662.0,693.0,692.0,461.0,634.0,540.0,508.0,572.0
35,20250812,0,546.0,481.0,369.0,480.0,350.0,496.0,494.0,708.0,341.0,603.0,565.0,689.0,886.0,668.0,497.0,662.0,578.0,462.0,646.0
36,20250809,0,538.0,458.0,457.0,502.0,386.0,408.0,476.0,305.0,315.0,526.0,559.0,629.0,810.0,697.0,468.0,605.0,571.0,582.0,640.0
37,20250530,0,498.0,383.0,354.0,333.0,330.0,386.0,411.0,326.0,425.0,448.0,595.0,682.0,892.0,692.0,447.0,491.0,592.0,541.0,598.0
38,20250715,0,523.0,465.0,329.0,396.0,360.0,544.0,380.0,621.0,341.0,520.0,593.0,655.0,529.0,681.0,500.0,630.0,540.0,478.0,622.0
39,20250706,0,530.0,386.0,426.0,392.0,353.0,435.0,423.0,665.0,466.0,456.0,589.0,688.0,777.0,685.0,466.0,688.0,615.0,592.0,627.0
40,20250913,0,520.0,393.0,429.0,452.0,330.0,361.0,462.0,622.0,387.0,459.0,573.0,682.0,894.0,685.0,441.0,648.0,636.0,564.0,629.0
41,20250412,0,505.0,406.0,352.0,438.0,379.0,479.0,409.0,509.0,506.0,480.0,580.0,683.0,573.0,686.0,481.0,576.0,561.0,461.0,645.0
42,20250921,0,520.0,427.0,446.0,592.0,399.0,553.0,465.0,570.0,499.0,542.0,557.0,676.0,352.0,663.0,482.0,612.0,584.0,448.0,572.0
43,20250306,0,500.0,389.0,410.0,400.0,359.0,398.0,413.0,390.0,454.0,477.0,587.0,625.0,918.0,695.0,469.0,574.0,612.0,563.0,633.0
44,20250624,0,514.0,429.0,432.0,536.0,425.0,578.0,450.0,496.0,422.0,514.0,548.0,700.0,354.0,679.0,484.0,592.0,551.0,456.0,621.0
45,20250716,0,498.0,378.0,331.0,373.0,351.0,401.0,391.0,368.0,422.0,501.0,600.0,700.0,656.0,680.0,469.0,533.0,606.0,508.0,640.0
46,20251028,0,515.0,428.0,406.0,447.0,361.0,446.0,435.0,444.0,371.0,512.0,582.0,690.0,778.0,675.0,478.0,628.0,581.0,506.0,649.0
47,20251111,0,500.0,401.0,301.0,373.0,336.0,402.0,387.0,409.0,338.0,486.0,600.0,700.0,747.0,678.0,468.0,464.0,565.0,481.0,641.0
48,20250925,0,524.0,359.0,420.0,307.0,321.0,301.0,395.0,346.0,505.0,479.0,626.0,640.0,969.0,704.0,439.0,505.0,623.0,582.0,622.0
49,20250707,0,515.0,434.0,457.0,482.0,366.0,392.0,464.0,491.0,440.0,504.0,563.0,640.0,747.0,689.0,454.0,637.0,602.0,558.0,597.0
50,20250603,0,530.0,429.0,456.0,507.0,355.0,410.0,470.0,590.0,440.0,521.0,560.0,653.0,938.0,682.0,454.0,626.0,624.0,567.0,644.0
51,20250605,0,536.0,439.0,516.0,507.0,362.0,483.0,465.0,591.0,361.0,555.0,574.0,666.0,514.0,671.0,476.0,626.0,554.0,493.0,614.0
52,20250911,0,510.0,577.0,413.0,497.0,425.0,626.0,540.0,405.0,415.0,482.0,496.0,700.0,34.0,682.0,483.0,593.0,510.0,449.0,626.0
53,20250930,0,513.0,420.0,482.0,532.0,389.0,487.0,453.0,697.0,464.0,504.0,544.0,678.0,510.0,671.0,450.0,602.0,550.0,499.0,596.0
54,20250705,0,539.0,430.0,544.0,623.0,393.0,545.0,455.0,595.0,396.0,522.0,544.0,674.0,532.0,672.0,479.0,637.0,604.0,492.0,656.0
55,20250802,0,447.0,369.0,436.0,331.0,353.0,344.0,416.0,260.0,473.0,312.0,596.0,640.0,993.0,728.0,435.0,585.0,671.0,593.0,648.0
56,20250824,0,504.0,362.0,408.0,309.0,324.0,306.0,400.0,478.0,495.0,452.0,607.0,676.0,878.0,685.0,457.0,548.0,515.0,495.0,570.0
57,20250327,0,504.0,494.0,321.0,440.0,397.0,585.0,482.0,507.0,392.0,543.0,579.0,700.0,419.0,659.0,503.0,587.0,522.0,416.0,620.0
58,20250928,0,497.0,392.0,383.0,324.0,323.0,379.0,397.0,655.0,438.0,455.0,601.0,692.0,786.0,687.0,478.0,598.0,609.0,526.0,645.0
59,20250702,0,517.0,448.0,457.0,503.0,397.0,389.0,469.0,607.0,340.0,505.0,554.0,623.0,913.0,704.0,497.0,653.0,610.0,564.0,635.0
60,20251102,0,508.0,342.0,311.0,307.0,325.0,302.0,383.0,382.0,556.0,425.0,624.0,666.0,944.0,709.0,449.0,468.0,607.0,555.0,615.0
61,20250912,0,531.0,402.0,400.0,445.0,332.0,398.0,418.0,330.0,387.0,502.0,573.0,688.0,866.0,678.0,456.0,534.0,629.0,553.0,638.0
62,20250720,0,522.0,435.0,368.0,511.0,410.0,559.0,439.0,303.0,395.0,521.0,487.0,646.0,406.0,664.0,481.0,552.0,541.0,457.0,634.0
63,20250703,0,530.0,382.0,342.0,324.0,320.0,371.0,402.0,346.0,489.0,483.0,596.0,672.0,952.0,684.0,442.0,449.0,584.0,549.0,605.0
64,20250522,0,519.0,431.0,350.0,450.0,358.0,529.0,376.0,442.0,378.0,540.0,572.0,700.0,474.0,669.0,490.0,508.0,585.0,475.0,609.0
65,20251008,0,529.0,459.0,530.0,612.0,425.0,432.0,442.0,660.0,495.0,493.0,539.0,616.0,563.0,690.0,459.0,671.0,505.0,502.0,508.0
66,20250424,0,503.0,414.0,491.0,486.0,379.0,399.0,448.0,432.0,531.0,472.0,540.0,598.0,906.0,689.0,458.0,611.0,606.0,553.0,642.0
67,20251105,0,516.0,406.0,388.0,372.0,340.0,443.0,414.0,395.0,435.0,467.0,596.0,651.0,806.0,682.0,481.0,559.0,601.0,510.0,619.0
68,20250628,0,524.0,393.0,448.0,417.0,347.0,363.0,421.0,373.0,295.0,500.0,584.0,687.0,901.0,680.0,480.0,555.0,591.0,479.0,646.0
69,20250729,0,540.0,380.0,436.0,363.0,324.0,334.0,414.0,563.0,467.0,510.0,604.0,664.0,677.0,684.0,469.0,637.0,644.0,552.0,649.0
70,20250822,0,537.0,416.0,436.0,314.0,362.0,411.0,430.0,535.0,507.0,467.0,598.0,629.0,591.0,704.0,469.0,647.0,623.0,520.0,627.0
71,20250706,0,522.0,409.0,322.0,517.0,391.0,523.0,396.0,446.0,361.0,497.0,560.0,607.0,719.0,682.0,480.0,478.0,573.0,501.0,637.0
72,20251108,0,527.0,429.0,529.0,587.0,392.0,389.0,474.0,403.0,436.0,461.0,555.0,572.0,643.0,691.0,467.0,586.0,629.0,556.0,614.0
73,20251001,0,534.0,407.0,439.0,507.0,343.0,376.0,451.0,496.0,450.0,491.0,577.0,658.0,612.0,679.0,489.0,578.0,521.0,443.0,576.0
74,20250510,0,491.0,392.0,322.0,437.0,356.0,445.0,397.0,389.0,430.0,484.0,578.0,700.0,274.0,683.0,464.0,538.0,547.0,543.0,601.0
75,20251110,0,485.0,360.0,399.0,367.0,333.0,394.0,387.0,406.0,425.0,448.0,602.0,700.0,759.0,696.0,474.0,509.0,599.0,515.0,559.0
76,20250402,0,540.0,441.0,346.0,478.0,402.0,561.0,454.0,586.0,405.0,531.0,554.0,679.0,781.0,678.0,520.0,512.0,568.0,454.0,645.0
77,20251028,0,526.0,446.0,457.0,474.0,380.0,429.0,474.0,546.0,267.0,519.0,567.0,678.0,319.0,680.0,484.0,604.0,554.0,571.0,583.0
78,20250720,0,556.0,431.0,537.0,505.0,385.0,470.0,494.0,517.0,419.0,534.0,519.0,673.0,688.0,661.0,464.0,609.0,620.0,534.0,652.0
79,20251027,0,499.0,416.0,352.0,455.0,374.0,541.0,438.0,518.0,297.0,493.0,568.0,667.0,487.0,679.0,469.0,509.0,572.0,499.0,615.0
80,20250423,0,518.0,364.0,395.0,303.0,336.0,300.0,391.0,346.0,350.0,420.0,614.0,630.0,979.0,704.0,460.0,459.0,644.0,589.0,649.0
81,20250326,0,507.0,414.0,491.0,492.0,383.0,406.0,476.0,448.0,336.0,504.0,531.0,659.0,900.0,684.0,485.0,599.0,612.0,513.0,644.0
82,20250525,0,524.0,382.0,380.0,530.0,377.0,568.0,428.0,450.0,409.0,531.0,565.0,663.0,528.0,669.0,510.0,576.0,549.0,484.0,627.0
83,20250816,0,500.0,420.0,406.0,438.0,356.0,452.0,445.0,451.0,301.0,472.0,582.0,665.0,721.0,683.0,482.0,547.0,572.0,495.0,587.0
84,20250414,0,503.0,387.0,384.0,369.0,369.0,373.0,437.0,584.0,496.0,496.0,597.0,647.0,882.0,695.0,489.0,607.0,565.0,542.0,568.0
85,20250727,0,485.0,410.0,417.0,361.0,369.0,440.0,435.0,560.0,453.0,460.0,593.0,659.0,621.0,686.0,480.0,616.0,543.0,520.0,581.0
86,20250729,0,556.0,404.0,436.0,338.0,326.0,382.0,463.0,499.0,442.0,542.0,593.0,636.0,811.0,680.0,455.0,578.0,639.0,553.0,653.0
87,20250827,0,501.0,373.0,429.0,397.0,313.0,354.0,423.0,405.0,486.0,447.0,587.0,682.0,959.0,701.0,444.0,571.0,627.0,536.0,652.0
88,20250906,0,480.0,362.0,388.0,437.0,356.0,386.0,441.0,503.0,466.0,447.0,584.0,670.0,632.0,687.0,486.0,572.0,525.0,485.0,538.0
89,20250520,0,511.0,367.0,301.0,312.0,343.0,386.0,365.0,253.0,382.0,463.0,638.0,700.0,897.0,687.0,466.0,442.0,600.0,516.0,645.0
90,20250810,0,473.0,344.0,423.0,300.0,367.0,355.0,385.0,441.0,481.0,356.0,621.0,681.0,992.0,719.0,454.0,565.0,622.0,561.0,633.0
91,20251102,0,491.0,348.0,342.0,308.0,328.0,329.0,389.0,330.0,473.0,440.0,610.0,681.0,971.0,694.0,446.0,481.0,638.0,581.0,635.0
92,20250726,0,488.0,377.0,301.0,321.0,325.0,342.0,373.0,323.0,480.0,463.0,611.0,685.0,719.0,690.0,481.0,510.0,626.0,489.0,632.0
93,20250703,0,521.0,419.0,356.0,469.0,393.0,554.0,424.0,296.0,283.0,523.0,538.0,700.0,520.0,659.0,478.0,537.0,490.0,448.0,645.0
94,20251102,0,490.0,381.0,301.0,315.0,317.0,314.0,390.0,483.0,456.0,448.0,610.0,700.0,965.0,693.0,477.0,556.0,597.0,522.0,655.0
95,20251114,0,482.0,405.0,465.0,372.0,340.0,359.0,420.0,453.0,269.0,460.0,605.0,690.0,630.0,687.0,476.0,587.0,540.0,502.0,524.0
96,20250426,0,526.0,421.0,397.0,516.0,423.0,595.0,432.0,523.0,397.0,507.0,558.0,666.0,176.0,676.0,506.0,603.0,558.0,469.0,615.0
97,20250710,0,516.0,403.0,457.0,511.0,366.0,408.0,433.0,585.0,519.0,470.0,562.0,584.0,695.0,703.0,459.0,615.0,562.0,540.0,606.0
98,20250428,0,545.0,414.0,322.0,399.0,350.0,421.0,425.0,556.0,416.0,521.0,580.0,657.0,698.0,676.0,499.0,555.0,575.0,463.0,646.0
99,20250331,0,545.0,444.0,484.0,519.0,454.0,554.0,511.0,717.0,384.0,569.0,531.0,628.0,175.0,644.0,480.0,670.0,547.0,506.0,616.0
100,20250810,0,472.0,365.0,410.0,326.0,365.0,379.0,392.0,522.0,517.0,437.0,601.0,666.0,858.0,692.0,474.0,576.0,459.0,526.0,562.0
101,20250926,0,515.0,397.0,413.0,440.0,342.0,465.0,428.0,455.0,311.0,513.0,586.0,696.0,669.0,680.0,455.0,572.0,594.0,456.0,654.0
102,20250610,0,465.0,400.0,436.0,323.0,329.0,374.0,425.0,444.0,433.0,410.0,594.0,622.0,984.0,716.0,452.0,591.0,652.0,614.0,646.0
103,20250505,0,541.0,403.0,498.0,511.0,400.0,526.0,462.0,591.0,428.0,570.0,565.0,648.0,460.0,667.0,493.0,653.0,546.0,493.0,567.0
104,20251108,0,508.0,391.0,400.0,394.0,335.0,386.0,431.0,445.0,402.0,454.0,581.0,680.0,787.0,691.0,482.0,560.0,582.0,533.0,641.0
105,20251014,0,515.0,407.0,301.0,332.0,341.0,381.0,390.0,626.0,420.0,459.0,603.0,672.0,873.0,692.0,490.0,581.0,627.0,550.0,614.0
106,20250509,0,521.0,390.0,491.0,598.0,395.0,492.0,475.0,537.0,477.0,556.0,521.0,674.0,635.0,663.0,498.0,578.0,574.0,467.0,646.0
107,20250816,0,516.0,419.0,356.0,519.0,370.0,540.0,422.0,600.0,403.0,499.0,545.0,700.0,816.0,683.0,476.0,628.0,583.0,446.0,645.0
108,20250501,0,489.0,401.0,312.0,384.0,337.0,384.0,383.0,222.0,425.0,452.0,589.0,593.0,928.0,687.0,463.0,457.0,588.0,549.0,638.0
109,20250904,0,489.0,404.0,367.0,310.0,341.0,300.0,418.0,539.0,466.0,485.0,604.0,669.0,970.0,707.0,466.0,576.0,556.0,521.0,608.0
110,20251013,0,521.0,444.0,469.0,491.0,378.0,501.0,436.0,503.0,383.0,538.0,572.0,700.0,584.0,672.0,486.0,577.0,561.0,435.0,641.0
111,20250907,0,466.0,364.0,423.0,300.0,358.0,315.0,384.0,599.0,546.0,435.0,629.0,679.0,842.0,712.0,429.0,565.0,578.0,544.0,609.0
112,20250504,0,514.0,423.0,334.0,482.0,377.0,527.0,425.0,316.0,310.0,512.0,557.0,669.0,569.0,678.0,490.0,494.0,522.0,461.0,574.0
113,20251009,0,504.0,593.0,356.0,501.0,477.0,635.0,547.0,464.0,251.0,526.0,447.0,700.0,37.0,665.0,509.0,616.0,584.0,355.0,641.0
114,20251009,0,486.0,375.0,301.0,307.0,323.0,325.0,342.0,216.0,427.0,416.0,628.0,700.0,942.0,693.0,439.0,440.0,588.0,588.0,613.0
115,20250320,0,535.0,450.0,406.0,448.0,376.0,515.0,443.0,625.0,450.0,590.0,577.0,667.0,558.0,666.0,484.0,650.0,525.0,512.0,634.0
116,20250525,0,521.0,388.0,312.0,373.0,372.0,515.0,406.0,486.0,467.0,516.0,595.0,677.0,446.0,678.0,494.0,532.0,514.0,481.0,521.0
117,20250528,0,496.0,323.0,379.0,303.0,318.0,304.0,367.0,528.0,481.0,424.0,622.0,700.0,943.0,702.0,431.0,605.0,668.0,606.0,651.0
118,20250829,0,530.0,471.0,519.0,533.0,411.0,494.0,494.0,780.0,379.0,558.0,517.0,659.0,224.0,658.0,463.0,663.0,560.0,470.0,634.0
119,20251013,0,507.0,410.0,496.0,476.0,323.0,400.0,451.0,495.0,418.0,495.0,567.0,611.0,839.0,692.0,440.0,644.0,626.0,565.0,642.0
120,20250306,0,525.0,497.0,404.0,520.0,426.0,607.0,478.0,625.0,421.0,544.0,512.0,614.0,403.0,668.0,508.0,598.0,535.0,448.0,635.0
121,20250602,0,544.0,353.0,340.0,360.0,343.0,372.0,411.0,382.0,585.0,500.0,612.0,618.0,678.0,685.0,472.0,539.0,564.0,516.0,640.0
122,20250312,0,542.0,446.0,404.0,508.0,409.0,567.0,436.0,542.0,383.0,531.0,544.0,674.0,531.0,677.0,486.0,575.0,574.0,442.0,622.0
123,20250910,0,536.0,401.0,421.0,417.0,385.0,481.0,450.0,632.0,425.0,508.0,583.0,635.0,379.0,673.0,485.0,583.0,561.0,469.0,587.0
124,20250608,0,523.0,415.0,408.0,384.0,327.0,414.0,423.0,581.0,383.0,501.0,590.0,675.0,832.0,690.0,468.0,644.0,588.0,505.0,643.0
125,20250714,0,504.0,381.0,301.0,320.0,351.0,300.0,387.0,512.0,456.0,467.0,628.0,661.0,861.0,696.0,445.0,544.0,594.0,521.0,610.0
126,20251111,0,533.0,434.0,448.0,440.0,333.0,401.0,456.0,639.0,395.0,467.0,569.0,683.0,956.0,684.0,465.0,604.0,599.0,560.0,634.0
127,20250621,0,539.0,459.0,485.0,555.0,413.0,509.0,469.0,693.0,610.0,539.0,531.0,636.0,407.0,666.0,475.0,615.0,585.0,472.0,650.0
128,20250726,0,513.0,419.0,457.0,499.0,345.0,402.0,454.0,555.0,423.0,489.0,565.0,633.0,613.0,684.0,473.0,648.0,580.0,543.0,624.0
129,20250706,0,482.0,371.0,301.0,386.0,310.0,354.0,385.0,360.0,480.0,442.0,590.0,687.0,769.0,702.0,507.0,485.0,588.0,531.0,648.0
130,20251108,0,505.0,403.0,311.0,328.0,339.0,445.0,420.0,621.0,402.0,489.0,604.0,667.0,616.0,685.0,479.0,657.0,557.0,449.0,583.0
131,20250820,0,509.0,397.0,457.0,523.0,372.0,418.0,464.0,443.0,449.0,495.0,551.0,653.0,865.0,690.0,450.0,643.0,609.0,558.0,623.0
132,20251105,0,507.0,465.0,481.0,439.0,379.0,398.0,453.0,438.0,341.0,467.0,573.0,678.0,889.0,696.0,449.0,587.0,590.0,547.0,619.0
133,20250522,0,522.0,386.0,473.0,468.0,378.0,417.0,450.0,534.0,608.0,495.0,540.0,595.0,869.0,688.0,430.0,555.0,615.0,568.0,665.0
134,20250422,0,465.0,412.0,436.0,345.0,360.0,361.0,401.0,472.0,678.0,446.0,592.0,577.0,887.0,701.0,446.0,518.0,623.0,580.0,633.0
135,20251103,0,494.0,338.0,301.0,307.0,328.0,300.0,349.0,370.0,550.0,425.0,638.0,679.0,748.0,698.0,482.0,468.0,599.0,535.0,622.0
136,20250701,0,514.0,412.0,434.0,406.0,404.0,377.0,438.0,455.0,442.0,508.0,583.0,570.0,187.0,705.0,512.0,539.0,474.0,467.0,515.0
137,20250619,0,486.0,359.0,354.0,334.0,336.0,364.0,417.0,438.0,331.0,451.0,596.0,693.0,959.0,688.0,481.0,547.0,579.0,492.0,648.0
138,20251016,0,505.0,397.0,436.0,409.0,325.0,359.0,426.0,481.0,435.0,445.0,588.0,679.0,901.0,687.0,470.0,571.0,605.0,540.0,643.0
139,20251102,0,435.0,334.0,301.0,302.0,344.0,353.0,339.0,460.0,529.0,421.0,633.0,688.0,985.0,709.0,465.0,469.0,608.0,570.0,637.0
140,20250511,0,514.0,453.0,470.0,522.0,466.0,578.0,490.0,578.0,437.0,569.0,514.0,675.0,372.0,656.0,483.0,623.0,505.0,436.0,626.0
141,20250507,0,510.0,369.0,301.0,317.0,353.0,369.0,370.0,377.0,479.0,449.0,606.0,659.0,914.0,682.0,472.0,513.0,585.0,546.0,641.0
142,20250915,0,574.0,461.0,569.0,536.0,490.0,532.0,503.0,494.0,488.0,567.0,521.0,564.0,73.0,674.0,548.0,637.0,330.0,528.0,470.0
143,20251019,0,574.0,445.0,544.0,601.0,413.0,580.0,462.0,673.0,370.0,543.0,507.0,678.0,369.0,643.0,502.0,648.0,575.0,497.0,656.0
144,20251022,0,501.0,414.0,410.0,401.0,362.0,438.0,439.0,447.0,417.0,496.0,581.0,638.0,869.0,688.0,474.0,563.0,589.0,519.0,650.0
145,20250829,0,540.0,401.0,370.0,502.0,380.0,516.0,444.0,565.0,332.0,584.0,575.0,671.0,652.0,653.0,499.0,620.0,519.0,494.0,648.0
146,20250821,0,525.0,428.0,368.0,517.0,426.0,584.0,475.0,542.0,404.0,498.0,517.0,639.0,348.0,686.0,511.0,583.0,430.0,461.0,513.0
147,20250602,0,566.0,460.0,530.0,620.0,453.0,539.0,500.0,663.0,508.0,571.0,520.0,629.0,207.0,681.0,476.0,628.0,359.0,502.0,502.0
148,20250410,0,538.0,421.0,457.0,444.0,342.0,346.0,440.0,442.0,388.0,502.0,575.0,655.0,920.0,673.0,469.0,581.0,640.0,556.0,657.0
149,20250402,0,524.0,363.0,384.0,341.0,334.0,366.0,414.0,298.0,511.0,468.0,593.0,652.0,723.0,707.0,475.0,499.0,641.0,582.0,657.0
150,20250503,0,521.0,457.0,356.0,473.0,471.0,592.0,449.0,410.0,256.0,534.0,524.0,659.0,349.0,646.0,510.0,587.0,517.0,445.0,628.0
151,20250723,0,503.0,410.0,446.0,387.0,343.0,383.0,436.0,441.0,383.0,459.0,586.0,664.0,817.0,690.0,447.0,566.0,607.0,575.0,640.0
152,20250905,0,562.0,421.0,388.0,486.0,402.0,519.0,454.0,669.0,442.0,572.0,572.0,663.0,79.0,645.0,515.0,617.0,517.0,445.0,625.0
153,20250525,0,522.0,431.0,391.0,480.0,428.0,540.0,466.0,551.0,378.0,498.0,544.0,680.0,563.0,677.0,484.0,608.0,589.0,505.0,593.0
154,20250505,0,512.0,388.0,331.0,356.0,349.0,386.0,399.0,375.0,440.0,491.0,617.0,688.0,722.0,695.0,492.0,528.0,506.0,528.0,554.0
155,20250929,0,525.0,432.0,468.0,519.0,379.0,548.0,466.0,553.0,238.0,532.0,561.0,696.0,356.0,667.0,502.0,610.0,460.0,416.0,493.0
156,20251023,0,521.0,434.0,457.0,387.0,341.0,346.0,440.0,663.0,404.0,489.0,580.0,652.0,877.0,689.0,458.0,661.0,629.0,587.0,611.0
157,20250423,0,523.0,414.0,301.0,392.0,384.0,505.0,386.0,431.0,387.0,517.0,593.0,619.0,766.0,675.0,493.0,499.0,581.0,492.0,649.0
158,20250609,0,532.0,405.0,322.0,516.0,383.0,579.0,391.0,462.0,372.0,518.0,557.0,633.0,725.0,675.0,509.0,521.0,559.0,471.0,648.0
159,20250310,0,548.0,458.0,560.0,476.0,444.0,473.0,498.0,592.0,325.0,589.0,542.0,636.0,779.0,679.0,472.0,602.0,532.0,514.0,576.0
160,20250323,0,529.0,437.0,532.0,483.0,413.0,500.0,483.0,525.0,196.0,472.0,539.0,642.0,723.0,685.0,499.0,596.0,544.0,502.0,605.0
161,20251013,0,519.0,422.0,393.0,393.0,345.0,416.0,420.0,440.0,299.0,522.0,591.0,700.0,489.0,674.0,473.0,523.0,596.0,508.0,617.0
162,20250428,0,472.0,419.0,312.0,323.0,361.0,351.0,387.0,434.0,434.0,434.0,599.0,655.0,873.0,691.0,475.0,544.0,607.0,596.0,604.0
163,20251005,0,514.0,412.0,432.0,502.0,378.0,510.0,447.0,592.0,560.0,483.0,570.0,680.0,361.0,684.0,490.0,629.0,431.0,445.0,530.0
164,20250608,0,514.0,431.0,491.0,486.0,380.0,392.0,454.0,581.0,649.0,476.0,531.0,607.0,843.0,704.0,457.0,580.0,574.0,527.0,651.0
165,20250803,0,570.0,439.0,480.0,648.0,406.0,500.0,477.0,564.0,511.0,551.0,514.0,602.0,521.0,675.0,493.0,590.0,547.0,500.0,624.0
166,20250404,0,515.0,371.0,352.0,398.0,368.0,497.0,427.0,455.0,450.0,493.0,584.0,678.0,485.0,684.0,478.0,533.0,580.0,494.0,624.0
167,20251021,0,488.0,405.0,354.0,386.0,343.0,383.0,435.0,576.0,325.0,444.0,590.0,700.0,888.0,698.0,468.0,588.0,620.0,565.0,594.0
168,20250504,0,507.0,391.0,379.0,435.0,367.0,518.0,421.0,430.0,375.0,527.0,583.0,660.0,460.0,666.0,484.0,549.0,508.0,475.0,628.0
169,20251125,0,528.0,443.0,496.0,603.0,386.0,428.0,455.0,701.0,453.0,482.0,552.0,638.0,825.0,696.0,483.0,660.0,495.0,467.0,544.0
170,20250512,0,520.0,487.0,368.0,467.0,472.0,596.0,495.0,328.0,222.0,567.0,486.0,700.0,306.0,644.0,475.0,601.0,545.0,443.0,638.0
171,20250924,0,508.0,420.0,331.0,450.0,363.0,433.0,448.0,485.0,412.0,508.0,573.0,632.0,477.0,686.0,466.0,523.0,532.0,442.0,612.0
172,20251102,0,511.0,412.0,311.0,341.0,353.0,445.0,428.0,561.0,387.0,475.0,604.0,678.0,718.0,686.0,473.0,594.0,449.0,471.0,514.0
173,20251018,0,514.0,524.0,368.0,473.0,488.0,664.0,522.0,409.0,215.0,546.0,508.0,642.0,100.0,657.0,493.0,592.0,496.0,451.0,624.0
174,20250730,0,511.0,426.0,301.0,339.0,346.0,506.0,394.0,409.0,279.0,513.0,599.0,649.0,518.0,672.0,505.0,517.0,454.0,430.0,509.0
175,20250623,0,504.0,478.0,350.0,524.0,477.0,573.0,469.0,646.0,376.0,509.0,555.0,700.0,405.0,679.0,497.0,663.0,581.0,459.0,625.0
176,20250811,0,481.0,368.0,349.0,304.0,350.0,328.0,381.0,539.0,487.0,421.0,631.0,681.0,940.0,697.0,479.0,546.0,584.0,550.0,643.0
177,20250309,0,507.0,437.0,404.0,560.0,430.0,589.0,446.0,366.0,274.0,514.0,537.0,700.0,414.0,673.0,475.0,582.0,539.0,436.0,632.0
178,20250319,0,551.0,453.0,484.0,493.0,403.0,528.0,486.0,674.0,516.0,614.0,523.0,602.0,507.0,654.0,485.0,616.0,594.0,523.0,647.0
179,20250501,0,493.0,467.0,560.0,507.0,446.0,425.0,509.0,358.0,311.0,481.0,542.0,597.0,865.0,684.0,470.0,588.0,660.0,595.0,645.0
180,20251024,0,550.0,466.0,558.0,588.0,410.0,479.0,495.0,615.0,471.0,605.0,482.0,663.0,263.0,678.0,535.0,601.0,540.0,481.0,601.0
181,20251022,0,514.0,479.0,327.0,409.0,360.0,411.0,471.0,459.0,298.0,481.0,578.0,671.0,608.0,683.0,471.0,557.0,519.0,532.0,619.0
182,20250315,0,551.0,470.0,491.0,508.0,497.0,508.0,475.0,668.0,383.0,603.0,535.0,586.0,486.0,666.0,470.0,614.0,366.0,509.0,469.0
183,20250504,0,490.0,393.0,301.0,321.0,341.0,418.0,381.0,405.0,411.0,444.0,596.0,700.0,823.0,690.0,443.0,501.0,623.0,548.0,622.0
184,20251101,0,497.0,392.0,379.0,465.0,351.0,394.0,394.0,209.0,436.0,453.0,568.0,700.0,872.0,690.0,457.0,531.0,613.0,501.0,616.0
185,20251007,0,495.0,404.0,444.0,480.0,380.0,524.0,444.0,520.0,451.0,524.0,580.0,668.0,316.0,662.0,499.0,578.0,553.0,451.0,639.0
186,20251015,0,444.0,340.0,312.0,321.0,342.0,302.0,386.0,506.0,513.0,427.0,644.0,672.0,958.0,710.0,442.0,555.0,550.0,525.0,568.0
187,20250319,0,504.0,397.0,423.0,444.0,411.0,418.0,441.0,445.0,462.0,472.0,580.0,663.0,651.0,691.0,473.0,576.0,478.0,475.0,545.0
188,20250318,0,493.0,345.0,436.0,307.0,319.0,300.0,385.0,392.0,439.0,456.0,606.0,653.0,989.0,709.0,453.0,570.0,612.0,580.0,613.0
189,20250923,0,489.0,375.0,320.0,312.0,348.0,342.0,409.0,632.0,512.0,439.0,640.0,611.0,274.0,696.0,507.0,678.0,545.0,504.0,580.0
190,20250308,0,,,,,,,,,,,,,,,,,,,
191,20250318,0,538.0,404.0,406.0,342.0,326.0,354.0,419.0,520.0,381.0,451.0,593.0,660.0,964.0,704.0,466.0,550.0,631.0,587.0,650.0
192,20250506,0,491.0,351.0,370.0,392.0,355.0,359.0,418.0,389.0,323.0,445.0,585.0,690.0,922.0,688.0,471.0,553.0,584.0,546.0,650.0
193,20250407,0,525.0,458.0,473.0,530.0,425.0,446.0,494.0,465.0,345.0,541.0,530.0,592.0,559.0,681.0,475.0,590.0,589.0,542.0,630.0
194,20250817,0,502.0,408.0,334.0,491.0,349.0,426.0,422.0,480.0,434.0,469.0,573.0,691.0,881.0,693.0,487.0,583.0,579.0,415.0,645.0
195,20250306,0,515.0,407.0,444.0,439.0,394.0,397.0,440.0,382.0,442.0,464.0,570.0,582.0,948.0,709.0,457.0,544.0,584.0,582.0,601.0
196,20250811,0,533.0,434.0,457.0,561.0,367.0,470.0,469.0,695.0,429.0,564.0,571.0,662.0,476.0,678.0,491.0,614.0,568.0,487.0,633.0
197,20251105,0,,,,,,,,,,,,,,,,,,,
198,20251110,0,528.0,482.0,608.0,670.0,427.0,495.0,506.0,692.0,397.0,504.0,501.0,675.0,39.0,680.0,510.0,644.0,404.0,539.0,510.0
199,20250811,0,532.0,403.0,429.0,499.0,352.0,454.0,438.0,572.0,414.0,458.0,568.0,680.0,869.0,682.0,486.0,597.0,604.0,535.0,642.0
200,20250706,0,489.0,460.0,356.0,465.0,417.0,584.0,452.0,523.0,405.0,568.0,539.0,700.0,402.0,650.0,474.0,500.0,516.0,497.0,618.0
201,20250527,0,517.0,442.0,321.0,465.0,387.0,482.0,448.0,534.0,403.0,518.0,575.0,700.0,634.0,677.0,487.0,548.0,576.0,472.0,646.0
202,20250831,0,527.0,473.0,530.0,573.0,398.0,424.0,501.0,725.0,560.0,509.0,515.0,655.0,449.0,689.0,472.0,654.0,554.0,572.0,597.0
203,20250601,0,524.0,416.0,322.0,515.0,376.0,567.0,406.0,526.0,286.0,532.0,559.0,700.0,490.0,655.0,476.0,534.0,588.0,438.0,640.0
204,20250912,0,506.0,414.0,496.0,595.0,349.0,387.0,438.0,585.0,664.0,442.0,560.0,648.0,869.0,693.0,462.0,637.0,552.0,546.0,586.0
205,20250602,0,526.0,414.0,423.0,328.0,346.0,358.0,457.0,464.0,345.0,504.0,600.0,659.0,950.0,692.0,437.0,609.0,550.0,539.0,614.0
206,20251104,0,508.0,385.0,342.0,356.0,343.0,394.0,396.0,500.0,475.0,481.0,606.0,700.0,786.0,681.0,475.0,571.0,611.0,531.0,652.0
207,20250911,0,507.0,392.0,322.0,442.0,363.0,538.0,406.0,440.0,336.0,511.0,579.0,700.0,633.0,683.0,485.0,504.0,556.0,468.0,645.0
208,20251102,0,506.0,364.0,429.0,503.0,327.0,413.0,431.0,435.0,384.0,454.0,570.0,696.0,920.0,689.0,461.0,592.0,593.0,573.0,643.0
209,20250615,0,489.0,365.0,331.0,346.0,326.0,353.0,361.0,461.0,494.0,450.0,620.0,700.0,880.0,688.0,468.0,509.0,571.0,508.0,647.0
210,20251017,0,521.0,425.0,350.0,448.0,407.0,542.0,394.0,387.0,319.0,527.0,586.0,673.0,395.0,668.0,498.0,511.0,548.0,497.0,634.0
211,20251015,0,516.0,430.0,368.0,516.0,369.0,513.0,413.0,335.0,354.0,527.0,536.0,700.0,633.0,673.0,482.0,518.0,560.0,469.0,640.0
212,20251029,0,514.0,438.0,457.0,518.0,365.0,443.0,434.0,587.0,360.0,483.0,555.0,685.0,953.0,692.0,465.0,639.0,638.0,571.0,632.0
213,20250531,0,488.0,328.0,426.0,303.0,323.0,300.0,390.0,391.0,468.0,453.0,622.0,676.0,990.0,714.0,443.0,537.0,614.0,581.0,581.0
214,20251109,0,524.0,411.0,457.0,401.0,332.0,371.0,452.0,418.0,364.0,431.0,576.0,676.0,929.0,698.0,454.0,578.0,636.0,569.0,648.0
215,20250309,0,537.0,423.0,368.0,474.0,486.0,572.0,438.0,411.0,359.0,564.0,517.0,657.0,447.0,675.0,504.0,540.0,549.0,395.0,645.0
216,20250311,0,536.0,420.0,457.0,623.0,452.0,565.0,473.0,738.0,466.0,545.0,551.0,639.0,85.0,661.0,498.0,679.0,475.0,408.0,530.0
217,20250428,0,510.0,409.0,433.0,521.0,389.0,527.0,436.0,368.0,406.0,528.0,540.0,687.0,495.0,663.0,486.0,560.0,564.0,470.0,646.0
218,20250710,0,518.0,430.0,544.0,491.0,388.0,461.0,520.0,716.0,432.0,536.0,542.0,665.0,315.0,679.0,511.0,654.0,595.0,507.0,645.0
219,20251027,0,490.0,393.0,408.0,408.0,329.0,350.0,416.0,392.0,443.0,433.0,590.0,681.0,903.0,698.0,469.0,565.0,544.0,519.0,601.0
220,20250916,0,508.0,357.0,436.0,300.0,354.0,300.0,427.0,632.0,494.0,461.0,609.0,645.0,993.0,719.0,449.0,624.0,619.0,604.0,628.0
221,20250820,0,503.0,413.0,433.0,634.0,372.0,460.0,470.0,490.0,363.0,470.0,528.0,685.0,775.0,690.0,478.0,614.0,591.0,521.0,611.0
222,20250926,0,500.0,424.0,485.0,484.0,368.0,473.0,467.0,485.0,409.0,471.0,561.0,646.0,546.0,686.0,488.0,643.0,588.0,489.0,645.0
223,20250529,0,539.0,415.0,491.0,551.0,400.0,483.0,455.0,580.0,609.0,546.0,511.0,610.0,815.0,671.0,453.0,590.0,564.0,523.0,643.0
224,20250508,0,525.0,422.0,391.0,434.0,373.0,547.0,411.0,513.0,421.0,525.0,583.0,680.0,649.0,672.0,500.0,541.0,590.0,461.0,645.0
225,20251029,0,521.0,428.0,448.0,520.0,361.0,439.0,467.0,660.0,339.0,498.0,558.0,691.0,914.0,692.0,472.0,636.0,592.0,588.0,611.0
226,20250811,0,519.0,409.0,457.0,439.0,334.0,374.0,441.0,510.0,435.0,484.0,573.0,657.0,959.0,696.0,449.0,597.0,660.0,582.0,636.0
227,20250921,0,504.0,372.0,436.0,303.0,335.0,306.0,409.0,467.0,421.0,456.0,605.0,669.0,935.0,717.0,459.0,575.0,614.0,583.0,595.0
228,20250904,0,498.0,442.0,321.0,475.0,350.0,477.0,400.0,430.0,458.0,509.0,584.0,700.0,547.0,678.0,500.0,544.0,574.0,460.0,644.0
229,20250902,0,476.0,365.0,301.0,348.0,360.0,366.0,406.0,381.0,434.0,457.0,592.0,688.0,917.0,686.0,457.0,522.0,523.0,525.0,580.0
230,20250411,0,478.0,378.0,457.0,398.0,358.0,378.0,415.0,460.0,555.0,472.0,579.0,590.0,962.0,700.0,471.0,549.0,619.0,583.0,612.0
231,20250416,0,497.0,393.0,491.0,474.0,363.0,430.0,452.0,397.0,455.0,441.0,539.0,667.0,943.0,694.0,454.0,584.0,595.0,548.0,643.0
232,20250925,0,493.0,430.0,334.0,437.0,369.0,444.0,416.0,575.0,412.0,462.0,584.0,692.0,630.0,693.0,486.0,590.0,531.0,534.0,569.0
233,20250401,0,497.0,352.0,349.0,312.0,326.0,310.0,362.0,393.0,540.0,420.0,622.0,700.0,983.0,700.0,438.0,485.0,546.0,536.0,604.0
234,20250817,0,555.0,434.0,436.0,507.0,358.0,466.0,473.0,515.0,261.0,521.0,556.0,685.0,616.0,664.0,459.0,582.0,638.0,542.0,645.0
235,20250530,0,467.0,352.0,301.0,304.0,335.0,300.0,352.0,416.0,494.0,315.0,665.0,647.0,992.0,731.0,447.0,461.0,629.0,621.0,645.0
236,20250715,0,539.0,449.0,451.0,554.0,425.0,485.0,483.0,596.0,549.0,560.0,546.0,649.0,893.0,670.0,465.0,644.0,608.0,541.0,633.0
237,20250318,0,518.0,413.0,388.0,361.0,357.0,366.0,424.0,461.0,468.0,503.0,596.0,598.0,573.0,689.0,475.0,603.0,589.0,559.0,614.0
238,20250706,0,504.0,360.0,376.0,391.0,325.0,376.0,411.0,351.0,507.0,454.0,582.0,686.0,959.0,689.0,440.0,531.0,622.0,533.0,653.0
239,20250307,0,502.0,375.0,322.0,403.0,360.0,442.0,411.0,447.0,516.0,498.0,579.0,626.0,836.0,688.0,456.0,526.0,656.0,527.0,636.0
240,20250823,0,534.0,421.0,439.0,527.0,360.0,450.0,452.0,541.0,427.0,550.0,552.0,670.0,558.0,672.0,485.0,613.0,567.0,482.0,633.0
241,20250311,0,579.0,483.0,560.0,540.0,505.0,505.0,503.0,671.0,514.0,588.0,472.0,572.0,192.0,655.0,494.0,620.0,621.0,483.0,642.0
242,20250815,0,519.0,411.0,321.0,438.0,335.0,499.0,389.0,357.0,291.0,529.0,587.0,679.0,484.0,676.0,496.0,489.0,563.0,468.0,645.0
243,20250705,0,527.0,402.0,516.0,477.0,382.0,554.0,444.0,524.0,442.0,521.0,568.0,691.0,501.0,675.0,494.0,603.0,602.0,475.0,637.0
244,20250316,0,507.0,416.0,321.0,420.0,377.0,417.0,398.0,553.0,419.0,498.0,576.0,654.0,622.0,698.0,482.0,595.0,451.0,465.0,556.0
245,20250723,0,542.0,412.0,442.0,530.0,391.0,512.0,464.0,585.0,509.0,595.0,558.0,626.0,368.0,666.0,492.0,630.0,568.0,480.0,642.0
246,20250519,0,474.0,397.0,457.0,384.0,332.0,351.0,427.0,481.0,678.0,478.0,586.0,621.0,921.0,705.0,441.0,606.0,600.0,600.0,640.0
247,20251104,0,491.0,435.0,448.0,458.0,343.0,382.0,441.0,623.0,448.0,443.0,566.0,684.0,838.0,691.0,448.0,636.0,603.0,553.0,631.0
248,20251027,0,549.0,422.0,321.0,493.0,396.0,513.0,428.0,443.0,369.0,523.0,571.0,595.0,182.0,680.0,507.0,521.0,520.0,485.0,600.0
249,20250602,0,521.0,402.0,350.0,407.0,347.0,486.0,392.0,491.0,381.0,488.0,583.0,679.0,765.0,682.0,489.0,534.0,623.0,501.0,623.0
250,20251030,0,530.0,392.0,448.0,470.0,350.0,416.0,437.0,380.0,426.0,473.0,548.0,683.0,949.0,703.0,469.0,557.0,614.0,587.0,637.0
251,20250822,0,513.0,430.0,473.0,480.0,384.0,415.0,474.0,633.0,541.0,485.0,535.0,652.0,616.0,687.0,476.0,599.0,623.0,533.0,634.0
252,20251111,0,529.0,436.0,457.0,392.0,366.0,397.0,455.0,683.0,483.0,501.0,577.0,671.0,931.0,694.0,460.0,591.0,531.0,527.0,570.0
253,20250707,0,546.0,429.0,502.0,474.0,393.0,516.0,449.0,542.0,365.0,580.0,545.0,658.0,330.0,670.0,500.0,581.0,567.0,500.0,630.0
254,20251104,0,502.0,399.0,448.0,522.0,339.0,438.0,448.0,452.0,380.0,469.0,579.0,679.0,813.0,688.0,477.0,598.0,587.0,497.0,645.0
255,20250708,0,515.0,391.0,491.0,469.0,398.0,424.0,463.0,562.0,549.0,494.0,517.0,615.0,494.0,688.0,450.0,571.0,606.0,554.0,645.0
256,20251030,0,564.0,424.0,454.0,394.0,406.0,344.0,430.0,416.0,464.0,468.0,582.0,300.0,949.0,691.0,472.0,471.0,626.0,591.0,628.0
257,20250311,0,498.0,387.0,457.0,386.0,363.0,361.0,422.0,577.0,572.0,475.0,585.0,580.0,885.0,697.0,444.0,589.0,669.0,591.0,638.0
258,20250607,0,518.0,418.0,322.0,482.0,375.0,513.0,422.0,559.0,431.0,532.0,555.0,680.0,704.0,667.0,485.0,557.0,563.0,476.0,647.0
259,20250606,0,523.0,434.0,487.0,507.0,373.0,488.0,460.0,666.0,379.0,506.0,588.0,690.0,651.0,678.0,478.0,678.0,514.0,488.0,643.0
260,20250313,0,548.0,435.0,524.0,536.0,407.0,551.0,465.0,608.0,415.0,550.0,554.0,625.0,510.0,654.0,488.0,619.0,459.0,442.0,551.0
261,20250428,0,506.0,647.0,356.0,466.0,457.0,617.0,634.0,415.0,152.0,567.0,369.0,700.0,11.0,642.0,506.0,624.0,523.0,397.0,633.0
262,20250428,0,510.0,390.0,368.0,507.0,406.0,568.0,424.0,238.0,371.0,530.0,519.0,700.0,216.0,675.0,478.0,553.0,621.0,482.0,616.0
263,20251109,0,511.0,384.0,349.0,300.0,336.0,321.0,423.0,404.0,459.0,477.0,617.0,680.0,958.0,704.0,443.0,436.0,646.0,577.0,631.0
264,20251109,0,505.0,405.0,412.0,398.0,323.0,407.0,415.0,420.0,449.0,493.0,583.0,689.0,838.0,681.0,477.0,564.0,579.0,497.0,646.0
265,20250927,0,485.0,364.0,334.0,397.0,340.0,354.0,363.0,226.0,373.0,444.0,577.0,649.0,922.0,698.0,432.0,440.0,639.0,557.0,653.0
266,20250703,0,514.0,369.0,322.0,509.0,394.0,554.0,408.0,522.0,475.0,508.0,563.0,683.0,568.0,680.0,494.0,579.0,602.0,467.0,643.0
267,20250505,0,509.0,456.0,352.0,461.0,424.0,565.0,423.0,523.0,221.0,522.0,568.0,666.0,633.0,678.0,504.0,508.0,583.0,511.0,583.0
268,20250325,0,554.0,448.0,451.0,480.0,441.0,597.0,444.0,587.0,423.0,563.0,537.0,640.0,444.0,651.0,512.0,596.0,519.0,440.0,632.0
269,20251029,0,457.0,353.0,426.0,311.0,327.0,302.0,345.0,492.0,364.0,409.0,624.0,692.0,954.0,702.0,443.0,539.0,585.0,598.0,644.0
270,20250403,0,549.0,413.0,414.0,502.0,403.0,535.0,490.0,681.0,400.0,586.0,532.0,673.0,551.0,656.0,486.0,622.0,559.0,483.0,627.0
271,20250610,0,535.0,383.0,448.0,524.0,386.0,519.0,437.0,458.0,505.0,525.0,557.0,689.0,698.0,668.0,484.0,546.0,589.0,469.0,645.0
272,20250924,0,514.0,405.0,421.0,464.0,337.0,400.0,456.0,588.0,410.0,455.0,567.0,669.0,867.0,690.0,430.0,632.0,598.0,562.0,642.0
273,20250830,0,510.0,411.0,400.0,487.0,398.0,457.0,432.0,409.0,395.0,515.0,566.0,687.0,519.0,675.0,488.0,547.0,563.0,494.0,643.0
274,20250308,0,543.0,465.0,321.0,398.0,375.0,493.0,449.0,518.0,250.0,577.0,581.0,665.0,398.0,684.0,504.0,542.0,555.0,485.0,618.0
275,20251019,0,529.0,454.0,519.0,519.0,408.0,556.0,492.0,662.0,377.0,532.0,520.0,634.0,225.0,665.0,490.0,660.0,563.0,459.0,640.0
276,20251015,0,489.0,624.0,368.0,526.0,516.0,631.0,544.0,540.0,270.0,494.0,436.0,700.0,19.0,667.0,495.0,632.0,525.0,353.0,633.0
277,20250803,0,540.0,472.0,491.0,541.0,383.0,476.0,512.0,574.0,351.0,548.0,542.0,635.0,555.0,675.0,469.0,640.0,637.0,559.0,641.0
278,20250830,0,537.0,447.0,321.0,468.0,413.0,577.0,412.0,482.0,344.0,520.0,545.0,700.0,667.0,663.0,458.0,519.0,593.0,497.0,627.0
279,20250501,0,519.0,369.0,457.0,461.0,385.0,437.0,466.0,457.0,480.0,491.0,565.0,594.0,848.0,686.0,467.0,587.0,607.0,601.0,555.0
280,20250528,0,509.0,355.0,457.0,454.0,370.0,380.0,419.0,478.0,576.0,489.0,567.0,556.0,868.0,694.0,444.0,599.0,605.0,597.0,640.0
281,20250828,0,517.0,398.0,322.0,491.0,367.0,479.0,385.0,381.0,422.0,516.0,573.0,700.0,822.0,667.0,472.0,539.0,548.0,492.0,647.0
282,20250315,0,542.0,430.0,351.0,516.0,404.0,587.0,434.0,500.0,299.0,584.0,558.0,646.0,309.0,662.0,508.0,567.0,588.0,489.0,654.0
283,20251115,0,527.0,445.0,550.0,529.0,401.0,550.0,479.0,721.0,356.0,518.0,531.0,689.0,463.0,662.0,505.0,652.0,480.0,436.0,556.0
284,20250517,0,548.0,433.0,350.0,519.0,429.0,593.0,423.0,635.0,382.0,546.0,547.0,684.0,460.0,652.0,500.0,552.0,555.0,455.0,620.0
285,20250516,0,555.0,425.0,457.0,474.0,393.0,402.0,450.0,469.0,358.0,583.0,553.0,666.0,726.0,683.0,493.0,608.0,551.0,530.0,628.0
286,20251027,0,488.0,418.0,312.0,334.0,325.0,357.0,402.0,439.0,376.0,439.0,595.0,700.0,921.0,696.0,466.0,534.0,499.0,528.0,535.0
287,20251001,0,531.0,413.0,461.0,515.0,374.0,587.0,451.0,563.0,379.0,574.0,563.0,678.0,354.0,653.0,512.0,603.0,549.0,472.0,647.0
288,20251014,0,662.0,513.0,530.0,540.0,421.0,509.0,506.0,691.0,493.0,559.0,519.0,637.0,192.0,676.0,495.0,691.0,433.0,585.0,489.0
289,20250820,0,501.0,389.0,312.0,438.0,353.0,457.0,398.0,356.0,456.0,495.0,590.0,682.0,759.0,694.0,484.0,516.0,576.0,509.0,614.0
290,20250923,0,485.0,342.0,301.0,307.0,311.0,310.0,371.0,393.0,494.0,434.0,632.0,693.0,971.0,696.0,464.0,470.0,601.0,550.0,633.0
291,20250724,0,500.0,378.0,428.0,566.0,339.0,385.0,446.0,436.0,398.0,444.0,574.0,675.0,698.0,690.0,486.0,614.0,629.0,497.0,615.0
292,20250908,0,522.0,333.0,408.0,307.0,333.0,300.0,367.0,347.0,366.0,464.0,611.0,675.0,863.0,704.0,441.0,469.0,613.0,613.0,644.0
293,20250911,0,521.0,429.0,491.0,529.0,420.0,458.0,442.0,547.0,476.0,479.0,537.0,644.0,856.0,691.0,474.0,636.0,599.0,533.0,617.0
294,20250412,0,542.0,422.0,415.0,521.0,391.0,485.0,461.0,502.0,327.0,549.0,557.0,648.0,784.0,677.0,502.0,550.0,609.0,501.0,646.0
295,20250527,0,492.0,424.0,301.0,328.0,342.0,408.0,406.0,466.0,372.0,476.0,601.0,684.0,884.0,688.0,460.0,558.0,565.0,539.0,627.0
296,20250410,0,525.0,427.0,491.0,485.0,428.0,467.0,460.0,574.0,474.0,544.0,512.0,634.0,463.0,670.0,469.0,624.0,588.0,524.0,534.0
297,20250430,0,449.0,377.0,436.0,303.0,326.0,317.0,400.0,458.0,540.0,414.0,612.0,631.0,993.0,721.0,421.0,580.0,669.0,577.0,632.0
298,20250515,0,491.0,395.0,423.0,389.0,341.0,369.0,421.0,372.0,404.0,472.0,588.0,681.0,935.0,701.0,453.0,615.0,624.0,573.0,630.0
299,20250501,0,462.0,433.0,478.0,470.0,409.0,389.0,462.0,661.0,632.0,471.0,550.0,581.0,666.0,717.0,453.0,650.0,407.0,568.0,475.0
300,20251019,0,568.0,436.0,354.0,378.0,446.0,404.0,451.0,373.0,461.0,563.0,594.0,543.0,54.0,693.0,517.0,493.0,430.0,506.0,547.0
301,20250517,0,529.0,415.0,491.0,627.0,417.0,418.0,438.0,582.0,528.0,535.0,533.0,565.0,537.0,676.0,470.0,595.0,591.0,524.0,622.0
302,20250827,0,533.0,399.0,438.0,406.0,376.0,439.0,427.0,468.0,387.0,505.0,586.0,686.0,788.0,672.0,455.0,601.0,613.0,564.0,642.0
303,20251003,0,493.0,416.0,341.0,335.0,357.0,404.0,435.0,314.0,366.0,458.0,596.0,700.0,924.0,689.0,447.0,541.0,587.0,540.0,635.0
304,20250907,0,490.0,347.0,418.0,307.0,335.0,300.0,395.0,513.0,529.0,449.0,607.0,656.0,992.0,731.0,448.0,593.0,585.0,581.0,574.0
305,20250921,0,534.0,420.0,468.0,523.0,400.0,564.0,462.0,644.0,513.0,533.0,552.0,684.0,475.0,662.0,488.0,613.0,549.0,490.0,593.0
306,20251030,0,523.0,377.0,311.0,311.0,313.0,314.0,393.0,371.0,524.0,472.0,625.0,684.0,954.0,702.0,502.0,475.0,596.0,484.0,653.0
307,20250604,0,519.0,392.0,349.0,393.0,367.0,493.0,408.0,609.0,498.0,502.0,591.0,700.0,400.0,680.0,479.0,643.0,572.0,473.0,602.0
308,20250823,0,517.0,417.0,321.0,443.0,349.0,446.0,412.0,360.0,369.0,477.0,575.0,700.0,782.0,687.0,455.0,516.0,597.0,529.0,642.0
309,20250920,0,535.0,470.0,478.0,523.0,385.0,407.0,464.0,394.0,465.0,513.0,546.0,643.0,865.0,690.0,464.0,632.0,547.0,577.0,586.0
310,20251014,0,505.0,394.0,354.0,356.0,338.0,375.0,430.0,416.0,246.0,472.0,591.0,700.0,947.0,682.0,478.0,495.0,577.0,523.0,650.0
311,20250519,0,528.0,419.0,429.0,438.0,359.0,347.0,442.0,477.0,497.0,463.0,580.0,657.0,813.0,694.0,476.0,568.0,572.0,524.0,608.0
312,20250919,0,484.0,400.0,364.0,303.0,345.0,310.0,399.0,337.0,464.0,459.0,609.0,592.0,992.0,726.0,437.0,533.0,643.0,576.0,648.0
313,20250709,0,495.0,401.0,402.0,369.0,345.0,396.0,412.0,535.0,403.0,460.0,597.0,679.0,801.0,687.0,480.0,590.0,593.0,515.0,646.0
314,20250411,0,500.0,414.0,388.0,341.0,402.0,347.0,449.0,394.0,481.0,536.0,593.0,576.0,906.0,717.0,480.0,527.0,631.0,570.0,639.0
315,20250426,0,485.0,376.0,378.0,324.0,342.0,360.0,391.0,354.0,543.0,436.0,601.0,659.0,940.0,695.0,481.0,565.0,541.0,591.0,584.0
316,20250608,0,553.0,408.0,456.0,474.0,358.0,439.0,455.0,642.0,603.0,531.0,563.0,641.0,833.0,682.0,442.0,636.0,601.0,573.0,654.0
317,20250531,0,513.0,392.0,457.0,481.0,376.0,401.0,440.0,552.0,551.0,498.0,546.0,630.0,853.0,689.0,436.0,592.0,616.0,548.0,643.0
318,20250930,0,500.0,396.0,446.0,455.0,336.0,390.0,447.0,366.0,448.0,481.0,568.0,630.0,884.0,687.0,431.0,578.0,599.0,537.0,653.0
319,20250927,0,489.0,418.0,478.0,411.0,369.0,344.0,436.0,515.0,577.0,457.0,577.0,628.0,701.0,707.0,455.0,647.0,476.0,498.0,536.0
320,20250910,0,517.0,352.0,408.0,300.0,345.0,333.0,399.0,510.0,535.0,436.0,614.0,690.0,950.0,700.0,457.0,592.0,626.0,571.0,624.0
321,20250619,0,533.0,394.0,491.0,464.0,373.0,418.0,461.0,547.0,448.0,486.0,538.0,631.0,931.0,687.0,468.0,593.0,612.0,587.0,653.0
322,20251027,0,491.0,426.0,301.0,438.0,348.0,447.0,409.0,356.0,402.0,479.0,589.0,676.0,561.0,693.0,480.0,527.0,578.0,508.0,634.0
323,20251112,0,518.0,451.0,490.0,469.0,392.0,408.0,478.0,652.0,468.0,526.0,564.0,629.0,376.0,687.0,521.0,666.0,335.0,476.0,463.0
324,20250610,0,491.0,382.0,384.0,385.0,330.0,379.0,411.0,412.0,415.0,444.0,588.0,676.0,929.0,699.0,432.0,563.0,614.0,548.0,644.0
325,20251012,0,501.0,388.0,301.0,354.0,338.0,425.0,402.0,422.0,449.0,471.0,593.0,693.0,730.0,689.0,480.0,541.0,587.0,484.0,666.0
326,20250904,0,503.0,423.0,388.0,440.0,345.0,391.0,425.0,359.0,437.0,476.0,589.0,612.0,724.0,693.0,484.0,587.0,568.0,535.0,597.0
327,20251104,0,511.0,428.0,526.0,478.0,346.0,415.0,464.0,597.0,511.0,487.0,552.0,673.0,956.0,678.0,468.0,615.0,615.0,540.0,629.0
328,20250314,0,519.0,404.0,457.0,592.0,423.0,550.0,463.0,503.0,444.0,551.0,548.0,647.0,382.0,673.0,490.0,641.0,564.0,455.0,645.0
329,20251101,0,531.0,435.0,379.0,497.0,433.0,552.0,431.0,466.0,259.0,519.0,563.0,700.0,518.0,661.0,465.0,522.0,565.0,490.0,616.0
330,20250523,0,502.0,412.0,334.0,507.0,389.0,511.0,433.0,391.0,270.0,487.0,550.0,700.0,810.0,678.0,481.0,540.0,531.0,454.0,642.0
331,20250509,0,528.0,430.0,448.0,525.0,425.0,562.0,449.0,487.0,408.0,530.0,532.0,689.0,409.0,660.0,502.0,579.0,590.0,464.0,632.0
332,20250804,0,530.0,358.0,457.0,384.0,318.0,344.0,423.0,362.0,462.0,417.0,587.0,666.0,974.0,702.0,448.0,601.0,680.0,597.0,642.0
333,20250704,0,509.0,435.0,560.0,469.0,401.0,407.0,464.0,393.0,490.0,486.0,534.0,631.0,911.0,690.0,441.0,583.0,574.0,543.0,612.0
334,20250919,0,519.0,417.0,445.0,486.0,349.0,485.0,438.0,547.0,444.0,529.0,575.0,695.0,785.0,670.0,495.0,615.0,568.0,465.0,647.0
335,20251107,0,516.0,399.0,395.0,364.0,307.0,303.0,409.0,463.0,401.0,475.0,606.0,689.0,934.0,699.0,477.0,560.0,588.0,552.0,624.0
336,20250318,0,498.0,394.0,321.0,496.0,362.0,491.0,387.0,339.0,508.0,520.0,575.0,700.0,834.0,681.0,457.0,525.0,547.0,446.0,640.0
337,20250620,0,507.0,373.0,301.0,360.0,322.0,345.0,396.0,350.0,520.0,450.0,606.0,638.0,846.0,702.0,470.0,511.0,510.0,486.0,586.0
338,20251108,0,513.0,409.0,475.0,647.0,387.0,489.0,458.0,540.0,348.0,516.0,537.0,694.0,870.0,666.0,488.0,595.0,574.0,500.0,645.0
339,20250420,0,561.0,475.0,532.0,563.0,496.0,557.0,514.0,539.0,295.0,606.0,544.0,666.0,432.0,650.0,483.0,676.0,590.0,515.0,601.0
340,20251022,0,558.0,430.0,485.0,643.0,408.0,558.0,481.0,706.0,561.0,577.0,507.0,645.0,181.0,661.0,533.0,610.0,547.0,475.0,646.0
341,20250630,0,501.0,393.0,457.0,449.0,357.0,346.0,445.0,388.0,435.0,415.0,572.0,606.0,989.0,725.0,439.0,565.0,644.0,576.0,620.0
342,20250720,0,537.0,434.0,448.0,567.0,380.0,508.0,464.0,659.0,387.0,544.0,574.0,696.0,341.0,661.0,503.0,668.0,562.0,431.0,589.0
343,20250528,0,512.0,416.0,322.0,440.0,366.0,542.0,395.0,404.0,338.0,536.0,585.0,700.0,458.0,669.0,482.0,510.0,591.0,487.0,654.0
344,20250618,0,517.0,381.0,485.0,517.0,374.0,542.0,424.0,605.0,593.0,527.0,562.0,671.0,856.0,666.0,488.0,580.0,583.0,461.0,648.0
345,20250606,0,492.0,405.0,352.0,443.0,366.0,442.0,406.0,483.0,414.0,471.0,577.0,675.0,749.0,691.0,476.0,547.0,536.0,462.0,627.0
346,20251026,0,511.0,418.0,455.0,521.0,359.0,420.0,447.0,456.0,268.0,466.0,564.0,668.0,756.0,685.0,477.0,559.0,597.0,475.0,643.0
347,20250907,0,504.0,440.0,436.0,401.0,333.0,351.0,439.0,535.0,525.0,470.0,594.0,648.0,936.0,708.0,458.0,608.0,526.0,539.0,578.0
348,20251112,0,484.0,355.0,428.0,313.0,355.0,317.0,394.0,457.0,326.0,375.0,626.0,695.0,958.0,711.0,447.0,475.0,507.0,660.0,512.0
349,20250827,0,522.0,430.0,334.0,500.0,404.0,573.0,443.0,485.0,387.0,505.0,570.0,688.0,448.0,679.0,499.0,583.0,555.0,499.0,613.0
350,20250902,0,498.0,418.0,350.0,512.0,429.0,592.0,416.0,492.0,392.0,509.0,556.0,700.0,272.0,678.0,502.0,564.0,564.0,458.0,550.0
351,20250815,0,491.0,394.0,436.0,323.0,343.0,338.0,434.0,549.0,504.0,474.0,601.0,635.0,550.0,695.0,478.0,640.0,448.0,543.0,556.0
352,20251101,0,487.0,378.0,301.0,315.0,342.0,350.0,385.0,427.0,430.0,454.0,608.0,700.0,932.0,692.0,478.0,489.0,525.0,469.0,556.0
353,20250907,0,535.0,437.0,430.0,537.0,378.0,556.0,467.0,646.0,345.0,542.0,554.0,691.0,477.0,669.0,492.0,596.0,571.0,473.0,652.0
354,20250428,0,512.0,435.0,362.0,480.0,411.0,591.0,423.0,737.0,427.0,491.0,557.0,673.0,267.0,688.0,500.0,624.0,491.0,400.0,507.0
355,20250609,0,529.0,389.0,426.0,383.0,331.0,376.0,421.0,422.0,468.0,498.0,588.0,656.0,964.0,686.0,441.0,581.0,619.0,570.0,641.0
356,20250602,0,497.0,375.0,370.0,360.0,344.0,356.0,367.0,485.0,503.0,486.0,614.0,676.0,805.0,683.0,466.0,543.0,571.0,498.0,644.0
357,20251118,0,508.0,389.0,435.0,399.0,332.0,374.0,436.0,418.0,377.0,481.0,579.0,679.0,834.0,695.0,490.0,515.0,597.0,555.0,592.0
358,20250907,0,493.0,362.0,372.0,304.0,325.0,317.0,374.0,452.0,470.0,425.0,617.0,687.0,977.0,716.0,430.0,512.0,618.0,556.0,587.0
359,20250401,0,512.0,428.0,301.0,351.0,347.0,416.0,424.0,497.0,414.0,467.0,593.0,638.0,765.0,689.0,463.0,564.0,637.0,544.0,620.0
360,20251012,0,522.0,402.0,482.0,500.0,375.0,492.0,450.0,545.0,439.0,540.0,527.0,691.0,844.0,663.0,485.0,589.0,571.0,473.0,645.0
361,20251012,0,515.0,434.0,350.0,444.0,352.0,536.0,410.0,491.0,391.0,520.0,582.0,678.0,711.0,676.0,495.0,527.0,572.0,475.0,649.0
362,20250614,0,550.0,409.0,321.0,442.0,380.0,515.0,421.0,618.0,461.0,535.0,580.0,649.0,312.0,664.0,496.0,554.0,521.0,442.0,571.0
363,20250320,0,503.0,420.0,436.0,395.0,378.0,361.0,422.0,631.0,559.0,473.0,590.0,577.0,765.0,703.0,448.0,655.0,574.0,603.0,618.0
364,20250428,0,490.0,363.0,331.0,356.0,379.0,427.0,382.0,554.0,491.0,466.0,606.0,678.0,484.0,691.0,492.0,564.0,564.0,446.0,573.0
365,20251014,0,510.0,445.0,446.0,519.0,419.0,486.0,464.0,538.0,401.0,508.0,559.0,663.0,705.0,677.0,498.0,605.0,577.0,547.0,612.0
366,20250803,0,517.0,476.0,406.0,556.0,489.0,580.0,486.0,526.0,232.0,502.0,544.0,570.0,469.0,660.0,504.0,582.0,515.0,445.0,636.0
367,20250313,0,546.0,418.0,368.0,482.0,408.0,561.0,396.0,307.0,439.0,562.0,512.0,655.0,785.0,661.0,494.0,511.0,575.0,476.0,645.0
368,20250828,0,516.0,426.0,334.0,473.0,356.0,452.0,406.0,343.0,402.0,499.0,556.0,659.0,944.0,676.0,457.0,576.0,617.0,553.0,650.0
369,20250621,0,510.0,424.0,406.0,480.0,374.0,524.0,466.0,494.0,307.0,528.0,553.0,688.0,524.0,666.0,488.0,563.0,549.0,482.0,615.0
370,20250528,0,494.0,439.0,334.0,483.0,359.0,391.0,446.0,507.0,389.0,474.0,575.0,688.0,707.0,685.0,443.0,563.0,627.0,578.0,641.0
371,20251113,0,486.0,371.0,301.0,312.0,333.0,318.0,374.0,555.0,498.0,444.0,630.0,700.0,685.0,699.0,467.0,650.0,503.0,506.0,553.0
372,20251005,0,557.0,449.0,454.0,399.0,366.0,408.0,475.0,389.0,351.0,599.0,581.0,655.0,307.0,678.0,514.0,558.0,557.0,553.0,574.0
373,20250704,0,504.0,396.0,457.0,532.0,373.0,434.0,452.0,453.0,359.0,482.0,559.0,658.0,764.0,686.0,461.0,628.0,535.0,522.0,609.0
374,20250803,0,516.0,441.0,457.0,534.0,368.0,406.0,474.0,495.0,351.0,506.0,550.0,617.0,864.0,682.0,459.0,675.0,634.0,590.0,657.0
375,20250425,0,497.0,425.0,475.0,321.0,320.0,347.0,431.0,522.0,479.0,470.0,596.0,607.0,962.0,696.0,442.0,632.0,642.0,594.0,638.0
376,20250428,0,530.0,389.0,331.0,381.0,335.0,367.0,419.0,409.0,418.0,464.0,586.0,619.0,949.0,698.0,464.0,486.0,616.0,579.0,647.0
377,20250407,0,497.0,414.0,418.0,446.0,343.0,368.0,437.0,398.0,443.0,509.0,588.0,646.0,831.0,692.0,483.0,595.0,589.0,524.0,608.0
378,20250318,0,528.0,440.0,436.0,391.0,338.0,361.0,442.0,590.0,317.0,488.0,590.0,631.0,980.0,699.0,447.0,706.0,635.0,570.0,619.0
379,20250303,0,531.0,411.0,330.0,378.0,380.0,471.0,440.0,491.0,464.0,531.0,594.0,631.0,589.0,677.0,506.0,532.0,548.0,470.0,626.0
380,20250410,0,520.0,417.0,433.0,476.0,353.0,441.0,458.0,566.0,523.0,498.0,560.0,577.0,832.0,694.0,480.0,616.0,611.0,500.0,632.0
381,20251101,0,521.0,416.0,429.0,478.0,332.0,429.0,445.0,484.0,381.0,499.0,565.0,666.0,883.0,678.0,446.0,571.0,579.0,540.0,645.0
382,20250529,0,475.0,381.0,301.0,318.0,332.0,399.0,387.0,481.0,426.0,439.0,615.0,683.0,867.0,695.0,458.0,538.0,592.0,546.0,626.0
383,20250505,0,536.0,464.0,468.0,561.0,440.0,664.0,473.0,724.0,474.0,542.0,518.0,677.0,216.0,658.0,488.0,651.0,541.0,445.0,616.0
384,20250518,0,519.0,413.0,468.0,387.0,388.0,344.0,451.0,570.0,709.0,397.0,590.0,530.0,936.0,710.0,465.0,623.0,389.0,633.0,472.0
385,20250313,0,509.0,436.0,496.0,550.0,412.0,411.0,466.0,542.0,403.0,499.0,573.0,651.0,474.0,684.0,493.0,613.0,589.0,504.0,635.0
386,20250524,0,499.0,421.0,356.0,466.0,407.0,527.0,419.0,433.0,355.0,517.0,543.0,700.0,164.0,656.0,485.0,547.0,520.0,411.0,639.0
387,20251110,0,525.0,415.0,503.0,489.0,337.0,407.0,469.0,734.0,402.0,477.0,566.0,665.0,909.0,700.0,444.0,652.0,606.0,564.0,631.0
388,20250924,0,489.0,400.0,388.0,321.0,315.0,358.0,394.0,410.0,498.0,459.0,606.0,665.0,825.0,687.0,470.0,550.0,593.0,512.0,649.0
389,20251103,0,548.0,448.0,490.0,465.0,497.0,434.0,485.0,520.0,430.0,529.0,565.0,522.0,357.0,687.0,513.0,632.0,357.0,501.0,506.0
390,20250612,0,535.0,432.0,458.0,517.0,421.0,583.0,450.0,504.0,394.0,540.0,535.0,684.0,420.0,665.0,490.0,589.0,533.0,462.0,562.0
391,20251008,0,515.0,419.0,421.0,474.0,400.0,577.0,419.0,373.0,409.0,528.0,554.0,700.0,603.0,680.0,493.0,569.0,587.0,499.0,624.0
392,20251018,0,467.0,444.0,491.0,511.0,384.0,466.0,470.0,582.0,409.0,421.0,544.0,674.0,816.0,689.0,474.0,585.0,616.0,541.0,631.0
393,20250411,0,480.0,384.0,457.0,391.0,345.0,361.0,419.0,513.0,582.0,429.0,578.0,613.0,899.0,703.0,442.0,595.0,661.0,565.0,650.0
394,20251004,0,517.0,441.0,475.0,402.0,324.0,383.0,443.0,536.0,483.0,482.0,589.0,680.0,759.0,692.0,482.0,651.0,518.0,520.0,582.0
395,20250306,0,521.0,408.0,432.0,449.0,396.0,425.0,445.0,653.0,440.0,502.0,581.0,666.0,260.0,691.0,501.0,614.0,552.0,505.0,582.0
396,20250806,0,516.0,471.0,544.0,523.0,378.0,422.0,475.0,586.0,542.0,535.0,544.0,631.0,836.0,683.0,439.0,640.0,599.0,556.0,622.0
397,20250418,0,531.0,410.0,457.0,612.0,380.0,462.0,460.0,660.0,395.0,484.0,556.0,672.0,752.0,679.0,481.0,653.0,600.0,505.0,644.0
398,20251001,0,473.0,376.0,311.0,322.0,321.0,354.0,409.0,401.0,440.0,445.0,604.0,674.0,852.0,688.0,453.0,507.0,620.0,527.0,645.0
399,20250418,0,521.0,461.0,334.0,509.0,388.0,521.0,443.0,539.0,375.0,479.0,567.0,663.0,548.0,695.0,495.0,608.0,546.0,513.0,581.0
400,20251024,0,512.0,474.0,495.0,468.0,399.0,454.0,473.0,573.0,412.0,470.0,568.0,642.0,717.0,685.0,504.0,628.0,624.0,518.0,643.0
401,20251108,0,,,,,,,,,,,,,,,,,,,
402,20251024,0,517.0,442.0,329.0,446.0,360.0,524.0,378.0,418.0,352.0,490.0,589.0,700.0,585.0,682.0,487.0,540.0,569.0,507.0,630.0
403,20251110,0,490.0,357.0,301.0,312.0,307.0,310.0,379.0,452.0,504.0,448.0,617.0,691.0,971.0,703.0,464.0,487.0,608.0,556.0,644.0
404,20250918,0,509.0,415.0,322.0,516.0,375.0,518.0,392.0,358.0,428.0,506.0,551.0,700.0,741.0,676.0,488.0,522.0,555.0,419.0,641.0
405,20250820,0,519.0,395.0,478.0,394.0,342.0,361.0,437.0,440.0,388.0,473.0,582.0,666.0,938.0,697.0,445.0,541.0,630.0,588.0,631.0
406,20250429,0,513.0,391.0,376.0,385.0,333.0,344.0,428.0,514.0,436.0,475.0,585.0,671.0,917.0,695.0,461.0,555.0,635.0,568.0,634.0
407,20251009,0,525.0,404.0,352.0,442.0,367.0,541.0,430.0,420.0,441.0,519.0,579.0,687.0,493.0,677.0,484.0,542.0,567.0,440.0,646.0
408,20250412,0,488.0,447.0,496.0,565.0,355.0,431.0,469.0,529.0,445.0,504.0,559.0,592.0,527.0,692.0,475.0,636.0,535.0,487.0,570.0
409,20250830,0,514.0,409.0,301.0,369.0,334.0,494.0,390.0,348.0,422.0,508.0,595.0,700.0,507.0,678.0,484.0,509.0,575.0,457.0,644.0
410,20250318,0,497.0,445.0,301.0,323.0,364.0,396.0,404.0,532.0,334.0,458.0,599.0,665.0,773.0,687.0,487.0,537.0,620.0,508.0,649.0
411,20250423,0,500.0,430.0,457.0,507.0,403.0,410.0,439.0,624.0,640.0,459.0,549.0,615.0,966.0,700.0,446.0,609.0,651.0,579.0,653.0
412,20250301,0,508.0,420.0,418.0,434.0,352.0,397.0,438.0,441.0,460.0,499.0,588.0,633.0,890.0,687.0,479.0,606.0,623.0,509.0,649.0
413,20250819,0,,,,,,,,,,,,,,,,,,,
414,20251013,0,535.0,433.0,460.0,563.0,450.0,609.0,495.0,677.0,458.0,557.0,497.0,672.0,139.0,657.0,503.0,619.0,531.0,458.0,614.0
415,20250521,0,524.0,401.0,492.0,508.0,353.0,434.0,456.0,523.0,334.0,539.0,565.0,676.0,721.0,679.0,496.0,631.0,585.0,472.0,576.0
416,20251028,0,491.0,409.0,301.0,328.0,333.0,384.0,396.0,392.0,396.0,458.0,598.0,700.0,910.0,686.0,474.0,506.0,595.0,511.0,637.0
417,20251028,0,543.0,458.0,530.0,545.0,425.0,596.0,504.0,813.0,564.0,537.0,507.0,665.0,280.0,659.0,503.0,660.0,483.0,445.0,540.0
418,20251114,0,525.0,434.0,496.0,409.0,386.0,462.0,456.0,751.0,449.0,459.0,587.0,655.0,154.0,686.0,496.0,647.0,264.0,506.0,407.0
419,20251103,0,504.0,366.0,426.0,330.0,339.0,329.0,403.0,439.0,393.0,423.0,601.0,682.0,959.0,708.0,479.0,590.0,635.0,548.0,644.0
420,20250814,0,503.0,360.0,322.0,453.0,340.0,399.0,401.0,371.0,497.0,453.0,577.0,700.0,695.0,684.0,496.0,554.0,615.0,507.0,646.0
421,20250313,0,525.0,422.0,530.0,579.0,459.0,545.0,468.0,755.0,422.0,516.0,544.0,636.0,29.0,683.0,499.0,691.0,418.0,465.0,539.0
422,20250513,0,508.0,448.0,442.0,592.0,403.0,453.0,476.0,636.0,460.0,499.0,551.0,596.0,92.0,695.0,501.0,666.0,380.0,489.0,507.0
423,20250927,0,522.0,414.0,386.0,516.0,399.0,578.0,407.0,466.0,322.0,536.0,538.0,700.0,636.0,660.0,502.0,514.0,552.0,472.0,616.0
424,20250408,0,505.0,421.0,457.0,481.0,393.0,431.0,433.0,536.0,496.0,476.0,554.0,608.0,813.0,692.0,457.0,602.0,576.0,566.0,627.0
425,20251027,0,494.0,413.0,409.0,447.0,347.0,460.0,437.0,438.0,361.0,485.0,579.0,697.0,492.0,685.0,481.0,580.0,575.0,544.0,599.0
426,20250401,0,508.0,421.0,322.0,516.0,375.0,544.0,419.0,587.0,452.0,542.0,548.0,700.0,740.0,675.0,488.0,598.0,563.0,457.0,645.0
427,20251009,0,463.0,371.0,408.0,303.0,324.0,300.0,384.0,307.0,450.0,452.0,631.0,672.0,990.0,714.0,423.0,558.0,642.0,588.0,621.0
428,20251101,0,500.0,384.0,301.0,402.0,352.0,450.0,414.0,423.0,444.0,457.0,588.0,688.0,801.0,683.0,479.0,545.0,649.0,515.0,648.0
429,20250521,0,536.0,392.0,363.0,460.0,335.0,408.0,459.0,469.0,379.0,472.0,574.0,674.0,765.0,683.0,457.0,572.0,575.0,556.0,644.0
430,20250830,0,529.0,416.0,429.0,443.0,351.0,413.0,455.0,691.0,418.0,518.0,571.0,690.0,778.0,676.0,458.0,650.0,604.0,544.0,631.0
431,20250530,0,511.0,410.0,510.0,391.0,385.0,366.0,441.0,533.0,433.0,447.0,587.0,612.0,792.0,717.0,437.0,621.0,566.0,585.0,621.0
432,20250405,0,526.0,326.0,301.0,303.0,332.0,317.0,377.0,482.0,487.0,356.0,622.0,672.0,993.0,728.0,452.0,470.0,693.0,628.0,646.0
433,20251108,0,526.0,460.0,457.0,620.0,375.0,489.0,486.0,750.0,504.0,531.0,558.0,682.0,849.0,675.0,488.0,659.0,525.0,512.0,623.0
434,20250320,0,489.0,390.0,352.0,307.0,360.0,317.0,403.0,547.0,518.0,421.0,644.0,628.0,990.0,735.0,479.0,608.0,573.0,584.0,578.0
435,20251006,0,521.0,357.0,301.0,320.0,314.0,304.0,385.0,611.0,519.0,474.0,611.0,634.0,953.0,698.0,458.0,588.0,592.0,580.0,660.0
436,20251030,0,522.0,407.0,409.0,446.0,352.0,412.0,456.0,575.0,394.0,499.0,569.0,674.0,733.0,685.0,468.0,632.0,548.0,545.0,621.0
437,20250824,0,507.0,431.0,498.0,495.0,346.0,436.0,466.0,510.0,338.0,485.0,550.0,690.0,790.0,680.0,451.0,569.0,556.0,517.0,626.0
438,20250603,0,485.0,395.0,364.0,508.0,366.0,426.0,415.0,429.0,291.0,488.0,552.0,684.0,860.0,683.0,486.0,534.0,587.0,475.0,646.0
439,20251102,0,492.0,419.0,510.0,541.0,365.0,446.0,452.0,505.0,264.0,459.0,555.0,694.0,749.0,689.0,463.0,603.0,548.0,531.0,629.0
440,20251105,0,504.0,402.0,415.0,518.0,360.0,440.0,456.0,476.0,446.0,479.0,563.0,647.0,690.0,685.0,470.0,558.0,578.0,497.0,645.0
441,20250926,0,505.0,441.0,368.0,464.0,407.0,561.0,471.0,307.0,373.0,519.0,495.0,700.0,527.0,649.0,490.0,564.0,550.0,447.0,643.0
442,20250624,0,491.0,462.0,443.0,467.0,404.0,561.0,498.0,527.0,201.0,512.0,485.0,676.0,185.0,679.0,512.0,566.0,527.0,426.0,613.0
443,20251001,0,508.0,385.0,457.0,520.0,335.0,381.0,431.0,426.0,458.0,440.0,563.0,670.0,951.0,706.0,439.0,619.0,644.0,582.0,655.0
444,20250425,0,539.0,427.0,432.0,536.0,423.0,557.0,470.0,638.0,388.0,526.0,546.0,669.0,753.0,665.0,466.0,652.0,578.0,479.0,645.0
445,20250905,0,530.0,408.0,448.0,496.0,393.0,536.0,450.0,688.0,432.0,516.0,547.0,693.0,511.0,681.0,484.0,643.0,568.0,513.0,601.0
446,20250705,0,,,,,,,,,,,,,,,,,,,
447,20250902,0,526.0,415.0,429.0,535.0,442.0,518.0,456.0,733.0,348.0,468.0,548.0,684.0,700.0,683.0,494.0,670.0,570.0,493.0,633.0
448,20251020,0,525.0,407.0,350.0,446.0,366.0,523.0,418.0,364.0,438.0,554.0,578.0,678.0,297.0,680.0,500.0,543.0,579.0,481.0,620.0
449,20251101,0,532.0,415.0,331.0,321.0,353.0,414.0,416.0,572.0,338.0,450.0,598.0,670.0,847.0,684.0,495.0,494.0,638.0,544.0,629.0
450,20250901,0,,,,,,,,,,,,,,,,,,,
451,20250922,0,510.0,386.0,331.0,390.0,358.0,486.0,419.0,387.0,506.0,506.0,593.0,689.0,635.0,676.0,484.0,548.0,545.0,473.0,638.0
452,20250707,0,504.0,356.0,301.0,328.0,324.0,356.0,388.0,323.0,492.0,455.0,602.0,700.0,972.0,690.0,432.0,478.0,596.0,550.0,639.0
453,20250610,0,535.0,429.0,491.0,646.0,393.0,503.0,499.0,644.0,354.0,528.0,521.0,679.0,890.0,667.0,460.0,635.0,573.0,458.0,645.0
454,20250516,0,536.0,371.0,346.0,423.0,391.0,505.0,406.0,409.0,392.0,522.0,575.0,633.0,648.0,669.0,488.0,530.0,551.0,453.0,645.0
455,20251008,0,518.0,429.0,413.0,475.0,337.0,429.0,463.0,568.0,396.0,511.0,567.0,684.0,615.0,677.0,475.0,571.0,607.0,533.0,647.0
456,20250507,0,572.0,496.0,384.0,531.0,474.0,596.0,471.0,608.0,212.0,571.0,540.0,655.0,53.0,650.0,509.0,594.0,450.0,455.0,576.0
457,20250423,0,517.0,422.0,364.0,510.0,375.0,461.0,460.0,607.0,402.0,539.0,561.0,659.0,350.0,685.0,507.0,633.0,525.0,492.0,617.0
458,20250401,0,510.0,456.0,485.0,499.0,395.0,448.0,460.0,643.0,472.0,511.0,542.0,608.0,612.0,686.0,478.0,604.0,604.0,444.0,649.0
459,20250524,0,530.0,398.0,384.0,481.0,391.0,589.0,405.0,476.0,367.0,542.0,545.0,671.0,569.0,658.0,496.0,546.0,553.0,440.0,646.0
460,20251104,0,561.0,444.0,471.0,496.0,413.0,437.0,480.0,547.0,467.0,552.0,561.0,605.0,584.0,694.0,500.0,626.0,401.0,511.0,462.0
461,20250522,0,527.0,459.0,370.0,489.0,445.0,510.0,465.0,773.0,395.0,508.0,557.0,686.0,662.0,667.0,480.0,647.0,569.0,487.0,664.0
462,20251017,0,480.0,408.0,435.0,387.0,322.0,366.0,454.0,536.0,374.0,422.0,579.0,693.0,954.0,697.0,473.0,584.0,592.0,550.0,641.0
463,20250819,0,506.0,400.0,418.0,323.0,360.0,346.0,445.0,397.0,423.0,413.0,598.0,621.0,991.0,719.0,450.0,621.0,642.0,587.0,630.0
464,20250905,0,517.0,387.0,351.0,323.0,347.0,402.0,409.0,400.0,467.0,489.0,599.0,643.0,785.0,695.0,456.0,521.0,575.0,545.0,556.0
465,20250527,0,533.0,405.0,301.0,357.0,383.0,483.0,405.0,476.0,421.0,496.0,593.0,642.0,729.0,676.0,488.0,517.0,611.0,475.0,641.0
466,20250605,0,,,,,,,,,,,,,,,,,,,
467,20250907,0,524.0,427.0,300.0,334.0,366.0,506.0,400.0,444.0,328.0,514.0,595.0,669.0,459.0,681.0,480.0,509.0,542.0,461.0,634.0
468,20250319,0,515.0,426.0,526.0,535.0,383.0,504.0,471.0,705.0,507.0,548.0,568.0,641.0,773.0,678.0,473.0,650.0,587.0,539.0,638.0
469,20250929,0,514.0,403.0,478.0,585.0,364.0,448.0,459.0,630.0,484.0,517.0,560.0,684.0,717.0,682.0,493.0,650.0,572.0,513.0,658.0
470,20250926,0,534.0,458.0,451.0,520.0,456.0,597.0,435.0,396.0,248.0,550.0,499.0,700.0,269.0,660.0,506.0,585.0,539.0,444.0,635.0
471,20250915,0,514.0,406.0,334.0,316.0,326.0,329.0,415.0,289.0,349.0,473.0,600.0,619.0,981.0,722.0,458.0,482.0,622.0,560.0,637.0
472,20250812,0,513.0,386.0,439.0,443.0,370.0,457.0,449.0,608.0,518.0,466.0,570.0,676.0,162.0,689.0,463.0,640.0,614.0,558.0,608.0
473,20250823,0,542.0,400.0,496.0,439.0,367.0,377.0,481.0,590.0,386.0,534.0,574.0,657.0,885.0,686.0,459.0,564.0,600.0,576.0,614.0
474,20251105,0,513.0,399.0,434.0,518.0,359.0,524.0,444.0,624.0,524.0,539.0,553.0,688.0,444.0,665.0,491.0,597.0,571.0,481.0,657.0
475,20251031,0,502.0,376.0,448.0,406.0,328.0,371.0,404.0,486.0,342.0,442.0,582.0,697.0,853.0,691.0,476.0,612.0,641.0,554.0,626.0
476,20250913,0,512.0,412.0,370.0,491.0,356.0,504.0,382.0,390.0,409.0,519.0,573.0,700.0,471.0,677.0,476.0,514.0,563.0,457.0,641.0
477,20251025,0,508.0,427.0,364.0,403.0,365.0,453.0,440.0,469.0,420.0,492.0,579.0,700.0,721.0,683.0,479.0,602.0,585.0,480.0,636.0
478,20250407,0,513.0,377.0,496.0,484.0,335.0,412.0,445.0,308.0,512.0,515.0,561.0,616.0,813.0,679.0,458.0,576.0,533.0,532.0,600.0
479,20250901,0,485.0,392.0,445.0,446.0,373.0,479.0,439.0,529.0,439.0,454.0,587.0,695.0,324.0,695.0,482.0,591.0,460.0,496.0,534.0
480,20250401,0,484.0,390.0,300.0,307.0,370.0,325.0,396.0,545.0,465.0,432.0,638.0,680.0,851.0,700.0,454.0,590.0,512.0,651.0,546.0
481,20250320,0,534.0,447.0,334.0,516.0,386.0,573.0,446.0,517.0,367.0,527.0,553.0,680.0,647.0,679.0,500.0,564.0,555.0,484.0,661.0
482,20250606,0,524.0,463.0,350.0,503.0,377.0,530.0,429.0,729.0,329.0,524.0,573.0,687.0,373.0,661.0,505.0,569.0,546.0,485.0,647.0
483,20250912,0,505.0,398.0,322.0,438.0,350.0,501.0,382.0,459.0,342.0,517.0,580.0,649.0,517.0,680.0,475.0,471.0,577.0,506.0,629.0
484,20250715,0,545.0,430.0,435.0,507.0,364.0,461.0,467.0,662.0,520.0,561.0,574.0,692.0,477.0,677.0,500.0,627.0,516.0,494.0,563.0
485,20250428,0,537.0,407.0,393.0,469.0,373.0,500.0,440.0,622.0,376.0,493.0,567.0,674.0,616.0,680.0,452.0,596.0,564.0,542.0,632.0
486,20250301,0,513.0,405.0,457.0,438.0,354.0,350.0,458.0,645.0,390.0,499.0,578.0,645.0,813.0,688.0,479.0,698.0,533.0,533.0,568.0
487,20251027,0,525.0,449.0,439.0,478.0,374.0,433.0,498.0,521.0,359.0,567.0,555.0,660.0,70.0,681.0,493.0,618.0,579.0,502.0,615.0
488,20250904,0,524.0,446.0,457.0,613.0,341.0,458.0,471.0,582.0,516.0,568.0,554.0,655.0,728.0,669.0,470.0,629.0,616.0,495.0,648.0
489,20250804,0,505.0,382.0,352.0,478.0,374.0,482.0,425.0,487.0,487.0,469.0,562.0,692.0,729.0,688.0,485.0,552.0,513.0,471.0,576.0
490,20250529,0,515.0,398.0,457.0,392.0,332.0,346.0,401.0,497.0,625.0,474.0,587.0,618.0,956.0,698.0,443.0,596.0,593.0,566.0,633.0
491,20251107,0,488.0,378.0,311.0,307.0,330.0,317.0,401.0,374.0,417.0,434.0,605.0,663.0,961.0,702.0,441.0,471.0,625.0,565.0,586.0
492,20251023,0,527.0,480.0,606.0,515.0,410.0,528.0,500.0,708.0,293.0,534.0,528.0,690.0,168.0,661.0,523.0,687.0,602.0,486.0,624.0
493,20250831,0,477.0,611.0,356.0,466.0,485.0,563.0,630.0,521.0,343.0,525.0,358.0,700.0,10.0,660.0,493.0,624.0,547.0,340.0,633.0
494,20250713,0,523.0,369.0,367.0,316.0,339.0,361.0,399.0,519.0,521.0,501.0,607.0,677.0,826.0,685.0,443.0,579.0,644.0,553.0,652.0
495,20250919,0,461.0,401.0,436.0,307.0,336.0,303.0,409.0,336.0,405.0,426.0,604.0,667.0,977.0,713.0,443.0,534.0,637.0,600.0,632.0
496,20250529,0,517.0,386.0,406.0,506.0,337.0,429.0,422.0,503.0,532.0,466.0,565.0,684.0,796.0,689.0,479.0,599.0,610.0,526.0,630.0
497,20250627,0,505.0,454.0,583.0,486.0,413.0,466.0,464.0,719.0,542.0,491.0,512.0,597.0,100.0,688.0,475.0,652.0,526.0,518.0,571.0
498,20250607,0,556.0,473.0,526.0,550.0,426.0,508.0,482.0,665.0,349.0,556.0,548.0,636.0,408.0,672.0,491.0,615.0,509.0,506.0,585.0
499,20250710,0,478.0,382.0,395.0,317.0,310.0,310.0,388.0,468.0,438.0,446.0,624.0,688.0,952.0,690.0,456.0,567.0,604.0,549.0,636.0
500,20251008,0,524.0,398.0,432.0,440.0,342.0,394.0,435.0,423.0,240.0,463.0,575.0,674.0,816.0,683.0,467.0,503.0,529.0,521.0,562.0
501,20250313,0,522.0,405.0,490.0,464.0,497.0,419.0,458.0,508.0,560.0,426.0,558.0,457.0,676.0,712.0,483.0,524.0,411.0,590.0,540.0
502,20250924,0,486.0,503.0,300.0,446.0,393.0,515.0,512.0,532.0,379.0,524.0,590.0,700.0,435.0,671.0,488.0,555.0,539.0,447.0,635.0
503,20251103,0,505.0,344.0,436.0,300.0,318.0,300.0,363.0,568.0,534.0,372.0,608.0,657.0,988.0,703.0,430.0,592.0,646.0,573.0,642.0
504,20251025,0,503.0,394.0,436.0,377.0,336.0,329.0,442.0,360.0,429.0,486.0,602.0,632.0,935.0,701.0,462.0,568.0,585.0,546.0,611.0
505,20251019,0,520.0,417.0,400.0,486.0,380.0,467.0,460.0,435.0,391.0,491.0,549.0,671.0,715.0,682.0,484.0,564.0,585.0,508.0,643.0
506,20250529,0,550.0,474.0,615.0,643.0,438.0,541.0,497.0,701.0,610.0,611.0,507.0,612.0,125.0,663.0,488.0,640.0,538.0,479.0,609.0
507,20251025,0,538.0,443.0,514.0,627.0,403.0,413.0,474.0,585.0,317.0,551.0,563.0,665.0,506.0,693.0,498.0,641.0,589.0,510.0,625.0
508,20250915,0,525.0,419.0,455.0,483.0,391.0,569.0,466.0,558.0,372.0,555.0,546.0,680.0,511.0,655.0,496.0,570.0,517.0,457.0,627.0
509,20251108,0,519.0,414.0,321.0,475.0,414.0,544.0,432.0,470.0,305.0,506.0,560.0,700.0,787.0,681.0,496.0,528.0,610.0,504.0,635.0
510,20250403,0,485.0,398.0,342.0,341.0,337.0,361.0,406.0,466.0,419.0,438.0,593.0,700.0,925.0,701.0,457.0,500.0,522.0,528.0,492.0
511,20251101,0,493.0,432.0,321.0,497.0,358.0,540.0,419.0,481.0,399.0,495.0,570.0,691.0,504.0,689.0,494.0,555.0,456.0,412.0,454.0
512,20250715,0,493.0,420.0,496.0,404.0,326.0,369.0,437.0,616.0,668.0,497.0,585.0,639.0,811.0,692.0,452.0,656.0,550.0,538.0,611.0
513,20250505,0,490.0,412.0,323.0,390.0,334.0,391.0,380.0,429.0,432.0,480.0,593.0,700.0,793.0,687.0,472.0,510.0,591.0,475.0,645.0
514,20250901,0,501.0,393.0,457.0,500.0,337.0,366.0,432.0,649.0,546.0,486.0,582.0,653.0,840.0,689.0,455.0,638.0,589.0,534.0,652.0
515,20250901,0,553.0,475.0,442.0,636.0,440.0,531.0,535.0,637.0,345.0,527.0,540.0,675.0,602.0,665.0,496.0,661.0,519.0,527.0,588.0
516,20250314,0,522.0,377.0,457.0,472.0,349.0,398.0,446.0,528.0,470.0,485.0,567.0,640.0,831.0,676.0,466.0,624.0,646.0,548.0,646.0
517,20250723,0,488.0,345.0,354.0,312.0,310.0,310.0,393.0,337.0,516.0,446.0,621.0,677.0,963.0,694.0,464.0,512.0,577.0,555.0,650.0
518,20251010,0,514.0,451.0,387.0,543.0,353.0,470.0,455.0,502.0,346.0,497.0,561.0,692.0,793.0,676.0,485.0,592.0,597.0,484.0,638.0
519,20250618,0,499.0,356.0,436.0,323.0,327.0,351.0,393.0,366.0,409.0,433.0,603.0,671.0,972.0,713.0,426.0,541.0,637.0,592.0,651.0
520,20250918,0,559.0,460.0,524.0,609.0,422.0,411.0,483.0,564.0,509.0,560.0,515.0,626.0,397.0,683.0,499.0,600.0,526.0,511.0,610.0
521,20251006,0,519.0,419.0,322.0,478.0,351.0,479.0,422.0,435.0,356.0,490.0,558.0,700.0,812.0,677.0,472.0,521.0,556.0,489.0,592.0
522,20250621,0,548.0,444.0,524.0,505.0,476.0,477.0,481.0,694.0,616.0,522.0,513.0,514.0,272.0,686.0,516.0,622.0,338.0,560.0,487.0
523,20250707,0,547.0,411.0,530.0,525.0,394.0,470.0,476.0,770.0,476.0,540.0,526.0,671.0,460.0,674.0,485.0,653.0,561.0,532.0,608.0
524,20250428,0,531.0,442.0,384.0,531.0,395.0,575.0,422.0,469.0,377.0,533.0,542.0,700.0,119.0,658.0,476.0,528.0,581.0,502.0,623.0
525,20250408,0,508.0,416.0,426.0,513.0,441.0,598.0,431.0,613.0,391.0,528.0,533.0,662.0,343.0,673.0,499.0,628.0,548.0,410.0,645.0
526,20250625,0,518.0,411.0,331.0,321.0,358.0,412.0,404.0,471.0,405.0,478.0,605.0,652.0,729.0,688.0,490.0,496.0,584.0,497.0,640.0
527,20250317,0,526.0,403.0,370.0,491.0,406.0,514.0,414.0,486.0,384.0,503.0,574.0,686.0,228.0,676.0,491.0,552.0,508.0,433.0,544.0
528,20250905,0,532.0,432.0,435.0,379.0,359.0,380.0,457.0,538.0,376.0,541.0,612.0,676.0,654.0,677.0,484.0,622.0,577.0,540.0,636.0
529,20250522,0,521.0,365.0,395.0,334.0,320.0,339.0,401.0,536.0,597.0,477.0,603.0,657.0,928.0,707.0,457.0,590.0,590.0,551.0,658.0
530,20251104,0,481.0,422.0,409.0,558.0,350.0,473.0,461.0,570.0,430.0,465.0,558.0,669.0,371.0,686.0,505.0,606.0,582.0,480.0,634.0
531,20250924,0,523.0,383.0,426.0,318.0,330.0,361.0,415.0,354.0,437.0,482.0,595.0,685.0,969.0,700.0,438.0,530.0,616.0,571.0,639.0
532,20250521,0,526.0,393.0,498.0,521.0,346.0,442.0,443.0,462.0,484.0,511.0,567.0,650.0,627.0,681.0,477.0,606.0,625.0,522.0,645.0
533,20250527,0,517.0,431.0,457.0,486.0,361.0,418.0,463.0,682.0,479.0,488.0,558.0,648.0,796.0,678.0,456.0,622.0,636.0,558.0,643.0
534,20251107,0,516.0,422.0,516.0,523.0,361.0,494.0,457.0,457.0,297.0,516.0,558.0,682.0,478.0,666.0,493.0,583.0,512.0,507.0,568.0
535,20251015,0,494.0,440.0,334.0,401.0,330.0,373.0,434.0,421.0,382.0,430.0,582.0,682.0,883.0,701.0,485.0,568.0,544.0,530.0,531.0
536,20250727,0,559.0,427.0,530.0,662.0,445.0,574.0,466.0,721.0,521.0,576.0,540.0,631.0,108.0,649.0,509.0,634.0,555.0,504.0,639.0
537,20250502,0,511.0,393.0,301.0,393.0,361.0,488.0,396.0,382.0,348.0,528.0,592.0,700.0,564.0,672.0,480.0,524.0,595.0,509.0,594.0
538,20251013,0,518.0,448.0,399.0,555.0,354.0,472.0,481.0,597.0,277.0,503.0,561.0,691.0,915.0,672.0,485.0,601.0,568.0,543.0,644.0
539,20250916,0,491.0,433.0,376.0,436.0,353.0,445.0,450.0,413.0,371.0,480.0,578.0,659.0,751.0,689.0,474.0,579.0,545.0,532.0,633.0
540,20250713,0,508.0,427.0,456.0,405.0,362.0,367.0,444.0,590.0,399.0,495.0,578.0,643.0,926.0,717.0,452.0,616.0,549.0,604.0,617.0
541,20250527,0,521.0,397.0,321.0,300.0,341.0,331.0,431.0,423.0,498.0,466.0,623.0,602.0,883.0,690.0,447.0,496.0,671.0,582.0,650.0
542,20251005,0,502.0,404.0,446.0,480.0,343.0,390.0,441.0,404.0,439.0,476.0,562.0,610.0,745.0,696.0,465.0,579.0,596.0,512.0,632.0
543,20251111,0,512.0,410.0,448.0,550.0,371.0,460.0,458.0,659.0,356.0,471.0,552.0,692.0,507.0,683.0,482.0,636.0,510.0,502.0,602.0
544,20251007,0,523.0,429.0,405.0,531.0,438.0,574.0,464.0,516.0,208.0,540.0,556.0,694.0,137.0,665.0,520.0,591.0,589.0,409.0,646.0
545,20251005,0,564.0,435.0,471.0,451.0,404.0,365.0,466.0,598.0,385.0,558.0,583.0,608.0,698.0,695.0,496.0,573.0,344.0,525.0,526.0
546,20250602,0,489.0,376.0,463.0,509.0,362.0,478.0,447.0,435.0,424.0,469.0,564.0,654.0,753.0,688.0,471.0,534.0,630.0,494.0,608.0
547,20251101,0,518.0,404.0,448.0,558.0,399.0,537.0,442.0,490.0,438.0,519.0,560.0,678.0,506.0,671.0,477.0,590.0,539.0,493.0,606.0
548,20250923,0,524.0,387.0,408.0,338.0,321.0,369.0,436.0,575.0,411.0,508.0,592.0,690.0,974.0,700.0,458.0,593.0,626.0,606.0,636.0
549,20251101,0,590.0,463.0,574.0,532.0,485.0,515.0,504.0,556.0,413.0,625.0,522.0,571.0,3.0,669.0,537.0,604.0,449.0,449.0,538.0
550,20250318,0,523.0,427.0,334.0,391.0,322.0,376.0,442.0,323.0,284.0,516.0,585.0,633.0,870.0,682.0,477.0,498.0,609.0,493.0,646.0
551,20250810,0,501.0,437.0,496.0,523.0,365.0,410.0,465.0,606.0,543.0,525.0,551.0,653.0,914.0,693.0,425.0,657.0,530.0,594.0,603.0
552,20251027,0,498.0,414.0,448.0,513.0,347.0,410.0,419.0,438.0,238.0,452.0,562.0,691.0,705.0,693.0,473.0,531.0,578.0,533.0,587.0
553,20251111,0,531.0,400.0,352.0,408.0,373.0,477.0,390.0,437.0,294.0,512.0,576.0,700.0,826.0,661.0,457.0,493.0,604.0,542.0,644.0
554,20251103,0,504.0,471.0,457.0,615.0,345.0,387.0,471.0,672.0,520.0,504.0,560.0,670.0,948.0,695.0,475.0,625.0,602.0,556.0,633.0
555,20250625,0,541.0,441.0,539.0,568.0,386.0,478.0,515.0,697.0,327.0,546.0,535.0,662.0,751.0,681.0,468.0,658.0,607.0,533.0,639.0
556,20251112,0,522.0,382.0,312.0,360.0,345.0,365.0,388.0,490.0,487.0,499.0,608.0,700.0,545.0,671.0,476.0,533.0,508.0,434.0,521.0
557,20251103,0,534.0,470.0,451.0,488.0,387.0,553.0,465.0,779.0,335.0,571.0,564.0,673.0,258.0,677.0,495.0,707.0,587.0,494.0,616.0
558,20251001,0,530.0,459.0,564.0,585.0,437.0,553.0,488.0,621.0,355.0,499.0,510.0,691.0,16.0,682.0,494.0,615.0,444.0,490.0,557.0
559,20250527,0,532.0,412.0,463.0,512.0,435.0,531.0,461.0,549.0,436.0,519.0,535.0,676.0,397.0,676.0,487.0,635.0,501.0,498.0,536.0
560,20250719,0,535.0,416.0,529.0,642.0,406.0,489.0,478.0,705.0,502.0,511.0,544.0,672.0,417.0,673.0,478.0,685.0,556.0,560.0,608.0
561,20251006,0,502.0,397.0,435.0,415.0,333.0,410.0,462.0,397.0,398.0,463.0,576.0,672.0,833.0,685.0,459.0,564.0,575.0,531.0,630.0
562,20250611,0,540.0,434.0,370.0,467.0,355.0,463.0,448.0,380.0,253.0,501.0,561.0,648.0,840.0,680.0,454.0,534.0,605.0,576.0,646.0
563,20251028,0,502.0,417.0,429.0,439.0,342.0,374.0,421.0,382.0,371.0,484.0,572.0,692.0,898.0,690.0,453.0,546.0,624.0,547.0,643.0
564,20250614,0,516.0,399.0,300.0,314.0,404.0,438.0,413.0,386.0,394.0,538.0,608.0,605.0,500.0,685.0,493.0,515.0,462.0,536.0,540.0
565,20250618,0,535.0,429.0,416.0,519.0,446.0,594.0,438.0,452.0,364.0,531.0,544.0,685.0,433.0,672.0,517.0,572.0,565.0,478.0,646.0
566,20251012,0,470.0,390.0,349.0,307.0,321.0,314.0,407.0,508.0,373.0,442.0,609.0,675.0,942.0,701.0,475.0,591.0,617.0,544.0,635.0
567,20251102,0,509.0,402.0,448.0,520.0,392.0,493.0,452.0,672.0,470.0,491.0,546.0,681.0,544.0,683.0,492.0,601.0,549.0,473.0,575.0
568,20251027,0,495.0,377.0,322.0,394.0,319.0,385.0,360.0,257.0,417.0,416.0,579.0,700.0,963.0,697.0,460.0,386.0,624.0,574.0,652.0
569,20251007,0,509.0,427.0,417.0,561.0,363.0,500.0,443.0,595.0,407.0,524.0,563.0,695.0,797.0,666.0,491.0,600.0,563.0,468.0,646.0
570,20251013,0,486.0,355.0,331.0,356.0,336.0,355.0,385.0,349.0,516.0,447.0,633.0,684.0,917.0,693.0,471.0,503.0,576.0,512.0,648.0
571,20251030,0,517.0,425.0,352.0,515.0,381.0,575.0,411.0,499.0,359.0,487.0,563.0,700.0,499.0,682.0,480.0,534.0,572.0,495.0,622.0
572,20250811,0,520.0,400.0,373.0,317.0,348.0,405.0,399.0,496.0,493.0,430.0,597.0,664.0,936.0,700.0,457.0,584.0,585.0,535.0,643.0
573,20250531,0,513.0,426.0,413.0,519.0,412.0,557.0,436.0,477.0,387.0,505.0,544.0,690.0,742.0,666.0,490.0,557.0,538.0,448.0,640.0
574,20251102,0,518.0,437.0,392.0,442.0,361.0,438.0,444.0,493.0,308.0,498.0,575.0,694.0,700.0,673.0,482.0,550.0,593.0,545.0,624.0
575,20250324,0,542.0,472.0,524.0,612.0,497.0,523.0,507.0,770.0,457.0,574.0,539.0,623.0,204.0,666.0,507.0,669.0,528.0,492.0,606.0
576,20251102,0,498.0,434.0,423.0,385.0,343.0,396.0,447.0,594.0,307.0,482.0,590.0,695.0,872.0,680.0,455.0,609.0,605.0,530.0,641.0
577,20251112,0,492.0,398.0,301.0,351.0,334.0,362.0,381.0,328.0,413.0,465.0,608.0,700.0,800.0,691.0,469.0,485.0,585.0,509.0,647.0
578,20250925,0,529.0,433.0,400.0,567.0,384.0,494.0,465.0,545.0,388.0,543.0,548.0,681.0,472.0,668.0,491.0,641.0,547.0,508.0,640.0
579,20250807,0,565.0,477.0,457.0,461.0,375.0,469.0,479.0,540.0,340.0,549.0,567.0,653.0,634.0,681.0,461.0,630.0,640.0,572.0,620.0
580,20250324,0,538.0,458.0,451.0,580.0,450.0,578.0,507.0,660.0,322.0,525.0,529.0,690.0,360.0,654.0,497.0,689.0,538.0,400.0,641.0
581,20250417,0,582.0,444.0,524.0,528.0,515.0,553.0,499.0,713.0,460.0,589.0,524.0,542.0,94.0,679.0,524.0,640.0,412.0,427.0,495.0
582,20250706,0,517.0,412.0,457.0,392.0,350.0,369.0,422.0,575.0,443.0,484.0,584.0,607.0,785.0,691.0,479.0,563.0,578.0,537.0,621.0
583,20250605,0,531.0,412.0,346.0,404.0,396.0,543.0,416.0,384.0,338.0,552.0,581.0,619.0,378.0,665.0,506.0,543.0,555.0,462.0,636.0
584,20250526,0,533.0,332.0,342.0,311.0,320.0,300.0,356.0,453.0,476.0,394.0,635.0,681.0,993.0,732.0,424.0,464.0,637.0,609.0,632.0
585,20250313,0,484.0,386.0,312.0,391.0,331.0,371.0,359.0,274.0,476.0,450.0,590.0,700.0,914.0,694.0,456.0,470.0,535.0,509.0,553.0
586,20250306,0,522.0,383.0,312.0,359.0,364.0,470.0,401.0,460.0,505.0,529.0,619.0,661.0,680.0,672.0,481.0,556.0,563.0,483.0,640.0
587,20250509,0,517.0,425.0,491.0,497.0,382.0,478.0,477.0,541.0,358.0,500.0,539.0,669.0,754.0,687.0,484.0,598.0,552.0,511.0,617.0
588,20250601,0,554.0,410.0,530.0,596.0,420.0,584.0,468.0,689.0,400.0,551.0,532.0,692.0,188.0,652.0,486.0,670.0,623.0,455.0,633.0
589,20250323,0,509.0,397.0,354.0,383.0,337.0,366.0,408.0,377.0,314.0,490.0,588.0,654.0,901.0,691.0,459.0,460.0,578.0,552.0,638.0
590,20250908,0,508.0,406.0,446.0,481.0,346.0,399.0,452.0,527.0,456.0,458.0,552.0,664.0,802.0,692.0,484.0,632.0,585.0,539.0,610.0
591,20251108,0,510.0,415.0,468.0,483.0,402.0,464.0,459.0,666.0,481.0,478.0,555.0,655.0,49.0,687.0,479.0,627.0,313.0,514.0,470.0
592,20250731,0,497.0,355.0,371.0,303.0,333.0,321.0,408.0,277.0,507.0,424.0,608.0,662.0,964.0,694.0,448.0,530.0,607.0,582.0,637.0
593,20251027,0,,,,,,,,,,,,,,,,,,,
594,20250514,0,507.0,395.0,301.0,373.0,367.0,449.0,383.0,379.0,447.0,499.0,600.0,700.0,577.0,680.0,472.0,555.0,548.0,485.0,625.0
595,20250918,0,516.0,393.0,341.0,369.0,386.0,449.0,435.0,577.0,460.0,502.0,594.0,651.0,115.0,690.0,487.0,611.0,455.0,514.0,505.0
596,20250523,0,526.0,409.0,376.0,440.0,380.0,502.0,427.0,510.0,443.0,518.0,585.0,681.0,323.0,680.0,484.0,626.0,588.0,494.0,651.0
597,20250520,0,511.0,416.0,457.0,568.0,331.0,350.0,439.0,588.0,435.0,501.0,574.0,632.0,666.0,689.0,467.0,631.0,567.0,531.0,633.0
598,20250623,0,446.0,409.0,426.0,321.0,341.0,343.0,437.0,486.0,399.0,422.0,598.0,675.0,880.0,705.0,461.0,638.0,567.0,561.0,555.0
599,20250828,0,506.0,405.0,429.0,453.0,339.0,382.0,448.0,470.0,407.0,515.0,569.0,684.0,355.0,690.0,492.0,633.0,607.0,539.0,633.0
600,20250525,0,490.0,387.0,334.0,516.0,368.0,528.0,408.0,304.0,345.0,480.0,554.0,700.0,720.0,686.0,462.0,499.0,590.0,476.0,632.0
601,20250302,0,480.0,355.0,457.0,386.0,352.0,344.0,393.0,522.0,590.0,412.0,587.0,595.0,977.0,717.0,432.0,536.0,658.0,593.0,628.0
602,20250830,0,468.0,367.0,331.0,305.0,318.0,304.0,376.0,379.0,446.0,420.0,627.0,700.0,917.0,707.0,428.0,528.0,579.0,553.0,623.0
603,20251013,0,492.0,370.0,436.0,310.0,336.0,300.0,377.0,510.0,552.0,424.0,610.0,640.0,993.0,724.0,437.0,649.0,602.0,621.0,638.0
604,20251006,0,475.0,365.0,408.0,300.0,348.0,357.0,356.0,289.0,500.0,463.0,614.0,683.0,744.0,708.0,436.0,483.0,634.0,585.0,618.0
605,20251020,0,542.0,498.0,563.0,639.0,428.0,483.0,506.0,631.0,427.0,548.0,513.0,638.0,160.0,690.0,506.0,660.0,569.0,505.0,624.0
606,20251009,0,489.0,358.0,331.0,312.0,315.0,318.0,363.0,370.0,347.0,469.0,616.0,684.0,913.0,692.0,452.0,440.0,590.0,487.0,646.0
607,20251005,0,490.0,398.0,436.0,341.0,341.0,344.0,433.0,528.0,533.0,439.0,592.0,663.0,948.0,713.0,473.0,601.0,626.0,561.0,631.0
608,20250714,0,539.0,430.0,423.0,471.0,411.0,539.0,457.0,560.0,366.0,598.0,565.0,688.0,517.0,654.0,479.0,625.0,545.0,457.0,646.0
609,20250605,0,481.0,395.0,503.0,470.0,368.0,407.0,449.0,565.0,609.0,490.0,570.0,603.0,854.0,705.0,442.0,614.0,650.0,600.0,642.0
610,20250716,0,497.0,368.0,408.0,310.0,328.0,317.0,390.0,385.0,442.0,425.0,611.0,683.0,957.0,709.0,444.0,615.0,600.0,569.0,588.0
611,20251108,0,563.0,421.0,491.0,521.0,412.0,448.0,470.0,655.0,362.0,497.0,530.0,687.0,554.0,685.0,518.0,614.0,553.0,507.0,604.0
612,20250912,0,485.0,416.0,370.0,373.0,333.0,413.0,400.0,394.0,408.0,475.0,603.0,690.0,719.0,686.0,483.0,514.0,587.0,506.0,647.0
613,20251028,0,566.0,456.0,529.0,581.0,400.0,391.0,471.0,561.0,415.0,539.0,546.0,663.0,862.0,706.0,494.0,638.0,471.0,555.0,551.0
614,20250403,0,488.0,401.0,331.0,328.0,340.0,423.0,367.0,450.0,308.0,465.0,598.0,700.0,702.0,691.0,473.0,477.0,588.0,498.0,618.0
615,20251031,0,528.0,443.0,422.0,474.0,404.0,553.0,486.0,581.0,219.0,531.0,550.0,673.0,283.0,669.0,519.0,572.0,555.0,532.0,637.0
616,20250926,0,579.0,451.0,564.0,596.0,461.0,577.0,483.0,675.0,378.0,534.0,502.0,681.0,23.0,665.0,530.0,616.0,407.0,488.0,546.0
617,20250331,0,508.0,481.0,409.0,473.0,455.0,419.0,483.0,431.0,332.0,491.0,557.0,563.0,966.0,692.0,448.0,573.0,630.0,569.0,642.0
618,20250525,0,498.0,395.0,312.0,356.0,324.0,329.0,397.0,396.0,487.0,450.0,615.0,617.0,671.0,698.0,469.0,493.0,571.0,530.0,603.0
619,20251101,0,491.0,393.0,331.0,326.0,345.0,403.0,371.0,428.0,475.0,460.0,603.0,633.0,568.0,688.0,471.0,493.0,514.0,474.0,611.0
620,20250301,0,509.0,398.0,491.0,504.0,450.0,429.0,479.0,498.0,527.0,477.0,522.0,566.0,555.0,690.0,473.0,577.0,612.0,535.0,626.0
621,20250815,0,516.0,402.0,446.0,396.0,341.0,344.0,428.0,576.0,437.0,457.0,578.0,648.0,843.0,699.0,455.0,627.0,667.0,600.0,643.0
622,20251011,0,529.0,445.0,435.0,474.0,365.0,461.0,470.0,409.0,331.0,521.0,558.0,685.0,742.0,674.0,458.0,594.0,621.0,538.0,649.0
623,20251106,0,490.0,368.0,394.0,311.0,310.0,303.0,399.0,436.0,459.0,478.0,608.0,639.0,925.0,707.0,469.0,581.0,631.0,562.0,640.0
624,20250926,0,520.0,392.0,444.0,391.0,335.0,366.0,429.0,396.0,410.0,484.0,585.0,652.0,976.0,699.0,432.0,555.0,627.0,598.0,652.0
625,20250529,0,478.0,342.0,426.0,329.0,325.0,346.0,406.0,633.0,429.0,414.0,594.0,685.0,991.0,716.0,423.0,629.0,645.0,586.0,640.0
626,20250520,0,520.0,392.0,385.0,460.0,378.0,467.0,453.0,580.0,492.0,513.0,576.0,611.0,569.0,671.0,488.0,575.0,590.0,471.0,646.0
627,20251014,0,560.0,438.0,473.0,588.0,450.0,453.0,489.0,580.0,454.0,578.0,528.0,613.0,258.0,685.0,497.0,624.0,579.0,528.0,624.0
628,20251103,0,526.0,418.0,457.0,551.0,367.0,449.0,462.0,500.0,361.0,506.0,548.0,646.0,791.0,681.0,475.0,638.0,555.0,487.0,649.0
629,20250525,0,515.0,402.0,393.0,393.0,359.0,419.0,452.0,413.0,311.0,453.0,584.0,654.0,751.0,686.0,453.0,529.0,600.0,590.0,640.0
630,20251029,0,501.0,398.0,413.0,453.0,341.0,402.0,422.0,384.0,322.0,462.0,571.0,679.0,821.0,684.0,446.0,522.0,610.0,574.0,645.0
631,20250820,0,461.0,380.0,457.0,396.0,333.0,344.0,413.0,506.0,631.0,409.0,584.0,621.0,992.0,732.0,433.0,628.0,660.0,597.0,608.0
632,20250713,0,487.0,406.0,331.0,328.0,318.0,366.0,372.0,346.0,451.0,433.0,594.0,653.0,834.0,694.0,448.0,506.0,592.0,559.0,636.0
633,20250326,0,524.0,390.0,435.0,396.0,346.0,376.0,421.0,380.0,432.0,538.0,586.0,651.0,858.0,677.0,484.0,544.0,603.0,574.0,638.0
634,20250919,0,499.0,389.0,455.0,545.0,382.0,548.0,449.0,386.0,441.0,495.0,559.0,673.0,742.0,673.0,491.0,608.0,590.0,464.0,645.0
635,20250929,0,592.0,455.0,439.0,547.0,452.0,543.0,474.0,805.0,460.0,562.0,555.0,670.0,117.0,677.0,508.0,647.0,463.0,571.0,546.0
636,20251015,0,519.0,425.0,448.0,473.0,353.0,460.0,450.0,544.0,314.0,496.0,570.0,696.0,847.0,677.0,470.0,587.0,613.0,489.0,651.0
637,20250921,0,527.0,426.0,429.0,480.0,370.0,452.0,451.0,606.0,385.0,524.0,572.0,679.0,571.0,662.0,472.0,636.0,611.0,517.0,641.0
638,20250920,0,516.0,447.0,451.0,537.0,360.0,503.0,458.0,487.0,222.0,509.0,555.0,660.0,610.0,677.0,495.0,557.0,563.0,480.0,641.0
639,20250811,0,525.0,401.0,457.0,481.0,332.0,403.0,442.0,573.0,438.0,543.0,556.0,653.0,776.0,677.0,451.0,603.0,632.0,535.0,651.0
640,20250308,0,520.0,473.0,544.0,553.0,446.0,512.0,489.0,571.0,345.0,546.0,500.0,611.0,438.0,663.0,450.0,593.0,525.0,529.0,586.0
641,20251015,0,518.0,401.0,457.0,547.0,368.0,519.0,457.0,573.0,452.0,507.0,569.0,667.0,584.0,673.0,498.0,597.0,580.0,497.0,631.0
642,20250614,0,497.0,394.0,401.0,327.0,331.0,370.0,405.0,352.0,404.0,433.0,600.0,672.0,890.0,698.0,422.0,592.0,631.0,569.0,622.0
643,20250826,0,,,,,,,,,,,,,,,,,,,
644,20250903,0,485.0,397.0,312.0,396.0,337.0,376.0,390.0,409.0,462.0,436.0,589.0,689.0,964.0,689.0,469.0,485.0,585.0,487.0,646.0
645,20251110,0,520.0,414.0,448.0,490.0,370.0,438.0,441.0,687.0,344.0,507.0,572.0,685.0,579.0,676.0,460.0,676.0,554.0,464.0,571.0
646,20251104,0,525.0,431.0,445.0,559.0,402.0,556.0,465.0,705.0,430.0,515.0,569.0,694.0,110.0,674.0,486.0,668.0,557.0,501.0,595.0
647,20250601,0,529.0,436.0,530.0,594.0,439.0,535.0,482.0,509.0,414.0,504.0,529.0,613.0,156.0,676.0,492.0,594.0,516.0,537.0,616.0
648,20250924,0,502.0,394.0,322.0,400.0,327.0,409.0,400.0,331.0,385.0,479.0,585.0,681.0,863.0,685.0,485.0,509.0,586.0,478.0,646.0
649,20251109,0,506.0,388.0,322.0,470.0,347.0,457.0,431.0,365.0,445.0,496.0,553.0,566.0,808.0,675.0,470.0,501.0,542.0,494.0,601.0
650,20250816,0,495.0,355.0,301.0,306.0,339.0,321.0,345.0,392.0,466.0,421.0,631.0,659.0,841.0,693.0,450.0,448.0,583.0,612.0,635.0
651,20250531,0,521.0,351.0,312.0,310.0,358.0,355.0,360.0,452.0,475.0,487.0,606.0,671.0,869.0,690.0,457.0,523.0,598.0,578.0,635.0
652,20250323,0,526.0,452.0,457.0,421.0,355.0,426.0,469.0,537.0,407.0,526.0,587.0,629.0,710.0,673.0,457.0,616.0,582.0,554.0,620.0
653,20250707,0,500.0,370.0,384.0,311.0,343.0,321.0,390.0,541.0,484.0,423.0,616.0,684.0,714.0,696.0,485.0,603.0,616.0,540.0,649.0
654,20250610,0,505.0,412.0,441.0,415.0,341.0,360.0,446.0,462.0,402.0,455.0,577.0,696.0,957.0,687.0,451.0,609.0,614.0,492.0,653.0
655,20250915,0,524.0,408.0,418.0,323.0,343.0,346.0,428.0,266.0,428.0,448.0,599.0,611.0,843.0,697.0,442.0,590.0,627.0,572.0,590.0
656,20250919,0,516.0,465.0,387.0,466.0,431.0,541.0,469.0,677.0,345.0,500.0,564.0,687.0,238.0,680.0,512.0,583.0,549.0,468.0,542.0
657,20250727,0,538.0,413.0,526.0,481.0,359.0,406.0,447.0,531.0,351.0,491.0,557.0,663.0,889.0,686.0,472.0,600.0,588.0,531.0,583.0
658,20251105,0,556.0,433.0,496.0,541.0,368.0,391.0,450.0,679.0,499.0,487.0,555.0,672.0,758.0,689.0,474.0,669.0,530.0,540.0,552.0
659,20251007,0,490.0,396.0,312.0,348.0,325.0,382.0,389.0,403.0,463.0,463.0,593.0,689.0,927.0,693.0,455.0,555.0,570.0,504.0,640.0
660,20250328,0,545.0,412.0,457.0,529.0,398.0,541.0,454.0,467.0,490.0,599.0,564.0,604.0,186.0,655.0,481.0,574.0,571.0,447.0,637.0
661,20251104,0,495.0,413.0,321.0,506.0,375.0,524.0,408.0,349.0,393.0,473.0,564.0,700.0,552.0,690.0,468.0,550.0,497.0,478.0,586.0
662,20251106,0,539.0,411.0,369.0,505.0,372.0,563.0,446.0,564.0,372.0,538.0,567.0,692.0,649.0,650.0,477.0,615.0,557.0,466.0,643.0
663,20250916,0,522.0,432.0,365.0,327.0,332.0,388.0,441.0,518.0,391.0,505.0,599.0,665.0,830.0,669.0,486.0,626.0,530.0,516.0,574.0
664,20250921,0,514.0,480.0,352.0,448.0,409.0,493.0,457.0,637.0,388.0,507.0,578.0,700.0,484.0,673.0,496.0,576.0,556.0,469.0,593.0
665,20250822,0,527.0,400.0,428.0,585.0,372.0,425.0,457.0,490.0,429.0,502.0,562.0,683.0,570.0,687.0,489.0,610.0,521.0,539.0,628.0
666,20250721,0,540.0,453.0,372.0,472.0,409.0,560.0,468.0,563.0,329.0,541.0,554.0,681.0,325.0,669.0,499.0,573.0,499.0,440.0,558.0
667,20250512,0,513.0,401.0,409.0,420.0,345.0,361.0,429.0,338.0,459.0,480.0,576.0,612.0,959.0,705.0,457.0,537.0,630.0,598.0,642.0
668,20250701,0,510.0,420.0,457.0,508.0,383.0,451.0,438.0,615.0,529.0,499.0,560.0,630.0,466.0,683.0,478.0,639.0,560.0,475.0,615.0
669,20250920,0,495.0,413.0,349.0,324.0,324.0,374.0,399.0,365.0,308.0,459.0,595.0,700.0,929.0,691.0,437.0,557.0,638.0,559.0,642.0
670,20250527,0,521.0,492.0,436.0,519.0,434.0,593.0,477.0,710.0,366.0,527.0,557.0,625.0,236.0,680.0,520.0,679.0,576.0,491.0,609.0
671,20250925,0,505.0,394.0,429.0,396.0,340.0,349.0,445.0,387.0,407.0,474.0,584.0,669.0,961.0,695.0,454.0,601.0,644.0,570.0,635.0
672,20250611,0,535.0,447.0,491.0,523.0,417.0,492.0,510.0,770.0,399.0,545.0,539.0,657.0,606.0,664.0,476.0,628.0,620.0,519.0,634.0
673,20250524,0,,,,,,,,,,,,,,,,,,,
674,20250602,0,523.0,464.0,546.0,489.0,449.0,535.0,518.0,531.0,371.0,532.0,537.0,610.0,475.0,658.0,474.0,670.0,564.0,529.0,629.0
675,20250518,0,500.0,367.0,322.0,440.0,318.0,392.0,381.0,320.0,393.0,500.0,578.0,700.0,955.0,681.0,474.0,472.0,557.0,507.0,649.0
676,20250722,0,509.0,380.0,312.0,373.0,339.0,402.0,430.0,549.0,510.0,519.0,595.0,657.0,580.0,684.0,481.0,586.0,510.0,497.0,579.0
677,20250524,0,503.0,368.0,322.0,394.0,350.0,380.0,417.0,340.0,387.0,453.0,584.0,606.0,973.0,688.0,460.0,443.0,568.0,536.0,644.0
678,20250725,0,523.0,412.0,457.0,486.0,387.0,518.0,460.0,402.0,385.0,516.0,553.0,662.0,699.0,683.0,497.0,588.0,579.0,521.0,619.0
679,20251119,0,490.0,408.0,394.0,553.0,363.0,494.0,426.0,635.0,399.0,464.0,563.0,700.0,591.0,689.0,492.0,591.0,593.0,490.0,637.0
680,20250909,0,517.0,442.0,375.0,397.0,339.0,390.0,436.0,317.0,343.0,461.0,589.0,659.0,857.0,685.0,459.0,540.0,623.0,574.0,614.0
681,20251028,0,528.0,429.0,487.0,471.0,379.0,475.0,451.0,524.0,227.0,493.0,587.0,688.0,227.0,681.0,498.0,617.0,576.0,504.0,585.0
682,20250730,0,509.0,370.0,418.0,321.0,327.0,356.0,414.0,514.0,463.0,461.0,598.0,652.0,959.0,698.0,432.0,614.0,613.0,607.0,626.0
683,20250826,0,521.0,403.0,439.0,570.0,328.0,358.0,443.0,619.0,539.0,492.0,575.0,665.0,885.0,696.0,446.0,623.0,648.0,581.0,650.0
684,20250930,0,524.0,428.0,416.0,548.0,402.0,553.0,438.0,583.0,337.0,535.0,559.0,683.0,447.0,659.0,513.0,591.0,572.0,409.0,643.0
685,20250720,0,503.0,338.0,429.0,309.0,312.0,305.0,404.0,314.0,465.0,471.0,614.0,646.0,936.0,695.0,466.0,572.0,625.0,528.0,653.0
686,20250618,0,502.0,377.0,379.0,311.0,328.0,344.0,375.0,359.0,457.0,471.0,613.0,684.0,951.0,695.0,449.0,449.0,633.0,557.0,642.0
687,20251002,0,522.0,442.0,457.0,523.0,363.0,447.0,475.0,662.0,414.0,520.0,549.0,671.0,579.0,670.0,478.0,622.0,632.0,559.0,639.0
688,20250313,0,531.0,403.0,351.0,442.0,379.0,498.0,415.0,390.0,456.0,507.0,581.0,629.0,456.0,674.0,468.0,558.0,583.0,497.0,636.0
689,20250307,0,522.0,376.0,375.0,515.0,365.0,458.0,422.0,470.0,367.0,551.0,561.0,690.0,759.0,681.0,477.0,504.0,574.0,461.0,646.0
690,20250808,0,526.0,450.0,530.0,648.0,391.0,449.0,460.0,694.0,588.0,528.0,523.0,614.0,630.0,678.0,472.0,631.0,581.0,494.0,635.0
691,20251011,0,507.0,419.0,448.0,462.0,337.0,429.0,444.0,493.0,378.0,446.0,578.0,686.0,688.0,691.0,475.0,615.0,536.0,518.0,550.0
692,20250925,0,482.0,383.0,301.0,356.0,312.0,329.0,391.0,447.0,483.0,450.0,632.0,672.0,912.0,686.0,463.0,529.0,526.0,518.0,568.0
693,20250407,0,483.0,353.0,408.0,306.0,331.0,300.0,388.0,435.0,470.0,436.0,613.0,685.0,993.0,716.0,419.0,580.0,645.0,614.0,639.0
694,20250823,0,505.0,413.0,445.0,487.0,363.0,442.0,480.0,591.0,406.0,448.0,567.0,684.0,448.0,692.0,452.0,655.0,546.0,530.0,555.0
695,20250314,0,500.0,396.0,301.0,316.0,334.0,355.0,369.0,452.0,422.0,453.0,614.0,700.0,623.0,690.0,473.0,510.0,574.0,433.0,594.0
696,20250930,0,517.0,461.0,453.0,464.0,438.0,545.0,436.0,400.0,364.0,512.0,576.0,655.0,231.0,687.0,519.0,512.0,556.0,516.0,590.0
697,20250618,0,527.0,397.0,436.0,348.0,328.0,355.0,441.0,485.0,452.0,484.0,592.0,638.0,902.0,688.0,487.0,606.0,608.0,539.0,625.0
698,20250414,0,540.0,444.0,373.0,467.0,404.0,502.0,456.0,595.0,434.0,482.0,568.0,596.0,340.0,682.0,512.0,609.0,581.0,491.0,637.0
699,20250616,0,533.0,519.0,475.0,474.0,506.0,650.0,530.0,541.0,382.0,532.0,498.0,671.0,42.0,640.0,498.0,591.0,531.0,399.0,638.0
700,20250427,0,521.0,400.0,322.0,503.0,374.0,576.0,410.0,434.0,447.0,525.0,568.0,669.0,466.0,676.0,494.0,515.0,594.0,480.0,644.0
701,20250813,0,501.0,429.0,352.0,492.0,366.0,546.0,438.0,514.0,435.0,480.0,568.0,700.0,278.0,690.0,483.0,566.0,548.0,513.0,568.0
702,20250909,0,515.0,402.0,448.0,538.0,346.0,419.0,443.0,653.0,373.0,465.0,577.0,695.0,453.0,685.0,468.0,667.0,575.0,499.0,610.0
703,20250717,0,556.0,444.0,524.0,509.0,440.0,458.0,506.0,606.0,515.0,583.0,516.0,644.0,145.0,684.0,492.0,638.0,448.0,481.0,525.0
704,20250819,0,527.0,399.0,487.0,532.0,390.0,570.0,474.0,647.0,385.0,571.0,545.0,692.0,382.0,658.0,499.0,610.0,508.0,455.0,649.0
705,20250624,0,534.0,385.0,408.0,406.0,340.0,406.0,426.0,559.0,452.0,500.0,591.0,678.0,781.0,675.0,484.0,596.0,590.0,537.0,644.0
706,20250903,0,503.0,388.0,322.0,472.0,410.0,553.0,411.0,331.0,327.0,492.0,551.0,700.0,549.0,660.0,485.0,522.0,534.0,445.0,638.0
707,20250422,0,512.0,361.0,301.0,356.0,362.0,362.0,396.0,544.0,535.0,467.0,629.0,590.0,731.0,700.0,483.0,531.0,497.0,542.0,549.0
708,20250428,0,512.0,428.0,301.0,360.0,405.0,413.0,383.0,332.0,385.0,494.0,612.0,530.0,529.0,691.0,506.0,465.0,593.0,532.0,600.0
709,20250816,0,524.0,412.0,322.0,467.0,355.0,470.0,400.0,475.0,403.0,530.0,565.0,627.0,667.0,665.0,474.0,513.0,619.0,467.0,639.0
710,20250412,0,528.0,456.0,448.0,502.0,343.0,429.0,496.0,577.0,257.0,462.0,561.0,678.0,910.0,697.0,458.0,623.0,649.0,572.0,650.0
711,20250608,0,558.0,393.0,423.0,467.0,338.0,393.0,445.0,431.0,271.0,556.0,573.0,688.0,839.0,676.0,466.0,557.0,614.0,558.0,652.0
712,20250822,0,522.0,407.0,388.0,563.0,371.0,545.0,438.0,532.0,360.0,532.0,559.0,692.0,686.0,670.0,481.0,578.0,553.0,447.0,644.0
713,20250615,0,519.0,403.0,368.0,516.0,357.0,535.0,388.0,255.0,311.0,495.0,541.0,642.0,810.0,685.0,487.0,484.0,549.0,505.0,619.0
714,20250415,0,500.0,410.0,439.0,449.0,356.0,395.0,439.0,504.0,494.0,458.0,570.0,581.0,856.0,697.0,478.0,628.0,609.0,566.0,593.0
715,20250607,0,538.0,452.0,321.0,398.0,381.0,522.0,430.0,509.0,314.0,559.0,586.0,677.0,442.0,656.0,462.0,539.0,585.0,485.0,607.0
716,20250323,0,496.0,367.0,301.0,316.0,327.0,321.0,355.0,395.0,535.0,437.0,634.0,700.0,938.0,697.0,462.0,447.0,618.0,510.0,651.0
717,20251030,0,471.0,395.0,342.0,356.0,325.0,300.0,402.0,356.0,441.0,414.0,613.0,674.0,965.0,705.0,480.0,542.0,536.0,534.0,565.0
718,20250919,0,507.0,424.0,467.0,535.0,398.0,504.0,468.0,783.0,434.0,516.0,560.0,647.0,296.0,675.0,512.0,657.0,540.0,466.0,519.0
719,20250708,0,488.0,392.0,436.0,313.0,372.0,317.0,413.0,402.0,408.0,382.0,615.0,624.0,968.0,718.0,463.0,625.0,476.0,578.0,554.0
720,20250927,0,,,,,,,,,,,,,,,,,,,
721,20250716,0,530.0,424.0,429.0,532.0,371.0,514.0,458.0,650.0,485.0,536.0,549.0,671.0,623.0,668.0,488.0,592.0,565.0,502.0,633.0
722,20251102,0,572.0,399.0,355.0,428.0,375.0,455.0,422.0,612.0,519.0,563.0,586.0,631.0,426.0,681.0,510.0,614.0,548.0,512.0,582.0
723,20251002,0,504.0,404.0,322.0,506.0,372.0,533.0,415.0,462.0,308.0,481.0,565.0,700.0,587.0,684.0,486.0,474.0,538.0,453.0,649.0
724,20250327,0,,,,,,,,,,,,,,,,,,,
725,20250528,0,528.0,368.0,390.0,300.0,322.0,310.0,381.0,350.0,453.0,454.0,611.0,685.0,918.0,702.0,454.0,553.0,628.0,596.0,634.0
726,20250810,0,527.0,380.0,334.0,396.0,330.0,349.0,415.0,441.0,424.0,507.0,578.0,683.0,917.0,683.0,485.0,576.0,582.0,546.0,641.0
727,20251101,0,501.0,392.0,444.0,481.0,351.0,445.0,448.0,468.0,409.0,519.0,584.0,688.0,797.0,684.0,485.0,612.0,594.0,507.0,642.0
728,20250421,0,500.0,390.0,301.0,431.0,376.0,461.0,382.0,381.0,432.0,465.0,589.0,633.0,296.0,697.0,472.0,539.0,498.0,523.0,560.0
729,20250501,0,481.0,371.0,301.0,355.0,354.0,368.0,365.0,383.0,460.0,462.0,618.0,655.0,887.0,699.0,476.0,533.0,511.0,527.0,554.0
730,20250924,0,488.0,393.0,300.0,356.0,358.0,366.0,366.0,351.0,308.0,461.0,615.0,700.0,547.0,693.0,489.0,483.0,502.0,439.0,531.0
731,20251106,0,509.0,394.0,435.0,408.0,357.0,415.0,443.0,494.0,387.0,501.0,577.0,696.0,791.0,680.0,475.0,609.0,587.0,508.0,645.0
732,20250923,0,503.0,402.0,354.0,310.0,322.0,350.0,398.0,528.0,421.0,437.0,608.0,676.0,531.0,691.0,501.0,555.0,554.0,540.0,600.0
733,20251102,0,522.0,423.0,409.0,524.0,382.0,543.0,454.0,441.0,365.0,530.0,540.0,686.0,789.0,674.0,487.0,535.0,551.0,462.0,643.0
734,20250727,0,479.0,381.0,475.0,310.0,361.0,330.0,414.0,395.0,475.0,449.0,613.0,581.0,903.0,723.0,499.0,604.0,557.0,624.0,584.0
735,20251007,0,508.0,412.0,354.0,352.0,330.0,416.0,439.0,424.0,399.0,463.0,594.0,687.0,831.0,683.0,485.0,549.0,603.0,542.0,649.0
736,20250822,0,526.0,384.0,378.0,397.0,317.0,364.0,426.0,526.0,400.0,449.0,589.0,684.0,895.0,693.0,455.0,598.0,572.0,518.0,640.0
737,20250405,0,495.0,354.0,301.0,311.0,342.0,300.0,389.0,356.0,391.0,470.0,606.0,679.0,952.0,703.0,453.0,468.0,584.0,535.0,565.0
738,20251031,0,562.0,424.0,356.0,486.0,473.0,596.0,452.0,593.0,319.0,585.0,548.0,689.0,271.0,652.0,513.0,578.0,560.0,415.0,636.0
739,20250523,0,508.0,395.0,301.0,360.0,346.0,362.0,369.0,518.0,517.0,471.0,615.0,673.0,669.0,690.0,480.0,580.0,593.0,525.0,639.0
740,20250507,0,526.0,369.0,322.0,437.0,330.0,407.0,403.0,447.0,457.0,490.0,585.0,667.0,812.0,689.0,473.0,512.0,575.0,496.0,652.0
741,20251031,0,520.0,367.0,301.0,312.0,316.0,347.0,388.0,431.0,423.0,484.0,635.0,658.0,798.0,693.0,487.0,478.0,530.0,498.0,621.0
742,20250407,0,456.0,341.0,436.0,303.0,337.0,300.0,387.0,516.0,506.0,415.0,623.0,653.0,991.0,718.0,450.0,561.0,650.0,602.0,636.0
743,20250531,0,522.0,446.0,482.0,547.0,501.0,666.0,470.0,608.0,379.0,529.0,525.0,687.0,80.0,666.0,509.0,635.0,572.0,479.0,639.0
744,20250430,0,523.0,413.0,578.0,531.0,415.0,511.0,476.0,517.0,416.0,529.0,562.0,648.0,772.0,682.0,514.0,611.0,534.0,458.0,611.0
745,20250825,0,,,,,,,,,,,,,,,,,,,
746,20251001,0,509.0,392.0,410.0,391.0,371.0,417.0,415.0,482.0,400.0,509.0,602.0,682.0,470.0,687.0,487.0,569.0,596.0,539.0,617.0
747,20251108,0,495.0,367.0,426.0,319.0,314.0,329.0,383.0,592.0,447.0,410.0,600.0,684.0,993.0,725.0,433.0,534.0,660.0,596.0,636.0
748,20251005,0,485.0,403.0,426.0,451.0,335.0,376.0,414.0,393.0,394.0,458.0,592.0,700.0,883.0,698.0,451.0,574.0,591.0,530.0,614.0
749,20250829,0,507.0,385.0,437.0,440.0,348.0,370.0,451.0,404.0,447.0,483.0,572.0,607.0,904.0,697.0,452.0,547.0,669.0,565.0,624.0
750,20250715,0,506.0,398.0,457.0,395.0,327.0,365.0,430.0,633.0,468.0,439.0,578.0,645.0,804.0,693.0,479.0,623.0,615.0,567.0,632.0
751,20251007,0,445.0,347.0,354.0,307.0,310.0,313.0,354.0,291.0,443.0,366.0,628.0,700.0,988.0,720.0,415.0,473.0,649.0,583.0,648.0
752,20250806,0,518.0,408.0,426.0,366.0,327.0,369.0,434.0,537.0,384.0,519.0,591.0,688.0,805.0,684.0,454.0,629.0,626.0,524.0,618.0
753,20250719,0,516.0,403.0,429.0,515.0,333.0,413.0,429.0,394.0,425.0,461.0,556.0,673.0,923.0,686.0,479.0,560.0,597.0,483.0,645.0
754,20251108,0,505.0,418.0,301.0,381.0,343.0,459.0,404.0,317.0,419.0,502.0,594.0,700.0,802.0,681.0,477.0,554.0,590.0,463.0,642.0
755,20250804,0,493.0,395.0,388.0,519.0,367.0,473.0,451.0,515.0,410.0,479.0,564.0,683.0,734.0,686.0,473.0,577.0,592.0,522.0,630.0
756,20250731,0,493.0,368.0,301.0,355.0,313.0,339.0,376.0,507.0,362.0,448.0,616.0,687.0,898.0,695.0,478.0,461.0,557.0,531.0,580.0
757,20250914,0,521.0,430.0,351.0,516.0,384.0,587.0,434.0,502.0,395.0,571.0,554.0,686.0,429.0,656.0,496.0,524.0,559.0,428.0,638.0
758,20250930,0,538.0,456.0,530.0,568.0,422.0,434.0,462.0,583.0,511.0,543.0,523.0,621.0,384.0,677.0,483.0,621.0,583.0,517.0,577.0
759,20250521,0,500.0,412.0,331.0,435.0,371.0,509.0,409.0,503.0,462.0,491.0,591.0,649.0,327.0,688.0,515.0,494.0,439.0,446.0,440.0
760,20250906,0,531.0,454.0,457.0,510.0,335.0,384.0,445.0,573.0,611.0,577.0,568.0,654.0,603.0,679.0,488.0,654.0,609.0,526.0,642.0
761,20250614,0,508.0,362.0,301.0,310.0,337.0,340.0,375.0,424.0,449.0,441.0,612.0,684.0,918.0,700.0,452.0,529.0,611.0,556.0,655.0
762,20251028,0,537.0,466.0,440.0,591.0,440.0,597.0,505.0,653.0,306.0,562.0,521.0,679.0,94.0,648.0,487.0,662.0,545.0,505.0,619.0
763,20250521,0,553.0,491.0,384.0,557.0,425.0,596.0,488.0,585.0,365.0,552.0,538.0,652.0,179.0,660.0,490.0,634.0,545.0,477.0,623.0
764,20250523,0,496.0,424.0,382.0,466.0,365.0,505.0,420.0,395.0,297.0,481.0,565.0,683.0,771.0,685.0,480.0,545.0,617.0,554.0,608.0
765,20251017,0,461.0,392.0,408.0,384.0,317.0,344.0,401.0,522.0,379.0,404.0,589.0,698.0,970.0,706.0,451.0,568.0,603.0,549.0,634.0
766,20251030,0,560.0,443.0,504.0,521.0,476.0,602.0,490.0,626.0,339.0,584.0,514.0,688.0,122.0,657.0,513.0,611.0,546.0,464.0,598.0
767,20250314,0,529.0,369.0,419.0,393.0,339.0,379.0,420.0,525.0,434.0,433.0,585.0,684.0,880.0,694.0,475.0,618.0,597.0,525.0,650.0
768,20251025,0,528.0,480.0,491.0,533.0,364.0,505.0,483.0,589.0,421.0,546.0,522.0,658.0,690.0,667.0,487.0,640.0,571.0,514.0,633.0
769,20251024,0,510.0,431.0,496.0,504.0,385.0,473.0,452.0,628.0,411.0,487.0,556.0,675.0,258.0,674.0,480.0,651.0,384.0,523.0,516.0
770,20250922,0,517.0,397.0,445.0,483.0,375.0,511.0,430.0,445.0,393.0,500.0,570.0,700.0,603.0,672.0,475.0,552.0,541.0,435.0,568.0
771,20251022,0,502.0,403.0,352.0,440.0,368.0,519.0,405.0,561.0,511.0,500.0,584.0,690.0,666.0,682.0,484.0,592.0,559.0,462.0,637.0
772,20250825,0,499.0,425.0,322.0,509.0,359.0,464.0,413.0,472.0,354.0,464.0,566.0,686.0,719.0,693.0,483.0,561.0,564.0,499.0,588.0
773,20251002,0,522.0,355.0,418.0,303.0,323.0,323.0,424.0,469.0,504.0,423.0,626.0,639.0,970.0,701.0,452.0,569.0,625.0,577.0,647.0
774,20251119,0,488.0,422.0,322.0,503.0,369.0,524.0,406.0,462.0,395.0,485.0,568.0,700.0,204.0,691.0,491.0,514.0,526.0,439.0,571.0
775,20250522,0,517.0,425.0,491.0,596.0,389.0,422.0,443.0,355.0,446.0,563.0,538.0,563.0,670.0,678.0,485.0,577.0,604.0,532.0,645.0
776,20250917,0,510.0,424.0,301.0,363.0,360.0,499.0,399.0,446.0,412.0,532.0,594.0,700.0,423.0,660.0,498.0,550.0,426.0,476.0,545.0
777,20250908,0,523.0,412.0,378.0,330.0,362.0,414.0,416.0,504.0,412.0,434.0,603.0,692.0,683.0,695.0,466.0,605.0,630.0,587.0,617.0
778,20250811,0,519.0,404.0,429.0,575.0,369.0,512.0,448.0,495.0,455.0,513.0,554.0,693.0,743.0,673.0,480.0,618.0,568.0,480.0,645.0
779,20250805,0,532.0,405.0,436.0,579.0,354.0,450.0,434.0,714.0,424.0,499.0,555.0,682.0,818.0,676.0,485.0,649.0,573.0,505.0,639.0
780,20251007,0,500.0,424.0,457.0,420.0,371.0,378.0,480.0,722.0,437.0,442.0,577.0,672.0,866.0,688.0,453.0,665.0,600.0,599.0,605.0
781,20250722,0,515.0,393.0,436.0,550.0,388.0,474.0,446.0,646.0,387.0,512.0,551.0,700.0,856.0,679.0,485.0,655.0,615.0,521.0,652.0
782,20250815,0,552.0,443.0,384.0,535.0,409.0,602.0,419.0,598.0,280.0,555.0,518.0,673.0,295.0,667.0,501.0,529.0,527.0,465.0,567.0
783,20250706,0,497.0,388.0,399.0,316.0,362.0,372.0,379.0,484.0,442.0,437.0,611.0,700.0,854.0,695.0,468.0,506.0,579.0,532.0,590.0
784,20251202,0,517.0,410.0,342.0,316.0,330.0,356.0,404.0,370.0,333.0,446.0,599.0,678.0,930.0,700.0,466.0,489.0,607.0,576.0,638.0
785,20250407,0,512.0,397.0,457.0,425.0,349.0,381.0,473.0,490.0,416.0,529.0,575.0,647.0,635.0,679.0,476.0,571.0,594.0,551.0,640.0
786,20250701,0,513.0,413.0,300.0,438.0,372.0,530.0,388.0,332.0,329.0,511.0,589.0,700.0,764.0,673.0,493.0,492.0,556.0,483.0,642.0
787,20250324,0,516.0,374.0,444.0,523.0,352.0,467.0,431.0,493.0,469.0,507.0,565.0,635.0,793.0,690.0,479.0,573.0,573.0,509.0,650.0
788,20250428,0,528.0,411.0,473.0,520.0,397.0,529.0,430.0,480.0,420.0,513.0,562.0,671.0,624.0,664.0,495.0,570.0,571.0,493.0,632.0
789,20250731,0,525.0,430.0,389.0,566.0,434.0,566.0,467.0,537.0,358.0,523.0,540.0,654.0,344.0,676.0,502.0,589.0,507.0,480.0,609.0
790,20250912,0,556.0,425.0,491.0,495.0,367.0,407.0,438.0,410.0,474.0,520.0,533.0,646.0,823.0,687.0,486.0,589.0,640.0,584.0,655.0
791,20250529,0,496.0,386.0,400.0,395.0,350.0,393.0,411.0,472.0,488.0,448.0,581.0,664.0,785.0,689.0,477.0,617.0,565.0,519.0,617.0
792,20250529,0,510.0,418.0,368.0,512.0,385.0,478.0,433.0,564.0,390.0,515.0,537.0,700.0,603.0,680.0,488.0,611.0,574.0,453.0,646.0
793,20250822,0,497.0,378.0,457.0,407.0,330.0,344.0,406.0,538.0,496.0,413.0,580.0,650.0,978.0,721.0,444.0,631.0,623.0,577.0,644.0
794,20250902,0,492.0,397.0,356.0,513.0,394.0,553.0,400.0,608.0,454.0,491.0,541.0,700.0,137.0,689.0,471.0,590.0,492.0,524.0,574.0
795,20251101,0,509.0,376.0,322.0,406.0,348.0,382.0,390.0,367.0,505.0,463.0,577.0,649.0,883.0,684.0,469.0,498.0,571.0,521.0,638.0
796,20250428,0,513.0,395.0,321.0,504.0,362.0,501.0,389.0,340.0,442.0,499.0,565.0,700.0,828.0,680.0,468.0,522.0,567.0,467.0,642.0
797,20250327,0,,,,,,,,,,,,,,,,,,,
798,20251031,0,512.0,415.0,350.0,519.0,380.0,563.0,414.0,432.0,404.0,533.0,557.0,685.0,472.0,678.0,499.0,551.0,560.0,461.0,645.0
799,20250615,0,487.0,364.0,301.0,373.0,315.0,344.0,374.0,388.0,507.0,445.0,604.0,700.0,844.0,697.0,469.0,517.0,564.0,506.0,613.0
800,20250929,0,527.0,461.0,473.0,564.0,394.0,547.0,487.0,697.0,482.0,540.0,533.0,662.0,425.0,664.0,478.0,627.0,555.0,476.0,578.0
801,20250723,0,517.0,435.0,530.0,575.0,434.0,413.0,471.0,565.0,526.0,478.0,532.0,631.0,741.0,696.0,458.0,611.0,511.0,534.0,511.0
802,20250314,0,494.0,604.0,356.0,466.0,493.0,618.0,603.0,449.0,348.0,558.0,414.0,638.0,5.0,651.0,507.0,595.0,547.0,398.0,635.0
803,20250527,0,534.0,423.0,530.0,533.0,435.0,556.0,488.0,681.0,516.0,519.0,528.0,664.0,273.0,663.0,486.0,667.0,542.0,470.0,607.0
804,20251007,0,481.0,386.0,391.0,338.0,330.0,369.0,428.0,369.0,502.0,449.0,600.0,700.0,850.0,687.0,466.0,575.0,634.0,513.0,633.0
805,20250720,0,515.0,444.0,485.0,489.0,480.0,582.0,487.0,557.0,383.0,529.0,497.0,678.0,196.0,665.0,486.0,602.0,547.0,489.0,588.0
806,20251016,0,,,,,,,,,,,,,,,,,,,
807,20250623,0,532.0,440.0,429.0,390.0,340.0,365.0,439.0,475.0,438.0,561.0,586.0,666.0,921.0,693.0,487.0,662.0,605.0,530.0,651.0
808,20250816,0,531.0,449.0,512.0,598.0,417.0,586.0,493.0,547.0,428.0,562.0,525.0,669.0,273.0,656.0,495.0,638.0,507.0,472.0,656.0
809,20250526,0,528.0,403.0,322.0,489.0,378.0,530.0,404.0,547.0,419.0,527.0,575.0,678.0,529.0,668.0,500.0,564.0,529.0,478.0,585.0
810,20250507,0,502.0,395.0,457.0,475.0,359.0,344.0,444.0,520.0,519.0,461.0,573.0,569.0,925.0,717.0,433.0,594.0,631.0,619.0,652.0
811,20250628,0,541.0,386.0,382.0,506.0,380.0,493.0,437.0,634.0,466.0,560.0,570.0,691.0,628.0,657.0,498.0,639.0,597.0,517.0,643.0
812,20251016,0,500.0,399.0,409.0,492.0,355.0,509.0,396.0,310.0,419.0,524.0,569.0,700.0,763.0,670.0,468.0,517.0,560.0,467.0,646.0
813,20250625,0,505.0,399.0,475.0,303.0,368.0,317.0,443.0,537.0,569.0,497.0,606.0,653.0,848.0,700.0,459.0,640.0,604.0,602.0,626.0
814,20250807,0,526.0,415.0,444.0,501.0,357.0,434.0,453.0,696.0,491.0,509.0,573.0,647.0,640.0,669.0,481.0,625.0,600.0,504.0,642.0
815,20251026,0,521.0,441.0,439.0,452.0,385.0,510.0,460.0,500.0,407.0,537.0,588.0,640.0,412.0,674.0,488.0,591.0,592.0,477.0,649.0
816,20251004,0,499.0,396.0,448.0,437.0,341.0,366.0,427.0,583.0,413.0,435.0,582.0,689.0,887.0,690.0,467.0,598.0,609.0,541.0,630.0
817,20250303,0,498.0,406.0,368.0,514.0,376.0,526.0,408.0,294.0,463.0,537.0,478.0,619.0,800.0,661.0,484.0,521.0,512.0,488.0,642.0
818,20250707,0,504.0,395.0,334.0,466.0,385.0,533.0,401.0,358.0,298.0,512.0,566.0,683.0,400.0,677.0,491.0,518.0,549.0,510.0,600.0
819,20250418,0,556.0,391.0,413.0,387.0,369.0,405.0,427.0,412.0,436.0,490.0,589.0,629.0,748.0,677.0,452.0,581.0,636.0,577.0,653.0
820,20251008,0,514.0,409.0,360.0,321.0,361.0,420.0,404.0,355.0,359.0,468.0,598.0,664.0,749.0,683.0,449.0,491.0,601.0,554.0,619.0
821,20251103,0,501.0,418.0,550.0,541.0,386.0,448.0,422.0,545.0,346.0,492.0,541.0,696.0,901.0,679.0,490.0,635.0,601.0,510.0,629.0
822,20250917,0,542.0,414.0,524.0,479.0,440.0,429.0,501.0,600.0,702.0,525.0,533.0,569.0,338.0,708.0,509.0,660.0,295.0,640.0,406.0
823,20251111,0,534.0,430.0,599.0,643.0,429.0,566.0,469.0,783.0,329.0,539.0,515.0,682.0,551.0,665.0,505.0,617.0,549.0,513.0,591.0
824,20250606,0,529.0,433.0,439.0,473.0,383.0,507.0,464.0,507.0,355.0,501.0,561.0,633.0,606.0,679.0,486.0,565.0,518.0,481.0,595.0
825,20250611,0,517.0,399.0,457.0,409.0,340.0,369.0,428.0,594.0,566.0,462.0,577.0,642.0,908.0,701.0,447.0,617.0,626.0,567.0,658.0
826,20250317,0,510.0,400.0,349.0,342.0,355.0,405.0,405.0,564.0,428.0,451.0,594.0,645.0,873.0,684.0,480.0,635.0,626.0,551.0,638.0
827,20251017,0,517.0,405.0,429.0,545.0,379.0,485.0,458.0,511.0,404.0,467.0,546.0,695.0,755.0,682.0,460.0,604.0,585.0,511.0,637.0
828,20250428,0,515.0,397.0,321.0,506.0,358.0,534.0,418.0,564.0,514.0,543.0,566.0,700.0,523.0,669.0,486.0,574.0,566.0,456.0,592.0
829,20250812,0,454.0,372.0,475.0,402.0,373.0,344.0,410.0,480.0,480.0,384.0,588.0,635.0,947.0,734.0,427.0,643.0,472.0,627.0,562.0
830,20250927,0,507.0,389.0,457.0,576.0,364.0,457.0,450.0,574.0,458.0,471.0,556.0,674.0,710.0,684.0,474.0,632.0,608.0,497.0,655.0
831,20251027,0,513.0,369.0,312.0,321.0,355.0,376.0,404.0,493.0,474.0,489.0,615.0,645.0,803.0,690.0,490.0,548.0,568.0,516.0,591.0
832,20250919,0,495.0,439.0,491.0,510.0,378.0,423.0,461.0,434.0,500.0,492.0,525.0,629.0,618.0,688.0,480.0,614.0,503.0,499.0,593.0
833,20250922,0,547.0,473.0,455.0,521.0,463.0,588.0,464.0,566.0,406.0,586.0,507.0,681.0,202.0,624.0,500.0,586.0,557.0,484.0,633.0
834,20250403,0,545.0,434.0,441.0,458.0,356.0,476.0,439.0,318.0,346.0,508.0,547.0,666.0,861.0,679.0,480.0,583.0,629.0,575.0,637.0
835,20250312,0,533.0,416.0,457.0,515.0,387.0,479.0,452.0,597.0,371.0,551.0,564.0,663.0,698.0,671.0,479.0,612.0,633.0,530.0,643.0
836,20250609,0,532.0,408.0,416.0,520.0,398.0,545.0,430.0,575.0,407.0,549.0,530.0,682.0,569.0,674.0,497.0,554.0,623.0,503.0,646.0
837,20250914,0,518.0,430.0,473.0,474.0,453.0,600.0,449.0,543.0,346.0,527.0,514.0,700.0,154.0,673.0,479.0,581.0,565.0,413.0,644.0
838,20251031,0,494.0,412.0,349.0,351.0,346.0,390.0,401.0,578.0,387.0,464.0,591.0,691.0,525.0,685.0,483.0,571.0,534.0,508.0,590.0
839,20250721,0,545.0,445.0,357.0,436.0,324.0,414.0,435.0,357.0,260.0,481.0,573.0,690.0,858.0,683.0,445.0,497.0,623.0,544.0,645.0
840,20250522,0,524.0,425.0,457.0,468.0,367.0,418.0,466.0,677.0,597.0,504.0,558.0,662.0,715.0,693.0,447.0,611.0,584.0,551.0,634.0
841,20250622,0,505.0,363.0,360.0,324.0,326.0,354.0,381.0,319.0,432.0,454.0,603.0,671.0,906.0,686.0,444.0,444.0,597.0,566.0,638.0
842,20251002,0,477.0,360.0,354.0,300.0,332.0,300.0,387.0,370.0,505.0,413.0,641.0,682.0,964.0,707.0,453.0,457.0,570.0,568.0,629.0
843,20251110,0,492.0,415.0,321.0,442.0,367.0,447.0,418.0,391.0,310.0,468.0,581.0,700.0,530.0,699.0,488.0,482.0,548.0,424.0,534.0
844,20250904,0,535.0,421.0,429.0,470.0,344.0,436.0,446.0,483.0,354.0,553.0,565.0,681.0,613.0,673.0,466.0,639.0,604.0,511.0,618.0
845,20250921,0,541.0,464.0,470.0,516.0,441.0,480.0,493.0,630.0,386.0,548.0,550.0,635.0,79.0,691.0,510.0,612.0,332.0,529.0,506.0
846,20251107,0,511.0,384.0,457.0,391.0,324.0,363.0,437.0,651.0,535.0,443.0,588.0,684.0,800.0,685.0,459.0,590.0,596.0,597.0,612.0
847,20250831,0,523.0,391.0,313.0,330.0,348.0,397.0,398.0,369.0,399.0,529.0,604.0,647.0,690.0,681.0,481.0,533.0,585.0,534.0,626.0
848,20250721,0,521.0,390.0,433.0,501.0,326.0,394.0,437.0,413.0,435.0,527.0,573.0,655.0,660.0,673.0,467.0,590.0,616.0,503.0,600.0
849,20250731,0,510.0,432.0,478.0,476.0,346.0,418.0,478.0,409.0,372.0,519.0,568.0,641.0,670.0,678.0,457.0,620.0,539.0,536.0,621.0
850,20251001,0,506.0,374.0,387.0,475.0,348.0,466.0,423.0,469.0,497.0,489.0,563.0,669.0,859.0,681.0,462.0,508.0,575.0,474.0,640.0
851,20250927,0,474.0,415.0,457.0,397.0,329.0,361.0,422.0,549.0,609.0,441.0,580.0,660.0,427.0,692.0,449.0,611.0,618.0,589.0,583.0
852,20251112,0,486.0,437.0,301.0,331.0,331.0,392.0,398.0,359.0,375.0,441.0,599.0,700.0,759.0,687.0,489.0,494.0,397.0,451.0,429.0
853,20251107,0,489.0,354.0,436.0,303.0,322.0,300.0,391.0,647.0,595.0,377.0,617.0,686.0,993.0,718.0,438.0,620.0,615.0,586.0,643.0
854,20250814,0,503.0,400.0,322.0,516.0,362.0,494.0,411.0,336.0,406.0,486.0,552.0,678.0,758.0,684.0,482.0,503.0,563.0,459.0,617.0
855,20251005,0,531.0,390.0,478.0,495.0,395.0,468.0,462.0,774.0,472.0,507.0,561.0,655.0,112.0,683.0,488.0,679.0,371.0,533.0,477.0
856,20250420,0,535.0,380.0,352.0,491.0,391.0,512.0,415.0,468.0,341.0,508.0,573.0,673.0,532.0,676.0,490.0,573.0,546.0,499.0,607.0
857,20250301,0,561.0,428.0,519.0,514.0,452.0,571.0,458.0,397.0,422.0,613.0,535.0,604.0,164.0,672.0,511.0,537.0,563.0,487.0,604.0
858,20250403,0,513.0,415.0,496.0,652.0,379.0,431.0,466.0,415.0,363.0,528.0,564.0,660.0,753.0,681.0,482.0,626.0,564.0,496.0,593.0
859,20250322,0,506.0,432.0,496.0,451.0,377.0,344.0,458.0,668.0,452.0,434.0,575.0,647.0,897.0,719.0,475.0,666.0,435.0,598.0,487.0
860,20250530,0,561.0,416.0,389.0,514.0,460.0,561.0,432.0,437.0,459.0,583.0,532.0,566.0,72.0,681.0,514.0,483.0,514.0,448.0,615.0
861,20250604,0,546.0,438.0,534.0,526.0,442.0,588.0,476.0,620.0,378.0,529.0,533.0,676.0,348.0,660.0,492.0,637.0,529.0,484.0,641.0
862,20251110,0,499.0,579.0,356.0,466.0,440.0,573.0,531.0,597.0,349.0,532.0,478.0,655.0,132.0,655.0,508.0,596.0,534.0,397.0,633.0
863,20250923,0,479.0,357.0,367.0,410.0,330.0,371.0,415.0,382.0,491.0,437.0,589.0,659.0,914.0,695.0,460.0,535.0,621.0,522.0,639.0
864,20251013,0,489.0,360.0,426.0,391.0,307.0,344.0,425.0,373.0,380.0,475.0,589.0,687.0,980.0,715.0,440.0,619.0,644.0,582.0,617.0
865,20250619,0,528.0,381.0,439.0,577.0,376.0,499.0,455.0,681.0,497.0,526.0,557.0,653.0,679.0,662.0,448.0,648.0,618.0,510.0,624.0
866,20251013,0,511.0,384.0,409.0,392.0,326.0,346.0,429.0,359.0,487.0,431.0,586.0,669.0,946.0,702.0,453.0,564.0,622.0,562.0,642.0
867,20251021,0,528.0,386.0,352.0,443.0,352.0,419.0,426.0,435.0,488.0,511.0,577.0,689.0,720.0,681.0,481.0,512.0,624.0,529.0,646.0
868,20250701,0,498.0,429.0,496.0,596.0,369.0,389.0,470.0,612.0,500.0,487.0,549.0,643.0,785.0,684.0,460.0,627.0,599.0,525.0,652.0
869,20250513,0,538.0,394.0,321.0,495.0,370.0,555.0,420.0,590.0,453.0,549.0,569.0,633.0,616.0,683.0,502.0,535.0,556.0,441.0,640.0
870,20250914,0,491.0,395.0,301.0,346.0,320.0,354.0,391.0,393.0,437.0,452.0,592.0,700.0,931.0,695.0,469.0,518.0,588.0,505.0,653.0
871,20250520,0,512.0,348.0,301.0,309.0,334.0,318.0,357.0,423.0,451.0,442.0,637.0,684.0,844.0,690.0,460.0,490.0,639.0,586.0,650.0
872,20250803,0,517.0,368.0,435.0,488.0,345.0,443.0,432.0,546.0,525.0,511.0,567.0,673.0,568.0,675.0,504.0,563.0,584.0,504.0,647.0
873,20250928,0,441.0,389.0,457.0,439.0,338.0,351.0,415.0,518.0,627.0,367.0,574.0,657.0,896.0,718.0,470.0,596.0,634.0,583.0,642.0
874,20250522,0,521.0,386.0,451.0,527.0,381.0,477.0,452.0,471.0,453.0,522.0,564.0,664.0,748.0,670.0,468.0,595.0,587.0,449.0,644.0
875,20251024,0,518.0,418.0,487.0,532.0,357.0,472.0,468.0,684.0,398.0,493.0,561.0,689.0,742.0,674.0,480.0,663.0,608.0,537.0,640.0
876,20250428,0,530.0,417.0,322.0,414.0,379.0,459.0,415.0,551.0,368.0,484.0,576.0,656.0,712.0,680.0,456.0,579.0,612.0,540.0,637.0
877,20251114,0,537.0,420.0,521.0,634.0,415.0,591.0,487.0,568.0,363.0,549.0,531.0,696.0,264.0,658.0,489.0,645.0,568.0,484.0,617.0
878,20250908,0,518.0,417.0,400.0,484.0,352.0,471.0,451.0,607.0,450.0,525.0,573.0,700.0,570.0,673.0,477.0,634.0,571.0,484.0,618.0
879,20251102,0,491.0,410.0,393.0,404.0,356.0,442.0,419.0,459.0,437.0,451.0,578.0,691.0,598.0,693.0,491.0,540.0,504.0,480.0,565.0
880,20250616,0,479.0,397.0,496.0,465.0,359.0,369.0,456.0,595.0,375.0,432.0,573.0,668.0,691.0,694.0,476.0,651.0,534.0,494.0,576.0
881,20250709,0,527.0,445.0,576.0,559.0,435.0,509.0,461.0,790.0,591.0,554.0,534.0,601.0,408.0,664.0,481.0,650.0,511.0,514.0,581.0
882,20251018,0,508.0,411.0,429.0,519.0,356.0,453.0,430.0,564.0,463.0,523.0,572.0,684.0,554.0,679.0,501.0,634.0,555.0,480.0,633.0
883,20250313,0,530.0,408.0,448.0,528.0,390.0,471.0,444.0,482.0,436.0,532.0,550.0,662.0,761.0,669.0,484.0,569.0,576.0,485.0,647.0
884,20250305,0,523.0,432.0,352.0,440.0,380.0,512.0,372.0,384.0,456.0,527.0,578.0,655.0,487.0,679.0,491.0,504.0,571.0,446.0,621.0
885,20251003,0,,,,,,,,,,,,,,,,,,,
886,20251020,0,546.0,374.0,418.0,303.0,330.0,317.0,404.0,626.0,545.0,422.0,606.0,658.0,970.0,729.0,446.0,597.0,640.0,591.0,644.0
887,20250707,0,518.0,428.0,457.0,515.0,369.0,441.0,455.0,453.0,419.0,523.0,564.0,640.0,884.0,681.0,492.0,590.0,575.0,473.0,632.0
888,20250805,0,517.0,396.0,356.0,516.0,375.0,547.0,396.0,364.0,438.0,507.0,542.0,700.0,713.0,663.0,473.0,506.0,553.0,432.0,643.0
889,20251108,0,539.0,440.0,439.0,591.0,381.0,483.0,480.0,710.0,380.0,543.0,548.0,684.0,678.0,654.0,480.0,619.0,565.0,500.0,591.0
890,20250903,0,543.0,424.0,542.0,585.0,374.0,512.0,462.0,609.0,397.0,534.0,552.0,684.0,686.0,661.0,485.0,645.0,545.0,511.0,644.0
891,20250905,0,517.0,466.0,530.0,592.0,402.0,496.0,481.0,736.0,603.0,495.0,541.0,667.0,454.0,679.0,477.0,641.0,499.0,486.0,597.0
892,20250317,0,528.0,411.0,457.0,388.0,360.0,383.0,419.0,513.0,433.0,511.0,587.0,665.0,823.0,684.0,434.0,594.0,613.0,596.0,611.0
893,20250731,0,501.0,439.0,375.0,472.0,375.0,461.0,439.0,507.0,296.0,466.0,548.0,700.0,865.0,684.0,458.0,635.0,599.0,576.0,647.0
894,20250920,0,507.0,409.0,418.0,335.0,323.0,386.0,446.0,336.0,377.0,500.0,594.0,647.0,841.0,684.0,466.0,571.0,614.0,562.0,642.0
895,20250806,0,512.0,409.0,387.0,321.0,339.0,399.0,404.0,501.0,393.0,463.0,603.0,677.0,838.0,690.0,470.0,514.0,511.0,502.0,552.0
896,20251014,0,523.0,449.0,491.0,469.0,426.0,432.0,483.0,434.0,384.0,516.0,530.0,612.0,639.0,683.0,472.0,636.0,595.0,586.0,602.0
897,20250826,0,520.0,383.0,429.0,518.0,349.0,414.0,449.0,753.0,453.0,472.0,582.0,697.0,777.0,685.0,482.0,702.0,612.0,490.0,656.0
898,20250505,0,587.0,425.0,430.0,513.0,537.0,551.0,465.0,637.0,423.0,615.0,564.0,453.0,39.0,676.0,543.0,531.0,551.0,500.0,587.0
899,20250930,0,539.0,432.0,484.0,529.0,370.0,447.0,492.0,505.0,348.0,571.0,543.0,679.0,696.0,666.0,478.0,580.0,613.0,551.0,641.0
900,20250828,0,496.0,409.0,446.0,491.0,359.0,388.0,456.0,631.0,388.0,478.0,569.0,658.0,863.0,690.0,459.0,682.0,639.0,558.0,624.0
901,20250906,0,569.0,508.0,512.0,538.0,444.0,566.0,528.0,551.0,330.0,625.0,497.0,673.0,148.0,660.0,520.0,645.0,488.0,472.0,551.0
902,20250419,0,533.0,378.0,417.0,423.0,339.0,383.0,416.0,459.0,509.0,500.0,576.0,676.0,930.0,684.0,484.0,546.0,587.0,507.0,646.0
903,20250906,0,501.0,389.0,408.0,355.0,325.0,353.0,429.0,418.0,435.0,443.0,591.0,684.0,970.0,704.0,451.0,595.0,581.0,572.0,620.0
904,20250918,0,492.0,364.0,409.0,300.0,351.0,344.0,367.0,312.0,410.0,412.0,606.0,607.0,957.0,711.0,471.0,381.0,666.0,581.0,600.0
905,20251110,0,450.0,371.0,401.0,313.0,348.0,302.0,359.0,483.0,463.0,417.0,613.0,700.0,991.0,709.0,448.0,494.0,699.0,605.0,635.0
906,20250601,0,548.0,454.0,471.0,485.0,415.0,563.0,461.0,740.0,436.0,553.0,531.0,638.0,196.0,641.0,528.0,690.0,570.0,474.0,637.0
907,20250523,0,566.0,469.0,491.0,596.0,415.0,557.0,495.0,558.0,336.0,569.0,515.0,677.0,231.0,664.0,514.0,637.0,596.0,502.0,625.0
908,20251013,0,491.0,384.0,408.0,315.0,307.0,304.0,435.0,519.0,463.0,436.0,615.0,692.0,912.0,689.0,447.0,650.0,546.0,532.0,617.0
909,20250321,0,512.0,397.0,364.0,491.0,375.0,509.0,413.0,453.0,450.0,524.0,572.0,668.0,231.0,679.0,485.0,569.0,576.0,503.0,639.0
910,20250922,0,528.0,422.0,322.0,515.0,373.0,582.0,427.0,503.0,338.0,523.0,563.0,678.0,425.0,672.0,493.0,522.0,568.0,471.0,641.0
911,20250820,0,512.0,424.0,530.0,505.0,390.0,410.0,473.0,360.0,366.0,489.0,532.0,635.0,767.0,694.0,467.0,571.0,557.0,547.0,645.0
912,20250501,0,493.0,368.0,301.0,360.0,337.0,401.0,367.0,562.0,490.0,469.0,611.0,700.0,808.0,688.0,469.0,584.0,548.0,422.0,622.0
913,20250323,0,510.0,381.0,399.0,348.0,333.0,303.0,400.0,413.0,394.0,470.0,615.0,662.0,919.0,693.0,468.0,455.0,536.0,522.0,580.0
914,20250917,0,522.0,453.0,457.0,516.0,377.0,451.0,472.0,437.0,236.0,565.0,546.0,643.0,788.0,692.0,478.0,576.0,561.0,525.0,645.0
915,20250409,0,509.0,391.0,376.0,437.0,356.0,451.0,422.0,506.0,468.0,473.0,585.0,658.0,586.0,683.0,503.0,567.0,575.0,482.0,648.0
916,20250428,0,538.0,461.0,457.0,503.0,369.0,399.0,449.0,554.0,579.0,520.0,556.0,622.0,731.0,685.0,478.0,599.0,598.0,561.0,627.0
917,20250828,0,501.0,401.0,445.0,424.0,335.0,391.0,439.0,360.0,341.0,450.0,585.0,682.0,838.0,685.0,454.0,605.0,597.0,534.0,631.0
918,20251101,0,510.0,423.0,382.0,440.0,369.0,532.0,419.0,641.0,491.0,539.0,583.0,666.0,594.0,670.0,484.0,608.0,551.0,445.0,644.0
919,20250920,0,511.0,457.0,376.0,521.0,388.0,573.0,444.0,485.0,339.0,530.0,564.0,684.0,501.0,671.0,499.0,578.0,506.0,498.0,646.0
920,20250620,0,520.0,401.0,448.0,464.0,358.0,441.0,440.0,565.0,419.0,524.0,577.0,671.0,546.0,684.0,477.0,613.0,509.0,529.0,561.0
921,20251007,0,485.0,405.0,364.0,446.0,355.0,427.0,429.0,488.0,398.0,455.0,587.0,700.0,538.0,694.0,472.0,542.0,596.0,533.0,616.0
922,20250410,0,534.0,407.0,387.0,406.0,342.0,376.0,449.0,508.0,402.0,450.0,584.0,655.0,893.0,695.0,460.0,514.0,574.0,555.0,642.0
923,20250513,0,510.0,395.0,378.0,402.0,322.0,344.0,419.0,410.0,491.0,425.0,594.0,663.0,965.0,695.0,460.0,526.0,594.0,542.0,651.0
924,20251102,0,501.0,401.0,413.0,399.0,333.0,365.0,409.0,561.0,446.0,471.0,590.0,671.0,891.0,696.0,485.0,638.0,601.0,561.0,622.0
925,20250930,0,551.0,462.0,496.0,641.0,393.0,474.0,478.0,741.0,412.0,510.0,555.0,678.0,693.0,682.0,474.0,656.0,627.0,550.0,650.0
926,20250830,0,496.0,365.0,409.0,381.0,335.0,344.0,396.0,313.0,542.0,451.0,587.0,652.0,966.0,698.0,453.0,543.0,633.0,578.0,652.0
927,20250320,0,478.0,335.0,436.0,309.0,314.0,300.0,379.0,403.0,422.0,412.0,633.0,674.0,993.0,726.0,431.0,540.0,648.0,590.0,651.0
928,20251031,0,488.0,370.0,301.0,356.0,326.0,355.0,381.0,398.0,537.0,442.0,633.0,700.0,792.0,698.0,484.0,532.0,578.0,503.0,614.0
929,20250903,0,515.0,387.0,457.0,313.0,380.0,317.0,424.0,468.0,499.0,440.0,620.0,579.0,989.0,712.0,470.0,606.0,610.0,600.0,617.0
930,20250625,0,538.0,405.0,451.0,597.0,381.0,482.0,443.0,404.0,457.0,522.0,558.0,673.0,805.0,668.0,472.0,585.0,572.0,486.0,646.0
931,20251007,0,504.0,379.0,410.0,418.0,345.0,402.0,435.0,542.0,517.0,433.0,576.0,686.0,822.0,694.0,455.0,571.0,646.0,565.0,612.0
932,20250319,0,546.0,420.0,491.0,494.0,389.0,418.0,440.0,637.0,543.0,519.0,540.0,588.0,369.0,685.0,494.0,621.0,603.0,533.0,654.0
933,20251017,0,467.0,411.0,417.0,387.0,351.0,388.0,436.0,340.0,337.0,437.0,580.0,681.0,888.0,695.0,463.0,528.0,548.0,502.0,555.0
934,20250827,0,509.0,440.0,530.0,541.0,397.0,429.0,456.0,622.0,548.0,507.0,536.0,646.0,557.0,684.0,467.0,638.0,552.0,498.0,594.0
935,20251003,0,540.0,441.0,389.0,483.0,401.0,560.0,450.0,286.0,282.0,547.0,522.0,700.0,645.0,651.0,459.0,525.0,608.0,519.0,646.0
936,20251031,0,538.0,465.0,441.0,468.0,346.0,448.0,459.0,637.0,258.0,484.0,563.0,690.0,616.0,682.0,475.0,624.0,657.0,575.0,638.0
937,20250919,0,511.0,383.0,382.0,399.0,367.0,436.0,401.0,359.0,478.0,487.0,588.0,700.0,686.0,680.0,475.0,553.0,541.0,507.0,604.0
938,20250507,0,530.0,437.0,491.0,616.0,386.0,456.0,468.0,524.0,347.0,521.0,531.0,648.0,761.0,668.0,460.0,631.0,606.0,521.0,658.0
939,20251027,0,503.0,407.0,301.0,393.0,334.0,479.0,388.0,412.0,449.0,494.0,591.0,700.0,670.0,685.0,469.0,529.0,517.0,487.0,643.0
940,20250515,0,535.0,495.0,414.0,535.0,450.0,601.0,468.0,565.0,394.0,557.0,532.0,686.0,196.0,659.0,509.0,640.0,556.0,422.0,563.0
941,20250829,0,518.0,426.0,436.0,473.0,364.0,457.0,447.0,541.0,288.0,429.0,550.0,692.0,810.0,688.0,467.0,584.0,635.0,555.0,634.0
942,20250428,0,512.0,359.0,436.0,303.0,331.0,300.0,399.0,485.0,544.0,455.0,606.0,642.0,987.0,710.0,439.0,569.0,597.0,568.0,621.0
943,20250629,0,539.0,402.0,456.0,394.0,377.0,430.0,432.0,628.0,553.0,497.0,586.0,649.0,822.0,687.0,437.0,594.0,564.0,538.0,630.0
944,20250927,0,491.0,385.0,364.0,452.0,359.0,445.0,403.0,390.0,479.0,472.0,574.0,700.0,756.0,685.0,443.0,544.0,602.0,499.0,627.0
945,20251007,0,526.0,424.0,491.0,524.0,362.0,440.0,461.0,431.0,427.0,523.0,542.0,652.0,820.0,669.0,446.0,579.0,605.0,525.0,616.0
946,20251121,0,484.0,427.0,450.0,504.0,357.0,435.0,439.0,438.0,357.0,457.0,559.0,700.0,829.0,692.0,466.0,559.0,546.0,561.0,602.0
947,20250321,0,510.0,365.0,436.0,303.0,320.0,317.0,389.0,443.0,349.0,449.0,628.0,669.0,960.0,709.0,438.0,530.0,590.0,565.0,591.0
948,20250407,0,510.0,409.0,352.0,494.0,371.0,549.0,412.0,389.0,470.0,518.0,570.0,700.0,396.0,676.0,477.0,575.0,555.0,440.0,644.0
949,20250514,0,502.0,423.0,457.0,470.0,359.0,350.0,467.0,731.0,502.0,456.0,574.0,656.0,797.0,684.0,467.0,632.0,515.0,507.0,589.0
950,20250906,0,523.0,420.0,445.0,521.0,404.0,580.0,457.0,625.0,420.0,541.0,548.0,669.0,343.0,665.0,500.0,622.0,557.0,436.0,622.0
951,20250920,0,504.0,411.0,417.0,441.0,344.0,461.0,442.0,440.0,412.0,505.0,578.0,677.0,574.0,681.0,494.0,584.0,566.0,477.0,624.0
952,20250801,0,486.0,411.0,334.0,516.0,378.0,475.0,405.0,349.0,459.0,461.0,551.0,669.0,381.0,699.0,462.0,556.0,499.0,478.0,520.0
953,20251103,0,531.0,428.0,482.0,501.0,390.0,512.0,479.0,684.0,323.0,493.0,534.0,689.0,816.0,673.0,472.0,653.0,586.0,533.0,635.0
954,20251028,0,477.0,339.0,301.0,303.0,321.0,300.0,344.0,391.0,504.0,385.0,651.0,656.0,973.0,714.0,438.0,436.0,657.0,584.0,619.0
955,20251020,0,518.0,391.0,448.0,449.0,339.0,373.0,463.0,457.0,386.0,530.0,573.0,665.0,710.0,680.0,468.0,609.0,617.0,535.0,653.0
956,20250802,0,511.0,431.0,406.0,495.0,337.0,440.0,458.0,497.0,406.0,493.0,569.0,693.0,873.0,684.0,481.0,593.0,604.0,503.0,641.0
957,20251022,0,511.0,401.0,350.0,472.0,373.0,592.0,415.0,427.0,423.0,533.0,551.0,700.0,726.0,670.0,483.0,542.0,529.0,457.0,648.0
958,20251022,0,532.0,360.0,331.0,304.0,337.0,310.0,385.0,460.0,469.0,464.0,624.0,652.0,962.0,694.0,452.0,523.0,630.0,584.0,640.0
959,20250929,0,498.0,389.0,394.0,506.0,343.0,431.0,423.0,603.0,446.0,496.0,566.0,685.0,868.0,682.0,483.0,663.0,596.0,473.0,645.0
960,20250922,0,517.0,451.0,387.0,459.0,341.0,407.0,462.0,485.0,376.0,461.0,567.0,653.0,856.0,691.0,493.0,567.0,626.0,557.0,644.0
961,20251016,0,467.0,385.0,408.0,327.0,340.0,340.0,408.0,296.0,508.0,440.0,599.0,675.0,958.0,687.0,431.0,558.0,622.0,558.0,649.0
962,20250521,0,512.0,384.0,421.0,435.0,358.0,460.0,430.0,433.0,447.0,536.0,582.0,667.0,793.0,676.0,458.0,585.0,547.0,509.0,642.0
963,20250721,0,500.0,449.0,355.0,507.0,434.0,631.0,462.0,457.0,367.0,524.0,516.0,700.0,190.0,677.0,491.0,540.0,506.0,456.0,586.0
964,20250928,0,494.0,394.0,376.0,440.0,355.0,425.0,424.0,636.0,454.0,465.0,577.0,693.0,611.0,686.0,481.0,596.0,558.0,509.0,609.0
965,20250402,0,521.0,401.0,356.0,509.0,404.0,570.0,425.0,463.0,463.0,536.0,540.0,600.0,442.0,660.0,477.0,516.0,528.0,429.0,639.0
966,20251019,0,512.0,410.0,448.0,413.0,340.0,382.0,449.0,466.0,424.0,447.0,577.0,683.0,784.0,691.0,469.0,589.0,588.0,469.0,634.0
967,20251105,0,491.0,402.0,409.0,495.0,414.0,547.0,412.0,585.0,459.0,499.0,569.0,689.0,436.0,685.0,488.0,600.0,581.0,471.0,617.0
968,20251031,0,489.0,368.0,300.0,322.0,352.0,392.0,393.0,359.0,491.0,461.0,616.0,668.0,598.0,696.0,487.0,473.0,377.0,449.0,486.0
969,20251108,0,512.0,451.0,560.0,517.0,365.0,402.0,484.0,693.0,502.0,498.0,543.0,669.0,689.0,691.0,469.0,635.0,622.0,542.0,649.0
970,20250703,0,540.0,378.0,395.0,345.0,333.0,395.0,419.0,509.0,433.0,554.0,601.0,678.0,788.0,672.0,473.0,596.0,637.0,549.0,635.0
971,20250811,0,521.0,437.0,480.0,609.0,439.0,573.0,467.0,714.0,385.0,515.0,525.0,658.0,241.0,676.0,495.0,690.0,509.0,424.0,556.0
972,20251005,0,488.0,402.0,346.0,455.0,324.0,423.0,440.0,539.0,425.0,437.0,568.0,685.0,864.0,696.0,495.0,591.0,558.0,498.0,599.0
973,20250823,0,502.0,416.0,322.0,436.0,342.0,436.0,398.0,322.0,438.0,486.0,580.0,700.0,852.0,690.0,475.0,543.0,571.0,506.0,637.0
974,20250304,0,521.0,432.0,386.0,411.0,363.0,374.0,474.0,573.0,383.0,536.0,577.0,623.0,836.0,682.0,488.0,603.0,626.0,542.0,635.0
975,20250823,0,512.0,408.0,429.0,477.0,355.0,426.0,443.0,565.0,411.0,481.0,571.0,688.0,617.0,680.0,481.0,643.0,531.0,490.0,574.0
976,20251006,0,523.0,397.0,496.0,569.0,338.0,390.0,445.0,501.0,521.0,543.0,574.0,653.0,693.0,668.0,467.0,614.0,616.0,527.0,638.0
977,20250320,0,505.0,370.0,417.0,315.0,333.0,334.0,384.0,541.0,579.0,467.0,611.0,605.0,883.0,691.0,475.0,568.0,630.0,509.0,644.0
978,20251103,0,501.0,401.0,448.0,521.0,350.0,417.0,454.0,685.0,380.0,474.0,563.0,688.0,889.0,694.0,468.0,654.0,574.0,541.0,593.0
979,20250304,0,538.0,429.0,346.0,478.0,389.0,524.0,453.0,531.0,294.0,577.0,560.0,648.0,721.0,670.0,488.0,547.0,609.0,514.0,630.0
980,20251016,0,493.0,406.0,387.0,421.0,348.0,451.0,430.0,639.0,391.0,473.0,576.0,683.0,600.0,687.0,485.0,598.0,549.0,502.0,581.0
981,20251103,0,528.0,443.0,448.0,522.0,342.0,415.0,478.0,721.0,364.0,519.0,556.0,682.0,902.0,683.0,461.0,641.0,572.0,537.0,602.0
982,20250828,0,515.0,384.0,364.0,307.0,320.0,322.0,415.0,324.0,502.0,447.0,612.0,656.0,917.0,700.0,415.0,507.0,624.0,591.0,627.0
983,20250610,0,542.0,395.0,439.0,468.0,341.0,407.0,443.0,515.0,424.0,514.0,565.0,648.0,752.0,682.0,454.0,610.0,641.0,571.0,647.0
984,20250403,0,527.0,411.0,387.0,482.0,366.0,469.0,427.0,349.0,439.0,515.0,557.0,651.0,923.0,680.0,480.0,571.0,581.0,495.0,645.0
985,20250929,0,487.0,372.0,330.0,313.0,336.0,323.0,394.0,308.0,471.0,432.0,622.0,659.0,875.0,701.0,458.0,498.0,574.0,543.0,626.0
986,20250816,0,524.0,438.0,496.0,629.0,420.0,513.0,459.0,713.0,446.0,534.0,554.0,642.0,447.0,669.0,484.0,619.0,599.0,517.0,635.0
987,20250315,0,512.0,385.0,342.0,435.0,350.0,392.0,402.0,427.0,492.0,475.0,588.0,637.0,907.0,685.0,492.0,532.0,604.0,505.0,653.0
988,20251029,0,519.0,407.0,526.0,474.0,375.0,390.0,431.0,507.0,431.0,484.0,549.0,671.0,889.0,691.0,452.0,586.0,619.0,566.0,642.0
989,20251112,0,524.0,437.0,558.0,511.0,401.0,406.0,481.0,586.0,457.0,520.0,556.0,627.0,923.0,705.0,494.0,624.0,619.0,573.0,608.0
990,20250323,0,495.0,390.0,352.0,532.0,372.0,478.0,418.0,579.0,503.0,487.0,555.0,700.0,849.0,685.0,466.0,582.0,593.0,506.0,651.0
991,20250713,0,520.0,419.0,412.0,485.0,374.0,465.0,470.0,485.0,205.0,537.0,561.0,695.0,801.0,669.0,462.0,626.0,581.0,556.0,635.0
992,20250428,0,493.0,377.0,301.0,322.0,332.0,368.0,390.0,425.0,508.0,456.0,615.0,665.0,882.0,693.0,494.0,536.0,595.0,474.0,644.0
993,20250903,0,512.0,391.0,454.0,529.0,394.0,511.0,450.0,683.0,492.0,485.0,576.0,671.0,252.0,685.0,494.0,653.0,565.0,511.0,606.0
994,20250320,0,515.0,373.0,400.0,397.0,342.0,354.0,396.0,434.0,464.0,459.0,585.0,677.0,858.0,691.0,473.0,517.0,546.0,539.0,608.0
995,20250413,0,521.0,380.0,457.0,475.0,396.0,410.0,422.0,473.0,471.0,481.0,546.0,621.0,878.0,689.0,477.0,591.0,608.0,581.0,619.0
996,20250428,0,506.0,404.0,312.0,387.0,341.0,378.0,425.0,373.0,330.0,462.0,589.0,677.0,909.0,687.0,459.0,455.0,615.0,553.0,636.0
997,20250818,0,521.0,449.0,409.0,547.0,379.0,442.0,470.0,744.0,529.0,484.0,569.0,625.0,498.0,684.0,487.0,648.0,579.0,502.0,646.0
998,20251102,0,482.0,471.0,457.0,402.0,332.0,418.0,454.0,515.0,440.0,450.0,581.0,683.0,644.0,688.0,491.0,581.0,557.0,537.0,603.0
999,20250531,0,528.0,382.0,301.0,310.0,329.0,350.0,384.0,376.0,461.0,443.0,622.0,684.0,887.0,698.0,476.0,485.0,611.0,551.0,647.0
1000,20250906,0,555.0,460.0,530.0,644.0,388.0,492.0,479.0,689.0,521.0,548.0,542.0,646.0,124.0,677.0,478.0,663.0,568.0,561.0,621.0
1001,20250911,0,531.0,474.0,398.0,597.0,421.0,584.0,471.0,660.0,392.0,573.0,551.0,672.0,156.0,658.0,509.0,651.0,552.0,460.0,641.0
1002,20251101,0,527.0,445.0,457.0,520.0,379.0,520.0,461.0,598.0,418.0,544.0,546.0,669.0,608.0,663.0,501.0,619.0,560.0,470.0,645.0
1003,20251023,0,535.0,374.0,436.0,314.0,320.0,329.0,383.0,549.0,544.0,438.0,602.0,670.0,952.0,704.0,433.0,606.0,605.0,584.0,594.0
1004,20250901,0,528.0,442.0,465.0,604.0,433.0,482.0,490.0,721.0,522.0,526.0,515.0,645.0,156.0,684.0,465.0,640.0,480.0,438.0,504.0
1005,20250822,0,509.0,434.0,404.0,421.0,366.0,487.0,448.0,546.0,385.0,484.0,576.0,646.0,212.0,688.0,512.0,602.0,458.0,418.0,563.0
1006,20250502,0,525.0,380.0,399.0,315.0,343.0,318.0,414.0,452.0,567.0,503.0,604.0,641.0,902.0,689.0,483.0,494.0,610.0,447.0,642.0
1007,20250715,0,526.0,407.0,378.0,331.0,326.0,374.0,447.0,645.0,415.0,478.0,597.0,680.0,773.0,683.0,440.0,646.0,594.0,554.0,602.0
1008,20250926,0,500.0,406.0,429.0,461.0,341.0,435.0,423.0,357.0,401.0,468.0,568.0,697.0,904.0,683.0,458.0,582.0,598.0,557.0,637.0
1009,20250310,0,547.0,406.0,363.0,501.0,349.0,376.0,422.0,511.0,531.0,516.0,591.0,598.0,909.0,685.0,456.0,530.0,633.0,548.0,644.0
1010,20250605,0,502.0,387.0,435.0,420.0,323.0,373.0,449.0,504.0,465.0,460.0,585.0,657.0,938.0,692.0,461.0,591.0,603.0,531.0,624.0
1011,20250420,0,528.0,378.0,438.0,453.0,359.0,447.0,450.0,472.0,486.0,495.0,570.0,635.0,753.0,677.0,471.0,615.0,597.0,547.0,638.0
1012,20250308,0,531.0,389.0,426.0,415.0,358.0,454.0,440.0,548.0,393.0,496.0,597.0,668.0,641.0,679.0,502.0,628.0,572.0,470.0,600.0
1013,20251001,0,533.0,435.0,485.0,497.0,382.0,470.0,467.0,713.0,499.0,517.0,522.0,678.0,878.0,671.0,488.0,617.0,591.0,469.0,649.0
1014,20251005,0,497.0,352.0,342.0,311.0,309.0,310.0,371.0,402.0,482.0,426.0,607.0,681.0,944.0,708.0,432.0,495.0,650.0,550.0,642.0
1015,20251018,0,518.0,425.0,482.0,636.0,425.0,538.0,480.0,649.0,402.0,533.0,531.0,687.0,358.0,684.0,501.0,657.0,567.0,513.0,582.0
1016,20250711,0,595.0,470.0,583.0,559.0,451.0,553.0,493.0,645.0,352.0,618.0,532.0,667.0,189.0,675.0,522.0,667.0,452.0,469.0,520.0
1017,20250527,0,518.0,387.0,354.0,363.0,325.0,332.0,395.0,571.0,466.0,462.0,626.0,677.0,854.0,690.0,480.0,620.0,609.0,538.0,603.0
1018,20250411,0,511.0,406.0,312.0,370.0,343.0,438.0,406.0,400.0,428.0,497.0,596.0,687.0,637.0,682.0,492.0,536.0,509.0,475.0,523.0
1019,20251107,0,484.0,378.0,301.0,317.0,315.0,310.0,401.0,327.0,503.0,467.0,612.0,683.0,903.0,687.0,471.0,470.0,584.0,468.0,646.0
1020,20250730,0,549.0,479.0,542.0,621.0,447.0,447.0,494.0,721.0,383.0,526.0,548.0,611.0,18.0,691.0,545.0,701.0,425.0,503.0,549.0
1021,20251006,0,505.0,392.0,418.0,345.0,402.0,415.0,442.0,453.0,447.0,554.0,593.0,641.0,247.0,681.0,468.0,611.0,554.0,591.0,589.0
1022,20250403,0,522.0,401.0,415.0,504.0,360.0,451.0,433.0,479.0,476.0,523.0,566.0,645.0,495.0,683.0,502.0,603.0,639.0,508.0,618.0
1023,20250524,0,515.0,409.0,457.0,436.0,333.0,386.0,467.0,551.0,400.0,487.0,579.0,654.0,779.0,690.0,464.0,656.0,559.0,536.0,638.0
1024,20250819,0,519.0,415.0,350.0,466.0,370.0,518.0,395.0,402.0,261.0,521.0,576.0,679.0,648.0,679.0,491.0,511.0,566.0,485.0,620.0
1025,20250428,0,510.0,373.0,301.0,313.0,331.0,310.0,389.0,349.0,436.0,490.0,617.0,671.0,808.0,679.0,469.0,468.0,603.0,537.0,628.0
1026,20250919,0,530.0,419.0,418.0,536.0,459.0,548.0,450.0,708.0,360.0,510.0,553.0,694.0,671.0,660.0,470.0,686.0,600.0,516.0,655.0
1027,20251030,0,533.0,457.0,526.0,511.0,406.0,410.0,468.0,695.0,509.0,500.0,546.0,680.0,877.0,697.0,456.0,627.0,527.0,507.0,564.0
1028,20250531,0,485.0,448.0,457.0,523.0,346.0,398.0,432.0,473.0,674.0,449.0,559.0,593.0,933.0,695.0,452.0,624.0,572.0,551.0,618.0
1029,20250823,0,506.0,408.0,362.0,513.0,370.0,443.0,433.0,417.0,440.0,501.0,563.0,644.0,550.0,694.0,485.0,523.0,551.0,507.0,613.0
1030,20250527,0,496.0,396.0,448.0,468.0,378.0,471.0,470.0,647.0,394.0,465.0,570.0,659.0,368.0,682.0,472.0,692.0,623.0,567.0,646.0
1031,20250323,0,534.0,383.0,451.0,481.0,414.0,520.0,440.0,424.0,394.0,551.0,556.0,665.0,482.0,675.0,501.0,539.0,549.0,438.0,628.0
1032,20250415,0,516.0,427.0,439.0,480.0,407.0,424.0,456.0,339.0,431.0,481.0,561.0,595.0,940.0,705.0,483.0,588.0,548.0,524.0,571.0
1033,20250618,0,498.0,357.0,301.0,308.0,339.0,339.0,323.0,266.0,442.0,436.0,650.0,659.0,964.0,701.0,427.0,336.0,646.0,585.0,649.0
1034,20250909,0,526.0,422.0,375.0,512.0,367.0,474.0,455.0,581.0,415.0,511.0,587.0,684.0,728.0,676.0,489.0,593.0,583.0,482.0,636.0
1035,20251011,0,498.0,423.0,346.0,511.0,362.0,456.0,433.0,552.0,404.0,479.0,561.0,691.0,590.0,685.0,485.0,579.0,627.0,521.0,640.0
1036,20250531,0,471.0,341.0,342.0,303.0,308.0,304.0,388.0,343.0,413.0,358.0,626.0,675.0,982.0,701.0,433.0,472.0,669.0,600.0,657.0
1037,20250421,0,492.0,376.0,301.0,310.0,339.0,371.0,382.0,257.0,333.0,473.0,607.0,700.0,860.0,682.0,463.0,463.0,608.0,544.0,642.0
1038,20251027,0,505.0,353.0,426.0,309.0,310.0,302.0,392.0,332.0,489.0,469.0,622.0,683.0,975.0,696.0,467.0,542.0,636.0,553.0,647.0
1039,20250625,0,521.0,395.0,410.0,323.0,346.0,373.0,401.0,521.0,544.0,484.0,601.0,639.0,935.0,700.0,449.0,612.0,602.0,590.0,639.0
1040,20250622,0,541.0,451.0,491.0,472.0,384.0,417.0,517.0,490.0,411.0,545.0,515.0,630.0,892.0,685.0,451.0,580.0,629.0,596.0,652.0
1041,20250606,0,524.0,426.0,510.0,536.0,359.0,427.0,470.0,623.0,450.0,535.0,551.0,655.0,815.0,683.0,444.0,605.0,589.0,548.0,651.0
1042,20250911,0,497.0,421.0,321.0,442.0,365.0,490.0,410.0,472.0,457.0,470.0,581.0,682.0,492.0,691.0,499.0,535.0,494.0,413.0,562.0
1043,20250511,0,541.0,473.0,482.0,567.0,474.0,588.0,486.0,698.0,419.0,551.0,533.0,663.0,269.0,631.0,492.0,572.0,510.0,425.0,636.0
1044,20250605,0,529.0,453.0,356.0,508.0,403.0,554.0,450.0,676.0,392.0,575.0,530.0,684.0,394.0,676.0,526.0,592.0,582.0,489.0,613.0
1045,20251018,0,506.0,440.0,444.0,516.0,366.0,490.0,434.0,510.0,374.0,509.0,564.0,687.0,658.0,675.0,496.0,602.0,551.0,485.0,616.0
1046,20251031,0,542.0,465.0,451.0,508.0,375.0,520.0,496.0,489.0,271.0,539.0,548.0,676.0,689.0,675.0,503.0,632.0,590.0,481.0,639.0
1047,20250911,0,527.0,422.0,388.0,333.0,357.0,364.0,463.0,388.0,378.0,489.0,595.0,644.0,963.0,702.0,436.0,626.0,487.0,517.0,570.0
1048,20250813,0,471.0,392.0,301.0,311.0,326.0,308.0,376.0,379.0,473.0,436.0,608.0,636.0,953.0,695.0,446.0,542.0,596.0,556.0,631.0
1049,20250816,0,539.0,433.0,410.0,470.0,357.0,446.0,474.0,541.0,342.0,529.0,548.0,668.0,762.0,684.0,476.0,548.0,612.0,568.0,654.0
1050,20250325,0,532.0,435.0,409.0,411.0,409.0,378.0,459.0,513.0,417.0,517.0,582.0,603.0,893.0,693.0,482.0,628.0,564.0,575.0,615.0
1051,20251004,0,531.0,430.0,457.0,603.0,361.0,393.0,451.0,589.0,467.0,492.0,550.0,635.0,818.0,690.0,452.0,628.0,552.0,539.0,584.0
1052,20250719,0,450.0,392.0,436.0,327.0,332.0,361.0,428.0,456.0,537.0,415.0,595.0,636.0,981.0,729.0,424.0,572.0,577.0,586.0,639.0
1053,20250912,0,539.0,466.0,422.0,496.0,430.0,573.0,489.0,721.0,302.0,535.0,535.0,671.0,242.0,660.0,520.0,620.0,623.0,518.0,630.0
1054,20251007,0,497.0,366.0,365.0,331.0,326.0,340.0,401.0,324.0,464.0,447.0,622.0,683.0,866.0,687.0,465.0,520.0,609.0,535.0,640.0
1055,20250619,0,511.0,418.0,491.0,475.0,400.0,401.0,445.0,571.0,538.0,481.0,526.0,592.0,762.0,689.0,449.0,588.0,612.0,556.0,642.0
1056,20251010,0,514.0,397.0,429.0,396.0,325.0,381.0,446.0,459.0,383.0,506.0,582.0,680.0,932.0,690.0,447.0,621.0,608.0,575.0,655.0
1057,20251110,0,523.0,425.0,490.0,611.0,388.0,390.0,490.0,573.0,438.0,468.0,559.0,610.0,745.0,703.0,475.0,639.0,616.0,566.0,637.0
1058,20250324,0,543.0,467.0,607.0,479.0,407.0,535.0,487.0,489.0,314.0,558.0,542.0,655.0,440.0,677.0,512.0,570.0,477.0,484.0,557.0
1059,20250606,0,520.0,413.0,487.0,515.0,372.0,563.0,473.0,489.0,355.0,505.0,566.0,684.0,641.0,679.0,480.0,639.0,550.0,501.0,636.0
1060,20251103,0,497.0,404.0,352.0,398.0,348.0,467.0,395.0,381.0,334.0,458.0,586.0,700.0,745.0,689.0,488.0,468.0,544.0,498.0,649.0
1061,20250521,0,532.0,430.0,457.0,572.0,360.0,405.0,454.0,637.0,664.0,512.0,569.0,597.0,663.0,681.0,475.0,620.0,554.0,553.0,620.0
1062,20251027,0,473.0,384.0,360.0,313.0,343.0,361.0,370.0,447.0,414.0,402.0,601.0,682.0,978.0,712.0,432.0,480.0,627.0,584.0,623.0
1063,20250908,0,480.0,322.0,396.0,303.0,327.0,300.0,362.0,232.0,449.0,407.0,630.0,695.0,992.0,717.0,434.0,478.0,635.0,570.0,612.0
1064,20251102,0,510.0,401.0,474.0,471.0,386.0,555.0,451.0,525.0,406.0,548.0,566.0,685.0,246.0,647.0,493.0,576.0,582.0,455.0,649.0
1065,20251112,0,506.0,439.0,526.0,400.0,338.0,385.0,454.0,458.0,396.0,423.0,578.0,656.0,885.0,694.0,449.0,597.0,609.0,540.0,632.0
1066,20250904,0,528.0,559.0,404.0,475.0,521.0,643.0,552.0,755.0,312.0,568.0,518.0,700.0,179.0,644.0,470.0,690.0,518.0,466.0,630.0
1067,20251002,0,548.0,498.0,473.0,576.0,459.0,571.0,519.0,814.0,276.0,554.0,525.0,677.0,494.0,658.0,504.0,704.0,559.0,438.0,636.0
1068,20250904,0,521.0,407.0,457.0,476.0,382.0,404.0,449.0,462.0,572.0,459.0,547.0,612.0,797.0,693.0,440.0,584.0,599.0,578.0,629.0
1069,20250624,0,565.0,463.0,530.0,540.0,448.0,432.0,474.0,712.0,488.0,521.0,503.0,587.0,211.0,682.0,503.0,662.0,529.0,537.0,626.0
1070,20251016,0,521.0,403.0,300.0,369.0,344.0,442.0,404.0,475.0,444.0,538.0,597.0,672.0,403.0,679.0,506.0,503.0,604.0,436.0,633.0
1071,20251013,0,489.0,393.0,312.0,360.0,344.0,397.0,392.0,353.0,446.0,451.0,612.0,682.0,608.0,698.0,475.0,545.0,558.0,495.0,570.0
1072,20250421,0,504.0,453.0,485.0,514.0,404.0,504.0,497.0,580.0,368.0,520.0,544.0,645.0,849.0,674.0,472.0,647.0,615.0,548.0,646.0
1073,20251022,0,532.0,485.0,496.0,513.0,392.0,416.0,500.0,705.0,493.0,523.0,554.0,659.0,590.0,693.0,481.0,644.0,441.0,548.0,522.0
1074,20250306,0,521.0,424.0,448.0,527.0,390.0,443.0,449.0,599.0,388.0,532.0,559.0,664.0,829.0,676.0,462.0,626.0,574.0,554.0,635.0
1075,20250303,0,490.0,394.0,436.0,303.0,357.0,310.0,389.0,572.0,558.0,494.0,608.0,585.0,928.0,708.0,444.0,623.0,619.0,585.0,652.0
1076,20250602,0,526.0,430.0,530.0,580.0,417.0,501.0,459.0,517.0,507.0,544.0,527.0,614.0,395.0,674.0,477.0,617.0,484.0,485.0,567.0
1077,20251012,0,520.0,386.0,439.0,453.0,343.0,379.0,442.0,490.0,553.0,493.0,586.0,600.0,820.0,686.0,479.0,621.0,610.0,523.0,641.0
1078,20251031,0,527.0,421.0,496.0,507.0,364.0,386.0,440.0,542.0,470.0,541.0,573.0,632.0,509.0,678.0,469.0,630.0,553.0,486.0,618.0
1079,20251005,0,516.0,442.0,491.0,612.0,378.0,394.0,438.0,700.0,638.0,477.0,544.0,642.0,872.0,697.0,453.0,620.0,600.0,529.0,645.0
1080,20250518,0,519.0,399.0,439.0,425.0,355.0,382.0,451.0,627.0,462.0,473.0,575.0,621.0,896.0,676.0,445.0,607.0,620.0,542.0,651.0
1081,20250313,0,479.0,386.0,436.0,311.0,337.0,317.0,399.0,537.0,521.0,388.0,612.0,609.0,989.0,723.0,427.0,572.0,641.0,604.0,645.0
1082,20250901,0,491.0,408.0,365.0,351.0,339.0,411.0,424.0,457.0,431.0,448.0,592.0,658.0,767.0,688.0,473.0,570.0,603.0,529.0,634.0
1083,20250806,0,501.0,421.0,378.0,319.0,335.0,411.0,393.0,354.0,370.0,517.0,601.0,679.0,778.0,682.0,469.0,542.0,627.0,575.0,633.0
1084,20250730,0,496.0,376.0,439.0,474.0,373.0,486.0,418.0,559.0,451.0,499.0,564.0,664.0,421.0,690.0,473.0,548.0,562.0,519.0,604.0
1085,20250318,0,516.0,412.0,301.0,394.0,322.0,402.0,407.0,412.0,307.0,483.0,589.0,639.0,668.0,694.0,478.0,483.0,552.0,490.0,599.0
1086,20251020,0,569.0,490.0,496.0,553.0,409.0,537.0,502.0,786.0,373.0,545.0,553.0,681.0,140.0,663.0,491.0,660.0,273.0,487.0,433.0
1087,20251110,0,535.0,436.0,445.0,531.0,333.0,486.0,457.0,492.0,409.0,529.0,560.0,700.0,608.0,674.0,484.0,577.0,531.0,515.0,643.0
1088,20251002,0,517.0,395.0,352.0,460.0,361.0,422.0,442.0,562.0,381.0,466.0,581.0,631.0,792.0,683.0,473.0,573.0,622.0,501.0,644.0
1089,20250717,0,540.0,420.0,350.0,455.0,389.0,516.0,439.0,646.0,364.0,516.0,565.0,682.0,425.0,668.0,481.0,557.0,483.0,486.0,479.0
1090,20250706,0,514.0,393.0,436.0,314.0,340.0,374.0,434.0,472.0,478.0,491.0,597.0,637.0,921.0,704.0,437.0,620.0,585.0,591.0,624.0
1091,20251028,0,518.0,426.0,322.0,442.0,352.0,501.0,403.0,517.0,397.0,497.0,582.0,700.0,453.0,683.0,486.0,571.0,567.0,484.0,642.0
1092,20250616,0,517.0,402.0,354.0,509.0,391.0,552.0,444.0,463.0,425.0,553.0,550.0,663.0,519.0,682.0,515.0,560.0,568.0,486.0,621.0
1093,20250615,0,527.0,403.0,370.0,461.0,367.0,448.0,448.0,507.0,431.0,465.0,556.0,676.0,834.0,690.0,449.0,557.0,587.0,555.0,609.0
1094,20250711,0,519.0,387.0,370.0,506.0,357.0,560.0,410.0,352.0,336.0,536.0,566.0,700.0,717.0,671.0,484.0,530.0,562.0,466.0,646.0
1095,20251105,0,531.0,415.0,417.0,474.0,352.0,519.0,453.0,569.0,352.0,495.0,563.0,694.0,744.0,676.0,490.0,555.0,584.0,462.0,643.0
1096,20251112,0,486.0,388.0,388.0,366.0,317.0,329.0,414.0,489.0,420.0,433.0,603.0,660.0,929.0,700.0,460.0,584.0,626.0,548.0,636.0
1097,20250802,0,498.0,408.0,324.0,356.0,342.0,414.0,388.0,424.0,433.0,483.0,615.0,679.0,745.0,684.0,487.0,546.0,474.0,440.0,544.0
1098,20251022,0,535.0,434.0,439.0,481.0,357.0,409.0,451.0,414.0,439.0,512.0,555.0,605.0,586.0,682.0,489.0,635.0,600.0,550.0,624.0
1099,20251031,0,496.0,419.0,352.0,468.0,373.0,475.0,448.0,470.0,387.0,464.0,554.0,653.0,866.0,689.0,478.0,538.0,592.0,513.0,633.0
1100,20250705,0,509.0,381.0,323.0,327.0,339.0,410.0,389.0,441.0,516.0,421.0,595.0,678.0,494.0,698.0,481.0,530.0,630.0,568.0,634.0
1101,20251001,0,526.0,395.0,439.0,581.0,372.0,435.0,448.0,678.0,500.0,535.0,554.0,661.0,312.0,672.0,483.0,628.0,587.0,492.0,635.0
1102,20250428,0,487.0,402.0,388.0,332.0,370.0,384.0,431.0,409.0,437.0,438.0,602.0,665.0,883.0,687.0,463.0,595.0,600.0,540.0,609.0
1103,20250812,0,522.0,404.0,322.0,312.0,311.0,307.0,415.0,320.0,468.0,503.0,612.0,628.0,938.0,704.0,458.0,476.0,633.0,546.0,643.0
1104,20250805,0,484.0,384.0,331.0,369.0,344.0,419.0,389.0,462.0,566.0,459.0,598.0,700.0,782.0,688.0,467.0,531.0,579.0,531.0,641.0
1105,20251016,0,547.0,424.0,490.0,465.0,390.0,409.0,444.0,566.0,770.0,548.0,554.0,599.0,484.0,707.0,500.0,609.0,434.0,576.0,480.0
1106,20250606,0,511.0,455.0,503.0,454.0,463.0,407.0,499.0,352.0,353.0,514.0,567.0,529.0,743.0,685.0,479.0,569.0,635.0,601.0,643.0
1107,20250419,0,528.0,375.0,410.0,471.0,398.0,478.0,433.0,528.0,577.0,497.0,526.0,638.0,869.0,682.0,481.0,561.0,587.0,501.0,646.0
1108,20251029,0,533.0,412.0,457.0,403.0,342.0,366.0,437.0,646.0,403.0,493.0,578.0,673.0,566.0,680.0,475.0,625.0,607.0,605.0,617.0
1109,20250603,0,533.0,418.0,535.0,447.0,524.0,460.0,454.0,454.0,454.0,436.0,569.0,517.0,477.0,697.0,497.0,573.0,382.0,589.0,433.0
1110,20250617,0,501.0,409.0,429.0,334.0,360.0,410.0,425.0,598.0,355.0,484.0,594.0,691.0,764.0,677.0,466.0,615.0,600.0,535.0,643.0
1111,20250516,0,464.0,347.0,423.0,310.0,325.0,317.0,397.0,383.0,563.0,425.0,616.0,660.0,992.0,713.0,435.0,542.0,640.0,628.0,652.0
1112,20250915,0,482.0,404.0,301.0,328.0,342.0,407.0,406.0,387.0,390.0,448.0,595.0,684.0,794.0,689.0,452.0,499.0,571.0,519.0,606.0
1113,20251114,0,436.0,385.0,411.0,347.0,338.0,344.0,413.0,610.0,505.0,405.0,591.0,689.0,497.0,718.0,481.0,630.0,320.0,531.0,478.0
1114,20251014,0,483.0,355.0,400.0,427.0,320.0,350.0,418.0,414.0,417.0,434.0,577.0,695.0,959.0,694.0,452.0,573.0,614.0,566.0,631.0
1115,20250304,0,493.0,377.0,352.0,391.0,383.0,383.0,379.0,365.0,536.0,423.0,590.0,589.0,895.0,701.0,434.0,511.0,577.0,618.0,621.0
1116,20250817,0,500.0,403.0,313.0,323.0,355.0,302.0,439.0,492.0,408.0,474.0,636.0,641.0,952.0,705.0,449.0,603.0,476.0,537.0,547.0
1117,20250818,0,529.0,461.0,439.0,474.0,392.0,463.0,469.0,638.0,390.0,482.0,548.0,670.0,705.0,683.0,476.0,640.0,611.0,530.0,639.0
1118,20251101,0,503.0,389.0,301.0,373.0,331.0,443.0,386.0,315.0,453.0,495.0,595.0,700.0,730.0,680.0,474.0,523.0,583.0,488.0,646.0
1119,20251103,0,519.0,415.0,529.0,491.0,411.0,441.0,458.0,605.0,465.0,480.0,556.0,581.0,857.0,690.0,460.0,646.0,485.0,556.0,528.0
1120,20251106,0,493.0,357.0,436.0,300.0,354.0,300.0,410.0,621.0,580.0,444.0,629.0,686.0,965.0,707.0,446.0,621.0,566.0,581.0,628.0
1121,20250823,0,509.0,432.0,443.0,472.0,441.0,575.0,429.0,459.0,406.0,514.0,538.0,700.0,514.0,654.0,473.0,511.0,544.0,437.0,645.0
1122,20250730,0,516.0,475.0,457.0,578.0,386.0,400.0,467.0,693.0,596.0,527.0,546.0,630.0,779.0,686.0,472.0,654.0,553.0,546.0,610.0
1123,20250414,0,529.0,406.0,439.0,495.0,417.0,451.0,456.0,537.0,440.0,547.0,546.0,613.0,761.0,669.0,487.0,608.0,617.0,529.0,656.0
1124,20251025,0,503.0,430.0,496.0,556.0,350.0,398.0,468.0,663.0,513.0,472.0,563.0,666.0,757.0,696.0,473.0,665.0,517.0,539.0,593.0
1125,20250712,0,520.0,396.0,457.0,320.0,332.0,386.0,443.0,565.0,464.0,491.0,597.0,664.0,992.0,707.0,451.0,603.0,627.0,604.0,624.0
1126,20250808,0,536.0,425.0,363.0,472.0,359.0,465.0,445.0,648.0,378.0,511.0,559.0,684.0,803.0,676.0,457.0,637.0,585.0,524.0,645.0
1127,20251120,0,496.0,392.0,448.0,445.0,349.0,405.0,420.0,619.0,495.0,438.0,574.0,695.0,815.0,694.0,473.0,631.0,597.0,508.0,636.0
1128,20250409,0,509.0,378.0,407.0,438.0,334.0,395.0,428.0,435.0,432.0,461.0,582.0,682.0,888.0,690.0,473.0,576.0,589.0,517.0,652.0
1129,20250930,0,492.0,397.0,432.0,444.0,326.0,346.0,440.0,610.0,618.0,452.0,572.0,648.0,888.0,687.0,446.0,608.0,610.0,538.0,644.0
1130,20250527,0,499.0,402.0,346.0,509.0,377.0,588.0,386.0,399.0,355.0,503.0,557.0,700.0,530.0,671.0,479.0,523.0,588.0,509.0,618.0
1131,20250502,0,509.0,420.0,457.0,384.0,348.0,364.0,452.0,340.0,302.0,473.0,588.0,621.0,967.0,703.0,457.0,538.0,650.0,600.0,653.0
1132,20250711,0,531.0,405.0,399.0,509.0,378.0,547.0,441.0,474.0,409.0,578.0,550.0,683.0,712.0,649.0,482.0,558.0,537.0,456.0,640.0
1133,20251029,0,536.0,447.0,387.0,445.0,350.0,462.0,479.0,625.0,350.0,540.0,583.0,691.0,739.0,661.0,501.0,660.0,590.0,501.0,647.0
1134,20251019,0,504.0,394.0,457.0,406.0,389.0,399.0,430.0,493.0,459.0,495.0,581.0,643.0,640.0,691.0,444.0,628.0,435.0,538.0,544.0
1135,20250319,0,526.0,424.0,402.0,383.0,379.0,385.0,459.0,530.0,381.0,491.0,587.0,586.0,527.0,690.0,491.0,547.0,629.0,575.0,644.0
1136,20251027,0,525.0,420.0,301.0,334.0,320.0,370.0,381.0,414.0,397.0,473.0,598.0,700.0,899.0,684.0,464.0,449.0,601.0,558.0,627.0
1137,20250929,0,539.0,402.0,334.0,394.0,350.0,436.0,393.0,444.0,413.0,488.0,582.0,648.0,730.0,678.0,484.0,531.0,606.0,470.0,646.0
1138,20250401,0,502.0,382.0,312.0,322.0,323.0,346.0,389.0,334.0,517.0,431.0,600.0,682.0,984.0,712.0,460.0,546.0,589.0,558.0,630.0
1139,20250331,0,510.0,440.0,384.0,549.0,474.0,620.0,456.0,653.0,370.0,524.0,547.0,686.0,272.0,668.0,503.0,659.0,553.0,473.0,650.0
1140,20250426,0,535.0,408.0,426.0,342.0,351.0,367.0,430.0,571.0,512.0,547.0,599.0,661.0,862.0,680.0,481.0,628.0,614.0,521.0,653.0
1141,20251017,0,507.0,440.0,357.0,460.0,349.0,412.0,432.0,533.0,363.0,493.0,562.0,693.0,884.0,680.0,449.0,610.0,627.0,565.0,617.0
1142,20250901,0,550.0,424.0,485.0,643.0,413.0,563.0,482.0,628.0,573.0,579.0,522.0,671.0,593.0,655.0,495.0,640.0,565.0,457.0,643.0
1143,20250317,0,506.0,359.0,436.0,300.0,348.0,300.0,382.0,589.0,638.0,471.0,613.0,595.0,981.0,714.0,436.0,586.0,604.0,604.0,618.0
1144,20250714,0,533.0,416.0,473.0,596.0,429.0,556.0,469.0,521.0,353.0,549.0,526.0,659.0,399.0,663.0,460.0,596.0,568.0,476.0,623.0
1145,20250410,0,438.0,326.0,312.0,303.0,332.0,300.0,344.0,341.0,479.0,396.0,636.0,700.0,986.0,713.0,418.0,456.0,662.0,579.0,634.0
1146,20250929,0,542.0,373.0,395.0,327.0,328.0,346.0,401.0,389.0,455.0,491.0,602.0,667.0,924.0,697.0,462.0,565.0,621.0,572.0,620.0
1147,20250617,0,514.0,465.0,490.0,505.0,398.0,438.0,476.0,488.0,350.0,485.0,559.0,620.0,364.0,691.0,476.0,628.0,596.0,547.0,626.0
1148,20250704,0,538.0,410.0,537.0,520.0,408.0,533.0,455.0,387.0,403.0,521.0,535.0,666.0,549.0,665.0,507.0,570.0,559.0,481.0,552.0
1149,20250812,0,513.0,430.0,496.0,471.0,363.0,373.0,412.0,526.0,590.0,520.0,571.0,609.0,729.0,684.0,451.0,650.0,488.0,600.0,592.0
1150,20250528,0,508.0,396.0,400.0,403.0,318.0,354.0,415.0,481.0,427.0,453.0,589.0,675.0,933.0,686.0,459.0,577.0,626.0,520.0,643.0
1151,20250409,0,519.0,417.0,530.0,566.0,445.0,566.0,445.0,575.0,530.0,557.0,540.0,586.0,101.0,662.0,479.0,601.0,549.0,500.0,563.0
1152,20250319,0,522.0,391.0,502.0,412.0,356.0,382.0,418.0,369.0,456.0,504.0,583.0,637.0,841.0,684.0,475.0,569.0,598.0,540.0,646.0
1153,20250525,0,533.0,392.0,457.0,485.0,341.0,403.0,431.0,575.0,572.0,518.0,557.0,629.0,879.0,685.0,461.0,592.0,608.0,480.0,642.0
1154,20250412,0,485.0,392.0,368.0,516.0,385.0,506.0,397.0,297.0,481.0,469.0,545.0,700.0,619.0,687.0,481.0,531.0,511.0,482.0,577.0
1155,20250810,0,538.0,477.0,491.0,486.0,465.0,592.0,495.0,526.0,372.0,523.0,485.0,676.0,133.0,662.0,507.0,619.0,524.0,405.0,634.0
1156,20251104,0,476.0,358.0,349.0,310.0,321.0,304.0,382.0,403.0,439.0,417.0,616.0,689.0,958.0,707.0,454.0,462.0,594.0,559.0,638.0
1157,20250904,0,518.0,386.0,346.0,454.0,361.0,465.0,414.0,398.0,450.0,544.0,576.0,690.0,765.0,677.0,482.0,535.0,589.0,476.0,641.0
1158,20250915,0,493.0,400.0,433.0,510.0,358.0,499.0,437.0,476.0,401.0,462.0,567.0,694.0,285.0,695.0,488.0,533.0,532.0,530.0,581.0
1159,20250903,0,528.0,457.0,393.0,567.0,411.0,548.0,481.0,789.0,372.0,528.0,548.0,694.0,580.0,680.0,495.0,655.0,541.0,501.0,494.0
1160,20250929,0,536.0,411.0,457.0,586.0,403.0,551.0,467.0,600.0,365.0,554.0,540.0,682.0,546.0,672.0,503.0,601.0,562.0,440.0,643.0
1161,20250824,0,546.0,453.0,496.0,534.0,406.0,409.0,492.0,631.0,541.0,506.0,545.0,641.0,854.0,693.0,449.0,669.0,611.0,569.0,629.0
1162,20250922,0,498.0,385.0,301.0,325.0,309.0,339.0,378.0,331.0,384.0,463.0,602.0,691.0,947.0,686.0,481.0,453.0,588.0,482.0,645.0
1163,20250725,0,516.0,415.0,408.0,452.0,371.0,440.0,441.0,594.0,429.0,491.0,592.0,684.0,532.0,677.0,483.0,630.0,583.0,542.0,632.0
1164,20251029,0,519.0,412.0,429.0,498.0,441.0,519.0,454.0,532.0,273.0,505.0,546.0,687.0,356.0,677.0,505.0,544.0,522.0,445.0,517.0
1165,20251104,0,473.0,374.0,417.0,307.0,316.0,318.0,380.0,439.0,446.0,435.0,623.0,700.0,953.0,699.0,469.0,515.0,607.0,537.0,641.0
1166,20250330,0,507.0,399.0,429.0,418.0,321.0,359.0,443.0,429.0,415.0,445.0,576.0,688.0,926.0,695.0,475.0,626.0,592.0,490.0,646.0
1167,20251111,0,506.0,429.0,448.0,493.0,389.0,502.0,450.0,596.0,396.0,496.0,556.0,684.0,819.0,680.0,463.0,614.0,578.0,474.0,646.0
1168,20250420,0,501.0,422.0,496.0,530.0,393.0,422.0,442.0,493.0,496.0,456.0,556.0,615.0,730.0,700.0,480.0,666.0,519.0,558.0,542.0
1169,20251210,0,523.0,408.0,333.0,471.0,359.0,502.0,450.0,539.0,376.0,517.0,576.0,682.0,729.0,680.0,492.0,526.0,564.0,464.0,639.0
1170,20251012,0,499.0,458.0,412.0,509.0,429.0,509.0,463.0,480.0,414.0,507.0,563.0,700.0,580.0,681.0,487.0,542.0,573.0,461.0,645.0
1171,20250804,0,498.0,476.0,443.0,510.0,449.0,643.0,522.0,437.0,198.0,517.0,474.0,700.0,90.0,666.0,470.0,596.0,533.0,419.0,638.0
1172,20250815,0,511.0,426.0,380.0,476.0,341.0,443.0,442.0,325.0,393.0,466.0,560.0,666.0,947.0,682.0,460.0,524.0,605.0,545.0,656.0
1173,20250911,0,515.0,386.0,378.0,342.0,348.0,359.0,415.0,451.0,504.0,486.0,598.0,663.0,758.0,693.0,479.0,572.0,543.0,490.0,578.0
1174,20250803,0,513.0,436.0,457.0,410.0,343.0,361.0,413.0,397.0,505.0,452.0,577.0,604.0,829.0,704.0,447.0,658.0,609.0,587.0,639.0
1175,20251026,0,496.0,395.0,368.0,477.0,367.0,523.0,373.0,302.0,426.0,467.0,535.0,700.0,904.0,685.0,470.0,503.0,535.0,526.0,653.0
1176,20250814,0,529.0,456.0,368.0,478.0,453.0,555.0,469.0,345.0,236.0,514.0,527.0,700.0,339.0,660.0,493.0,587.0,484.0,441.0,579.0
1177,20250902,0,523.0,394.0,443.0,503.0,398.0,480.0,450.0,562.0,418.0,491.0,542.0,654.0,499.0,687.0,488.0,563.0,600.0,503.0,617.0
1178,20250428,0,509.0,380.0,322.0,497.0,353.0,549.0,399.0,364.0,329.0,528.0,568.0,673.0,553.0,664.0,487.0,515.0,550.0,417.0,642.0
1179,20250519,0,539.0,378.0,354.0,392.0,331.0,376.0,422.0,331.0,491.0,504.0,588.0,632.0,915.0,684.0,466.0,576.0,596.0,531.0,645.0
1180,20250830,0,503.0,398.0,321.0,446.0,349.0,482.0,399.0,370.0,436.0,490.0,576.0,700.0,561.0,684.0,481.0,479.0,513.0,487.0,612.0
1181,20251109,0,447.0,388.0,384.0,303.0,307.0,300.0,380.0,354.0,308.0,416.0,624.0,692.0,975.0,711.0,474.0,427.0,612.0,569.0,630.0
1182,20251112,0,523.0,405.0,468.0,435.0,351.0,458.0,442.0,589.0,376.0,550.0,579.0,665.0,400.0,667.0,461.0,600.0,593.0,515.0,638.0
1183,20251016,0,508.0,417.0,404.0,509.0,374.0,557.0,441.0,578.0,446.0,508.0,565.0,700.0,428.0,671.0,480.0,619.0,544.0,495.0,642.0
1184,20250511,0,534.0,426.0,334.0,516.0,403.0,560.0,419.0,421.0,418.0,532.0,551.0,644.0,280.0,675.0,479.0,554.0,574.0,480.0,608.0
1185,20250805,0,512.0,384.0,439.0,390.0,322.0,371.0,436.0,540.0,438.0,413.0,586.0,670.0,946.0,702.0,459.0,673.0,625.0,594.0,648.0
1186,20250309,0,565.0,466.0,537.0,648.0,457.0,578.0,508.0,722.0,567.0,614.0,476.0,567.0,199.0,653.0,485.0,622.0,542.0,474.0,648.0
1187,20250522,0,532.0,423.0,322.0,516.0,388.0,585.0,391.0,339.0,275.0,572.0,554.0,646.0,478.0,670.0,513.0,525.0,559.0,418.0,645.0
1188,20250403,0,542.0,432.0,357.0,562.0,402.0,571.0,472.0,594.0,386.0,575.0,552.0,617.0,427.0,665.0,490.0,625.0,569.0,477.0,638.0
1189,20250619,0,467.0,353.0,349.0,311.0,325.0,320.0,385.0,321.0,475.0,431.0,605.0,639.0,936.0,694.0,449.0,466.0,654.0,538.0,643.0
1190,20250428,0,493.0,387.0,301.0,334.0,380.0,403.0,399.0,399.0,443.0,438.0,603.0,645.0,560.0,699.0,484.0,515.0,515.0,516.0,542.0
1191,20250529,0,,,,,,,,,,,,,,,,,,,
1192,20250905,0,545.0,466.0,526.0,536.0,389.0,432.0,480.0,627.0,416.0,566.0,551.0,664.0,716.0,669.0,459.0,635.0,644.0,511.0,635.0
1193,20250509,0,491.0,434.0,496.0,577.0,366.0,380.0,439.0,634.0,595.0,480.0,564.0,588.0,863.0,697.0,462.0,638.0,477.0,493.0,481.0
1194,20250711,0,543.0,385.0,418.0,379.0,333.0,361.0,414.0,519.0,515.0,462.0,589.0,621.0,980.0,697.0,458.0,592.0,671.0,603.0,649.0
1195,20250804,0,526.0,419.0,490.0,503.0,349.0,399.0,465.0,333.0,434.0,498.0,583.0,619.0,615.0,694.0,489.0,605.0,605.0,537.0,597.0
1196,20251102,0,497.0,432.0,498.0,407.0,372.0,417.0,465.0,409.0,353.0,460.0,579.0,700.0,152.0,690.0,500.0,585.0,516.0,522.0,551.0
1197,20250527,0,524.0,378.0,441.0,464.0,361.0,486.0,445.0,599.0,509.0,559.0,578.0,661.0,557.0,674.0,502.0,610.0,617.0,496.0,646.0
1198,20250429,0,538.0,435.0,389.0,485.0,407.0,602.0,447.0,309.0,354.0,550.0,520.0,700.0,344.0,656.0,498.0,523.0,549.0,467.0,631.0
1199,20250822,0,543.0,452.0,484.0,500.0,418.0,560.0,479.0,586.0,364.0,565.0,523.0,659.0,474.0,635.0,464.0,626.0,589.0,513.0,637.0
1200,20251104,0,563.0,446.0,491.0,472.0,367.0,397.0,478.0,531.0,395.0,563.0,517.0,644.0,901.0,684.0,448.0,625.0,623.0,558.0,639.0
1201,20251007,0,520.0,392.0,394.0,466.0,371.0,479.0,434.0,603.0,430.0,486.0,574.0,676.0,797.0,677.0,491.0,571.0,619.0,538.0,626.0
1202,20250405,0,526.0,397.0,408.0,467.0,378.0,425.0,465.0,478.0,475.0,462.0,563.0,646.0,855.0,684.0,470.0,550.0,610.0,525.0,631.0
1203,20250930,0,501.0,361.0,301.0,312.0,311.0,310.0,372.0,417.0,495.0,439.0,625.0,678.0,928.0,698.0,479.0,466.0,608.0,508.0,665.0
1204,20251011,0,537.0,410.0,491.0,473.0,414.0,505.0,478.0,728.0,486.0,537.0,545.0,679.0,666.0,675.0,493.0,602.0,597.0,536.0,638.0
1205,20250408,0,515.0,440.0,356.0,509.0,433.0,559.0,467.0,549.0,402.0,526.0,543.0,624.0,242.0,679.0,501.0,583.0,570.0,527.0,602.0
1206,20250715,0,525.0,421.0,481.0,532.0,371.0,549.0,472.0,622.0,373.0,511.0,558.0,688.0,605.0,677.0,491.0,641.0,569.0,480.0,634.0
1207,20250501,0,515.0,424.0,457.0,402.0,352.0,399.0,478.0,656.0,538.0,515.0,577.0,639.0,836.0,690.0,475.0,640.0,567.0,597.0,621.0
1208,20250829,0,533.0,442.0,354.0,374.0,315.0,356.0,438.0,395.0,381.0,478.0,594.0,689.0,906.0,682.0,458.0,580.0,581.0,545.0,630.0
1209,20250517,0,504.0,384.0,301.0,334.0,332.0,437.0,379.0,346.0,293.0,495.0,599.0,659.0,672.0,685.0,483.0,476.0,578.0,492.0,646.0
1210,20251104,0,530.0,419.0,516.0,529.0,374.0,471.0,452.0,534.0,374.0,514.0,556.0,674.0,741.0,673.0,487.0,592.0,577.0,508.0,649.0
1211,20250719,0,511.0,431.0,301.0,373.0,345.0,530.0,393.0,439.0,444.0,510.0,596.0,700.0,790.0,681.0,479.0,525.0,577.0,497.0,628.0
1212,20250722,0,498.0,430.0,301.0,369.0,348.0,397.0,400.0,445.0,405.0,461.0,598.0,686.0,695.0,700.0,492.0,539.0,514.0,478.0,571.0
1213,20250428,0,500.0,484.0,356.0,470.0,473.0,642.0,476.0,484.0,253.0,500.0,502.0,636.0,555.0,669.0,501.0,550.0,528.0,400.0,633.0
1214,20251012,0,475.0,384.0,448.0,391.0,317.0,352.0,428.0,488.0,449.0,449.0,580.0,686.0,964.0,692.0,437.0,583.0,611.0,554.0,649.0
1215,20250825,0,541.0,439.0,400.0,477.0,342.0,401.0,445.0,349.0,384.0,510.0,566.0,663.0,869.0,693.0,511.0,570.0,602.0,585.0,647.0
1216,20250424,0,517.0,444.0,384.0,484.0,401.0,594.0,431.0,566.0,389.0,529.0,538.0,700.0,243.0,679.0,490.0,556.0,539.0,456.0,560.0
1217,20250924,0,497.0,409.0,322.0,510.0,360.0,516.0,409.0,396.0,424.0,470.0,554.0,684.0,627.0,687.0,485.0,515.0,526.0,479.0,582.0
1218,20250919,0,502.0,405.0,429.0,508.0,334.0,348.0,455.0,367.0,371.0,445.0,571.0,665.0,725.0,687.0,464.0,630.0,619.0,515.0,651.0
1219,20251119,0,494.0,399.0,448.0,533.0,355.0,450.0,449.0,458.0,275.0,473.0,563.0,685.0,568.0,689.0,479.0,548.0,596.0,514.0,646.0
1220,20250911,0,477.0,397.0,496.0,470.0,344.0,344.0,424.0,500.0,584.0,421.0,572.0,636.0,970.0,721.0,444.0,622.0,555.0,609.0,605.0
1221,20251020,0,494.0,403.0,376.0,409.0,330.0,388.0,435.0,425.0,428.0,486.0,577.0,672.0,711.0,697.0,491.0,484.0,582.0,523.0,630.0
1222,20250701,0,489.0,354.0,301.0,316.0,311.0,332.0,377.0,230.0,491.0,439.0,611.0,700.0,937.0,694.0,455.0,476.0,597.0,518.0,645.0
1223,20250805,0,521.0,357.0,378.0,342.0,335.0,361.0,401.0,384.0,494.0,427.0,592.0,666.0,979.0,701.0,440.0,531.0,666.0,605.0,627.0
1224,20251024,0,494.0,381.0,312.0,369.0,329.0,409.0,394.0,327.0,474.0,459.0,597.0,677.0,880.0,696.0,478.0,523.0,559.0,523.0,608.0
1225,20251023,0,495.0,445.0,485.0,470.0,351.0,422.0,465.0,561.0,442.0,471.0,543.0,674.0,874.0,684.0,480.0,605.0,606.0,501.0,645.0
1226,20251024,0,512.0,410.0,454.0,493.0,373.0,405.0,459.0,552.0,300.0,489.0,585.0,677.0,330.0,690.0,473.0,583.0,518.0,538.0,533.0
1227,20251105,0,523.0,455.0,560.0,521.0,398.0,467.0,467.0,682.0,523.0,511.0,542.0,670.0,532.0,679.0,483.0,607.0,582.0,538.0,632.0
1228,20250705,0,511.0,422.0,397.0,491.0,407.0,514.0,434.0,448.0,401.0,515.0,540.0,700.0,459.0,678.0,475.0,531.0,553.0,477.0,640.0
1229,20250711,0,541.0,447.0,524.0,505.0,464.0,454.0,488.0,650.0,667.0,511.0,508.0,528.0,128.0,699.0,472.0,649.0,341.0,540.0,494.0
1230,20251106,0,450.0,365.0,395.0,303.0,307.0,314.0,364.0,335.0,488.0,392.0,631.0,680.0,979.0,706.0,456.0,511.0,667.0,602.0,652.0
1231,20250718,0,508.0,427.0,475.0,387.0,369.0,439.0,459.0,604.0,382.0,506.0,591.0,638.0,635.0,691.0,487.0,667.0,463.0,458.0,511.0
1232,20251017,0,512.0,413.0,331.0,435.0,345.0,382.0,433.0,367.0,448.0,466.0,588.0,641.0,890.0,686.0,482.0,520.0,602.0,520.0,647.0
1233,20251015,0,527.0,426.0,389.0,520.0,393.0,588.0,426.0,460.0,343.0,506.0,527.0,680.0,366.0,681.0,507.0,572.0,531.0,478.0,568.0
1234,20250714,0,493.0,371.0,468.0,510.0,348.0,458.0,427.0,348.0,524.0,473.0,570.0,687.0,635.0,687.0,479.0,580.0,608.0,508.0,628.0
1235,20250916,0,563.0,435.0,496.0,467.0,380.0,399.0,452.0,639.0,492.0,528.0,575.0,645.0,476.0,677.0,476.0,651.0,508.0,549.0,547.0
1236,20250707,0,505.0,385.0,312.0,328.0,323.0,367.0,417.0,413.0,492.0,448.0,596.0,666.0,937.0,692.0,469.0,487.0,591.0,554.0,643.0
1237,20251110,0,525.0,441.0,441.0,539.0,367.0,455.0,488.0,680.0,310.0,547.0,559.0,681.0,845.0,680.0,463.0,692.0,623.0,518.0,645.0
1238,20251027,0,526.0,405.0,432.0,428.0,339.0,427.0,431.0,508.0,382.0,452.0,581.0,677.0,832.0,685.0,476.0,569.0,593.0,529.0,645.0
1239,20250831,0,532.0,418.0,466.0,664.0,425.0,561.0,495.0,771.0,314.0,527.0,519.0,678.0,622.0,674.0,495.0,699.0,573.0,431.0,644.0
1240,20250416,0,533.0,411.0,553.0,627.0,449.0,565.0,488.0,699.0,385.0,568.0,529.0,669.0,290.0,660.0,512.0,696.0,600.0,459.0,638.0
1241,20250919,0,503.0,348.0,463.0,300.0,371.0,300.0,401.0,362.0,497.0,426.0,616.0,614.0,878.0,713.0,465.0,585.0,505.0,629.0,587.0
1242,20250703,0,509.0,417.0,530.0,617.0,393.0,432.0,470.0,662.0,356.0,476.0,542.0,656.0,672.0,679.0,464.0,648.0,594.0,516.0,648.0
1243,20250801,0,533.0,453.0,508.0,532.0,384.0,504.0,458.0,627.0,535.0,563.0,550.0,660.0,457.0,680.0,479.0,625.0,605.0,512.0,646.0
1244,20250924,0,519.0,441.0,438.0,467.0,344.0,408.0,468.0,404.0,366.0,472.0,559.0,664.0,938.0,698.0,431.0,590.0,652.0,574.0,632.0
1245,20251109,0,519.0,458.0,448.0,482.0,361.0,409.0,464.0,566.0,345.0,522.0,571.0,682.0,867.0,688.0,510.0,609.0,632.0,521.0,661.0
1246,20250501,0,499.0,427.0,301.0,360.0,333.0,353.0,411.0,454.0,398.0,480.0,615.0,700.0,899.0,686.0,468.0,553.0,594.0,494.0,644.0
1247,20250709,0,527.0,407.0,441.0,493.0,353.0,454.0,461.0,463.0,355.0,570.0,557.0,691.0,754.0,674.0,465.0,595.0,562.0,527.0,650.0
1248,20251108,0,515.0,423.0,376.0,398.0,360.0,447.0,464.0,486.0,210.0,545.0,582.0,689.0,705.0,670.0,489.0,565.0,551.0,539.0,622.0
1249,20250521,0,510.0,437.0,491.0,517.0,400.0,411.0,435.0,546.0,676.0,510.0,543.0,620.0,468.0,685.0,451.0,583.0,584.0,556.0,613.0
1250,20250618,0,528.0,434.0,490.0,463.0,442.0,404.0,465.0,547.0,569.0,502.0,559.0,541.0,811.0,690.0,478.0,583.0,613.0,609.0,570.0
1251,20251116,0,527.0,489.0,524.0,520.0,431.0,442.0,516.0,612.0,346.0,491.0,538.0,633.0,356.0,696.0,492.0,676.0,604.0,581.0,605.0
1252,20250922,0,542.0,458.0,543.0,547.0,393.0,525.0,484.0,657.0,340.0,537.0,531.0,646.0,70.0,653.0,503.0,669.0,584.0,553.0,631.0
1253,20250907,0,528.0,393.0,432.0,391.0,340.0,348.0,441.0,442.0,426.0,500.0,578.0,681.0,895.0,691.0,448.0,619.0,632.0,550.0,633.0
1254,20250804,0,529.0,412.0,457.0,633.0,387.0,519.0,467.0,678.0,472.0,515.0,564.0,685.0,614.0,676.0,477.0,655.0,530.0,516.0,604.0
1255,20250303,0,526.0,397.0,457.0,461.0,420.0,419.0,443.0,652.0,529.0,546.0,572.0,601.0,419.0,680.0,494.0,675.0,604.0,541.0,593.0
1256,20250311,0,539.0,385.0,428.0,506.0,365.0,531.0,449.0,528.0,475.0,530.0,564.0,679.0,630.0,677.0,482.0,604.0,586.0,529.0,611.0
1257,20251031,0,516.0,475.0,426.0,527.0,369.0,490.0,463.0,565.0,369.0,500.0,567.0,652.0,303.0,678.0,479.0,609.0,607.0,528.0,624.0
1258,20250706,0,484.0,432.0,436.0,399.0,336.0,354.0,417.0,589.0,344.0,464.0,584.0,685.0,930.0,698.0,444.0,645.0,610.0,564.0,640.0
1259,20251117,0,493.0,418.0,419.0,431.0,336.0,380.0,456.0,579.0,407.0,458.0,582.0,636.0,826.0,685.0,471.0,621.0,627.0,535.0,615.0
1260,20250917,0,522.0,406.0,421.0,480.0,413.0,516.0,439.0,570.0,389.0,465.0,547.0,640.0,438.0,688.0,489.0,575.0,563.0,493.0,570.0
1261,20251023,0,505.0,432.0,429.0,399.0,359.0,448.0,431.0,637.0,357.0,479.0,583.0,700.0,769.0,677.0,447.0,630.0,576.0,558.0,635.0
1262,20250908,0,515.0,401.0,475.0,402.0,332.0,303.0,438.0,460.0,644.0,467.0,607.0,639.0,968.0,698.0,449.0,601.0,589.0,582.0,638.0
1263,20251119,0,509.0,433.0,387.0,523.0,399.0,526.0,464.0,685.0,433.0,497.0,556.0,661.0,435.0,681.0,503.0,659.0,598.0,522.0,613.0
1264,20250829,0,499.0,405.0,370.0,380.0,348.0,414.0,424.0,484.0,397.0,454.0,587.0,675.0,747.0,691.0,464.0,521.0,543.0,467.0,626.0
1265,20250902,0,520.0,431.0,410.0,340.0,314.0,389.0,422.0,392.0,370.0,475.0,593.0,654.0,944.0,685.0,453.0,533.0,634.0,572.0,649.0
1266,20250418,0,529.0,438.0,418.0,395.0,373.0,443.0,445.0,413.0,451.0,519.0,592.0,645.0,474.0,675.0,472.0,568.0,554.0,481.0,619.0
1267,20251103,0,480.0,435.0,496.0,520.0,360.0,420.0,461.0,677.0,385.0,458.0,567.0,674.0,764.0,684.0,465.0,652.0,640.0,587.0,637.0
1268,20250707,0,491.0,396.0,301.0,330.0,355.0,461.0,415.0,335.0,374.0,469.0,597.0,700.0,847.0,686.0,455.0,526.0,570.0,504.0,624.0
1269,20251017,0,556.0,444.0,484.0,594.0,352.0,483.0,471.0,568.0,495.0,529.0,533.0,664.0,640.0,669.0,489.0,613.0,594.0,508.0,659.0
1270,20250625,0,484.0,341.0,331.0,317.0,323.0,328.0,361.0,468.0,429.0,420.0,605.0,649.0,894.0,696.0,462.0,399.0,562.0,538.0,569.0
1271,20251026,0,548.0,447.0,592.0,513.0,432.0,410.0,456.0,726.0,623.0,558.0,542.0,620.0,350.0,688.0,522.0,616.0,399.0,564.0,521.0
1272,20250316,0,498.0,378.0,457.0,446.0,366.0,421.0,432.0,422.0,469.0,462.0,569.0,636.0,854.0,694.0,458.0,562.0,603.0,565.0,636.0
1273,20250807,0,545.0,457.0,550.0,616.0,414.0,548.0,497.0,745.0,376.0,546.0,521.0,667.0,481.0,661.0,488.0,636.0,564.0,485.0,647.0
1274,20250505,0,512.0,389.0,485.0,469.0,415.0,561.0,437.0,448.0,351.0,504.0,545.0,682.0,564.0,677.0,487.0,543.0,621.0,523.0,634.0
1275,20250317,0,517.0,432.0,485.0,530.0,388.0,441.0,453.0,609.0,448.0,505.0,538.0,627.0,820.0,685.0,476.0,617.0,581.0,520.0,653.0
1276,20250425,0,519.0,421.0,456.0,514.0,362.0,427.0,453.0,416.0,363.0,543.0,568.0,663.0,911.0,677.0,474.0,620.0,587.0,556.0,647.0
1277,20250312,0,525.0,439.0,474.0,536.0,390.0,565.0,468.0,624.0,344.0,522.0,563.0,690.0,487.0,674.0,505.0,631.0,522.0,516.0,514.0
1278,20250319,0,532.0,394.0,370.0,436.0,403.0,459.0,428.0,610.0,386.0,488.0,582.0,684.0,609.0,677.0,456.0,572.0,496.0,493.0,563.0
1279,20250906,0,481.0,380.0,334.0,509.0,329.0,428.0,379.0,274.0,353.0,460.0,563.0,700.0,927.0,692.0,464.0,438.0,582.0,483.0,645.0
1280,20250903,0,550.0,389.0,411.0,353.0,359.0,305.0,432.0,436.0,390.0,530.0,640.0,624.0,987.0,723.0,472.0,614.0,625.0,625.0,630.0
1281,20251105,0,511.0,363.0,417.0,437.0,323.0,358.0,420.0,474.0,480.0,494.0,572.0,684.0,960.0,698.0,471.0,520.0,576.0,521.0,647.0
1282,20250819,0,508.0,464.0,491.0,527.0,406.0,535.0,481.0,673.0,394.0,484.0,541.0,664.0,332.0,682.0,493.0,663.0,511.0,484.0,597.0
1283,20250522,0,524.0,440.0,413.0,517.0,448.0,612.0,465.0,345.0,239.0,543.0,502.0,700.0,213.0,653.0,488.0,580.0,499.0,441.0,594.0
1284,20250428,0,623.0,545.0,471.0,539.0,524.0,590.0,601.0,551.0,188.0,573.0,417.0,300.0,18.0,613.0,528.0,619.0,561.0,397.0,643.0
1285,20250902,0,486.0,385.0,353.0,390.0,321.0,363.0,402.0,358.0,515.0,456.0,592.0,685.0,875.0,691.0,479.0,516.0,570.0,509.0,660.0
1286,20250901,0,558.0,419.0,475.0,327.0,333.0,354.0,461.0,496.0,443.0,502.0,594.0,636.0,864.0,684.0,479.0,675.0,623.0,600.0,643.0
1287,20251010,0,524.0,430.0,410.0,486.0,389.0,525.0,435.0,401.0,374.0,533.0,546.0,695.0,644.0,654.0,481.0,591.0,532.0,519.0,623.0
1288,20250414,0,562.0,439.0,436.0,377.0,353.0,379.0,463.0,379.0,206.0,548.0,589.0,632.0,978.0,703.0,453.0,540.0,607.0,608.0,628.0
1289,20250914,0,493.0,384.0,351.0,329.0,380.0,480.0,389.0,431.0,328.0,442.0,603.0,649.0,534.0,694.0,489.0,443.0,438.0,516.0,544.0
1290,20250508,0,503.0,429.0,400.0,413.0,328.0,361.0,436.0,370.0,446.0,448.0,576.0,655.0,927.0,697.0,444.0,607.0,591.0,544.0,610.0
1291,20250827,0,540.0,433.0,519.0,484.0,404.0,537.0,479.0,662.0,342.0,544.0,564.0,660.0,257.0,672.0,502.0,632.0,549.0,513.0,619.0
1292,20251010,0,508.0,400.0,408.0,334.0,319.0,359.0,423.0,465.0,426.0,480.0,596.0,679.0,892.0,695.0,475.0,598.0,510.0,504.0,579.0
1293,20250826,0,528.0,425.0,368.0,517.0,418.0,513.0,434.0,325.0,419.0,516.0,536.0,619.0,775.0,668.0,480.0,565.0,600.0,487.0,619.0
1294,20250801,0,509.0,411.0,468.0,536.0,328.0,410.0,451.0,507.0,412.0,493.0,573.0,675.0,802.0,681.0,473.0,625.0,580.0,527.0,647.0
1295,20250921,0,480.0,409.0,436.0,303.0,324.0,300.0,431.0,593.0,502.0,459.0,606.0,656.0,900.0,712.0,448.0,655.0,630.0,601.0,628.0
1296,20250928,0,574.0,451.0,491.0,514.0,386.0,414.0,473.0,615.0,534.0,582.0,541.0,641.0,891.0,678.0,454.0,640.0,562.0,577.0,600.0
1297,20250722,0,533.0,376.0,342.0,310.0,344.0,349.0,413.0,458.0,399.0,447.0,620.0,680.0,892.0,682.0,472.0,564.0,623.0,545.0,646.0
1298,20251028,0,501.0,402.0,448.0,390.0,344.0,354.0,431.0,419.0,399.0,435.0,583.0,676.0,931.0,704.0,475.0,557.0,596.0,539.0,649.0
1299,20251010,0,513.0,414.0,300.0,334.0,334.0,424.0,368.0,353.0,368.0,490.0,599.0,700.0,854.0,681.0,450.0,490.0,558.0,552.0,648.0
1300,20250907,0,517.0,381.0,321.0,493.0,373.0,522.0,404.0,495.0,460.0,488.0,571.0,666.0,559.0,685.0,488.0,545.0,544.0,454.0,511.0
1301,20251027,0,486.0,368.0,324.0,321.0,326.0,348.0,383.0,474.0,465.0,436.0,613.0,690.0,765.0,694.0,479.0,570.0,620.0,484.0,643.0
1302,20251111,0,533.0,416.0,439.0,391.0,388.0,368.0,475.0,460.0,391.0,490.0,581.0,628.0,821.0,692.0,457.0,651.0,607.0,480.0,557.0
1303,20250929,0,520.0,420.0,448.0,579.0,374.0,463.0,469.0,737.0,379.0,520.0,551.0,682.0,773.0,668.0,481.0,615.0,595.0,503.0,635.0
1304,20250526,0,564.0,365.0,375.0,303.0,352.0,300.0,399.0,405.0,504.0,471.0,624.0,546.0,990.0,716.0,448.0,486.0,645.0,603.0,647.0
1305,20251004,0,,,,,,,,,,,,,,,,,,,
1306,20251029,0,,,,,,,,,,,,,,,,,,,
1307,20251010,0,491.0,376.0,322.0,506.0,334.0,467.0,401.0,314.0,464.0,464.0,564.0,700.0,859.0,690.0,469.0,542.0,570.0,480.0,645.0
1308,20250508,0,526.0,395.0,439.0,446.0,357.0,392.0,431.0,457.0,517.0,459.0,579.0,608.0,755.0,685.0,466.0,625.0,626.0,545.0,643.0
1309,20250426,0,499.0,387.0,397.0,514.0,416.0,504.0,446.0,635.0,454.0,488.0,539.0,682.0,723.0,674.0,498.0,619.0,575.0,437.0,645.0
1310,20250502,0,532.0,417.0,322.0,456.0,380.0,559.0,416.0,482.0,427.0,571.0,570.0,661.0,416.0,677.0,525.0,570.0,542.0,470.0,617.0
1311,20251106,0,487.0,395.0,429.0,390.0,327.0,360.0,416.0,516.0,378.0,413.0,586.0,676.0,976.0,703.0,446.0,588.0,637.0,593.0,656.0
1312,20250413,0,510.0,399.0,364.0,438.0,365.0,514.0,391.0,425.0,330.0,515.0,582.0,673.0,565.0,675.0,493.0,528.0,628.0,473.0,638.0
1313,20250531,0,534.0,444.0,491.0,527.0,422.0,513.0,474.0,607.0,370.0,558.0,529.0,658.0,286.0,667.0,515.0,624.0,577.0,506.0,662.0
1314,20251012,0,515.0,428.0,396.0,497.0,397.0,527.0,457.0,480.0,350.0,506.0,535.0,691.0,734.0,673.0,466.0,576.0,544.0,513.0,647.0
1315,20250614,0,544.0,408.0,301.0,320.0,321.0,349.0,433.0,379.0,291.0,544.0,597.0,669.0,880.0,681.0,471.0,468.0,545.0,536.0,572.0
1316,20250810,0,522.0,454.0,457.0,435.0,346.0,361.0,450.0,485.0,424.0,471.0,572.0,667.0,951.0,693.0,437.0,607.0,666.0,600.0,650.0
1317,20250719,0,526.0,401.0,456.0,405.0,329.0,366.0,433.0,595.0,623.0,470.0,579.0,651.0,939.0,704.0,436.0,616.0,627.0,589.0,640.0
1318,20250705,0,536.0,452.0,563.0,582.0,460.0,583.0,486.0,688.0,489.0,557.0,517.0,645.0,3.0,672.0,505.0,663.0,536.0,463.0,612.0
1319,20250506,0,511.0,562.0,368.0,549.0,475.0,642.0,520.0,425.0,230.0,558.0,471.0,566.0,305.0,656.0,484.0,594.0,566.0,386.0,643.0
1320,20250331,0,537.0,406.0,457.0,389.0,370.0,433.0,437.0,532.0,453.0,512.0,585.0,653.0,925.0,671.0,451.0,598.0,589.0,547.0,651.0
1321,20250424,0,528.0,451.0,322.0,517.0,353.0,489.0,392.0,362.0,357.0,524.0,560.0,700.0,863.0,680.0,475.0,487.0,579.0,454.0,635.0
1322,20250818,0,527.0,422.0,301.0,344.0,349.0,457.0,400.0,452.0,317.0,511.0,594.0,700.0,730.0,672.0,478.0,492.0,595.0,502.0,646.0
1323,20250716,0,531.0,417.0,441.0,608.0,415.0,524.0,480.0,513.0,383.0,565.0,559.0,664.0,509.0,656.0,498.0,622.0,569.0,462.0,645.0
1324,20251102,0,500.0,403.0,370.0,442.0,352.0,515.0,388.0,448.0,431.0,501.0,582.0,700.0,741.0,692.0,470.0,542.0,605.0,540.0,615.0
1325,20250710,0,487.0,372.0,334.0,403.0,353.0,376.0,409.0,436.0,439.0,465.0,581.0,700.0,869.0,690.0,483.0,543.0,583.0,430.0,646.0
1326,20250413,0,539.0,479.0,530.0,663.0,479.0,515.0,491.0,704.0,739.0,549.0,528.0,535.0,51.0,655.0,485.0,636.0,537.0,533.0,602.0
1327,20250507,0,478.0,395.0,322.0,470.0,325.0,427.0,382.0,395.0,430.0,471.0,557.0,700.0,862.0,689.0,470.0,523.0,585.0,497.0,646.0
1328,20251106,0,520.0,443.0,468.0,454.0,343.0,432.0,480.0,566.0,331.0,511.0,583.0,677.0,659.0,689.0,489.0,636.0,613.0,533.0,635.0
1329,20250901,0,482.0,349.0,388.0,306.0,359.0,313.0,397.0,351.0,451.0,462.0,616.0,671.0,993.0,728.0,452.0,528.0,668.0,610.0,623.0
1330,20250408,0,496.0,412.0,409.0,383.0,328.0,361.0,430.0,336.0,436.0,428.0,585.0,654.0,952.0,694.0,458.0,559.0,601.0,534.0,632.0
1331,20251113,0,522.0,432.0,457.0,470.0,366.0,386.0,451.0,701.0,535.0,498.0,572.0,665.0,510.0,687.0,503.0,643.0,627.0,543.0,630.0
1332,20251003,0,506.0,387.0,393.0,320.0,374.0,401.0,418.0,397.0,368.0,431.0,602.0,647.0,766.0,698.0,467.0,542.0,432.0,469.0,458.0
1333,20250307,0,538.0,427.0,389.0,509.0,409.0,500.0,423.0,657.0,489.0,561.0,555.0,584.0,416.0,678.0,487.0,605.0,531.0,478.0,631.0
1334,20250525,0,504.0,356.0,384.0,315.0,345.0,315.0,392.0,357.0,521.0,467.0,605.0,674.0,820.0,692.0,483.0,523.0,541.0,482.0,575.0
1335,20250919,0,502.0,409.0,352.0,416.0,359.0,463.0,403.0,484.0,415.0,481.0,576.0,700.0,711.0,684.0,481.0,512.0,548.0,494.0,607.0
1336,20250615,0,501.0,355.0,436.0,309.0,317.0,300.0,391.0,353.0,467.0,444.0,608.0,616.0,986.0,705.0,430.0,512.0,655.0,593.0,631.0
1337,20250414,0,524.0,396.0,397.0,316.0,351.0,339.0,460.0,323.0,419.0,480.0,603.0,684.0,967.0,707.0,471.0,540.0,637.0,585.0,631.0
1338,20250920,0,518.0,443.0,321.0,440.0,346.0,458.0,400.0,486.0,350.0,505.0,586.0,683.0,561.0,684.0,505.0,546.0,556.0,469.0,641.0
1339,20250602,0,490.0,379.0,322.0,470.0,346.0,442.0,384.0,353.0,357.0,456.0,553.0,700.0,916.0,687.0,472.0,444.0,586.0,485.0,641.0
1340,20250514,0,513.0,389.0,394.0,518.0,356.0,482.0,423.0,483.0,444.0,489.0,560.0,673.0,859.0,685.0,484.0,569.0,582.0,451.0,646.0
1341,20250514,0,533.0,407.0,530.0,505.0,417.0,504.0,470.0,485.0,422.0,561.0,535.0,654.0,681.0,666.0,479.0,634.0,597.0,498.0,645.0
1342,20250919,0,507.0,419.0,450.0,494.0,388.0,460.0,462.0,417.0,280.0,467.0,548.0,648.0,826.0,682.0,480.0,528.0,589.0,483.0,640.0
1343,20251105,0,501.0,442.0,496.0,521.0,354.0,391.0,454.0,484.0,370.0,486.0,565.0,653.0,683.0,689.0,474.0,648.0,596.0,545.0,620.0
1344,20250312,0,492.0,383.0,322.0,398.0,344.0,366.0,413.0,487.0,440.0,448.0,581.0,685.0,923.0,690.0,466.0,555.0,577.0,537.0,627.0
1345,20250705,0,511.0,471.0,439.0,463.0,375.0,407.0,471.0,465.0,441.0,503.0,562.0,617.0,960.0,699.0,463.0,624.0,604.0,598.0,619.0
1346,20251101,0,518.0,429.0,477.0,324.0,338.0,353.0,436.0,620.0,404.0,456.0,612.0,689.0,761.0,682.0,482.0,615.0,565.0,514.0,607.0
1347,20250310,0,510.0,385.0,526.0,458.0,356.0,416.0,435.0,568.0,469.0,511.0,578.0,651.0,522.0,690.0,473.0,634.0,601.0,513.0,610.0
1348,20250428,0,522.0,453.0,435.0,456.0,358.0,413.0,452.0,623.0,332.0,520.0,587.0,662.0,830.0,682.0,487.0,661.0,574.0,524.0,636.0
1349,20251019,0,485.0,358.0,301.0,320.0,302.0,353.0,373.0,285.0,355.0,457.0,597.0,700.0,948.0,693.0,473.0,401.0,602.0,534.0,650.0
1350,20250916,0,541.0,416.0,418.0,439.0,366.0,476.0,456.0,570.0,344.0,521.0,582.0,682.0,765.0,656.0,463.0,637.0,581.0,522.0,614.0
1351,20250521,0,535.0,398.0,417.0,440.0,346.0,384.0,479.0,537.0,498.0,529.0,577.0,643.0,880.0,676.0,494.0,625.0,568.0,545.0,634.0
1352,20250613,0,505.0,415.0,370.0,373.0,363.0,443.0,405.0,343.0,273.0,512.0,600.0,700.0,564.0,667.0,469.0,562.0,604.0,495.0,631.0
1353,20250619,0,477.0,387.0,436.0,309.0,338.0,317.0,426.0,536.0,503.0,429.0,608.0,613.0,991.0,722.0,406.0,595.0,647.0,610.0,645.0
1354,20251020,0,501.0,412.0,550.0,537.0,374.0,465.0,466.0,587.0,343.0,496.0,542.0,680.0,818.0,677.0,485.0,597.0,589.0,515.0,643.0
1355,20250715,0,507.0,407.0,457.0,484.0,338.0,387.0,435.0,562.0,548.0,473.0,569.0,618.0,905.0,698.0,429.0,632.0,557.0,579.0,615.0
1356,20250830,0,528.0,422.0,409.0,498.0,439.0,598.0,445.0,453.0,341.0,530.0,539.0,688.0,487.0,661.0,492.0,550.0,576.0,480.0,654.0
1357,20251106,0,482.0,391.0,408.0,378.0,359.0,338.0,410.0,592.0,490.0,451.0,602.0,672.0,889.0,692.0,465.0,598.0,577.0,536.0,604.0
1358,20251113,0,474.0,412.0,400.0,464.0,336.0,380.0,454.0,513.0,362.0,441.0,568.0,685.0,929.0,698.0,470.0,607.0,606.0,558.0,637.0
1359,20250605,0,516.0,423.0,331.0,375.0,360.0,480.0,436.0,520.0,382.0,526.0,598.0,700.0,737.0,668.0,486.0,590.0,582.0,483.0,643.0
1360,20251116,0,495.0,401.0,468.0,490.0,400.0,551.0,467.0,735.0,430.0,504.0,539.0,694.0,535.0,662.0,488.0,634.0,567.0,440.0,643.0
1361,20250813,0,502.0,436.0,421.0,447.0,363.0,505.0,425.0,644.0,380.0,509.0,581.0,693.0,524.0,678.0,497.0,566.0,588.0,501.0,639.0
1362,20250909,0,568.0,484.0,524.0,659.0,474.0,526.0,514.0,634.0,429.0,618.0,531.0,627.0,52.0,670.0,511.0,681.0,274.0,472.0,432.0
1363,20250607,0,566.0,406.0,428.0,306.0,389.0,398.0,451.0,622.0,421.0,577.0,607.0,637.0,379.0,672.0,467.0,614.0,624.0,595.0,639.0
1364,20250530,0,523.0,473.0,496.0,637.0,420.0,479.0,471.0,687.0,537.0,535.0,553.0,605.0,409.0,672.0,465.0,675.0,538.0,505.0,616.0
1365,20250407,0,546.0,415.0,457.0,511.0,409.0,543.0,450.0,489.0,449.0,549.0,569.0,641.0,343.0,672.0,494.0,580.0,545.0,486.0,575.0
1366,20250714,0,,,,,,,,,,,,,,,,,,,
1367,20250708,0,488.0,390.0,436.0,327.0,322.0,346.0,423.0,350.0,412.0,363.0,598.0,621.0,992.0,724.0,444.0,570.0,625.0,611.0,640.0
1368,20251001,0,501.0,425.0,301.0,395.0,355.0,438.0,396.0,409.0,414.0,488.0,589.0,687.0,861.0,685.0,489.0,540.0,605.0,468.0,646.0
1369,20251031,0,513.0,383.0,352.0,395.0,331.0,427.0,417.0,495.0,507.0,466.0,581.0,686.0,792.0,683.0,480.0,539.0,599.0,469.0,646.0
1370,20250729,0,513.0,420.0,478.0,448.0,326.0,406.0,441.0,425.0,479.0,524.0,578.0,646.0,826.0,684.0,479.0,613.0,602.0,528.0,645.0
1371,20250330,0,525.0,530.0,321.0,465.0,423.0,590.0,479.0,466.0,402.0,564.0,547.0,611.0,437.0,658.0,492.0,602.0,500.0,423.0,641.0
1372,20250907,0,518.0,377.0,395.0,329.0,370.0,426.0,406.0,460.0,436.0,475.0,602.0,688.0,751.0,675.0,460.0,564.0,628.0,590.0,637.0
1373,20250819,0,515.0,378.0,312.0,312.0,335.0,310.0,378.0,355.0,451.0,441.0,615.0,663.0,955.0,694.0,476.0,499.0,574.0,517.0,579.0
1374,20251031,0,526.0,454.0,457.0,534.0,433.0,517.0,490.0,713.0,356.0,532.0,548.0,665.0,609.0,672.0,497.0,609.0,554.0,525.0,580.0
1375,20250704,0,510.0,381.0,477.0,446.0,356.0,415.0,427.0,682.0,493.0,468.0,590.0,671.0,632.0,684.0,469.0,629.0,594.0,496.0,623.0
1376,20250423,0,534.0,446.0,342.0,391.0,392.0,379.0,469.0,397.0,298.0,517.0,584.0,484.0,886.0,686.0,468.0,477.0,609.0,569.0,646.0
1377,20251113,0,485.0,432.0,526.0,503.0,333.0,406.0,462.0,711.0,464.0,485.0,553.0,667.0,964.0,689.0,447.0,626.0,623.0,573.0,629.0
1378,20250612,0,505.0,364.0,301.0,312.0,315.0,318.0,366.0,448.0,523.0,456.0,619.0,700.0,866.0,698.0,471.0,519.0,610.0,533.0,653.0
1379,20250924,0,555.0,392.0,396.0,310.0,374.0,317.0,424.0,421.0,502.0,542.0,621.0,619.0,751.0,703.0,495.0,485.0,376.0,533.0,507.0
1380,20250828,0,,,,,,,,,,,,,,,,,,,
1381,20250816,0,516.0,405.0,378.0,327.0,329.0,418.0,433.0,450.0,282.0,481.0,595.0,677.0,745.0,685.0,475.0,557.0,599.0,520.0,653.0
1382,20251029,0,515.0,466.0,457.0,467.0,417.0,410.0,494.0,410.0,328.0,503.0,563.0,601.0,826.0,702.0,488.0,627.0,484.0,546.0,553.0
1383,20251114,0,482.0,444.0,448.0,439.0,322.0,350.0,416.0,590.0,418.0,454.0,587.0,697.0,806.0,694.0,461.0,620.0,582.0,530.0,622.0
1384,20250909,0,551.0,442.0,550.0,550.0,405.0,558.0,497.0,683.0,320.0,540.0,522.0,678.0,418.0,651.0,517.0,589.0,551.0,478.0,632.0
1385,20250704,0,534.0,426.0,417.0,474.0,403.0,554.0,494.0,477.0,369.0,567.0,552.0,692.0,460.0,654.0,504.0,609.0,517.0,441.0,645.0
1386,20251030,0,515.0,394.0,352.0,435.0,355.0,528.0,400.0,427.0,416.0,538.0,581.0,672.0,576.0,667.0,490.0,556.0,579.0,438.0,646.0
1387,20251028,0,511.0,392.0,439.0,453.0,343.0,411.0,444.0,435.0,458.0,442.0,569.0,667.0,905.0,694.0,486.0,630.0,643.0,553.0,646.0
1388,20250410,0,505.0,356.0,436.0,300.0,331.0,304.0,384.0,381.0,509.0,472.0,621.0,664.0,968.0,697.0,433.0,521.0,653.0,597.0,592.0
1389,20250811,0,558.0,404.0,475.0,348.0,331.0,331.0,406.0,521.0,529.0,450.0,599.0,608.0,698.0,706.0,425.0,650.0,525.0,604.0,564.0
1390,20250418,0,522.0,438.0,332.0,515.0,407.0,577.0,452.0,506.0,386.0,552.0,561.0,653.0,399.0,681.0,503.0,576.0,546.0,501.0,608.0
1391,20250716,0,531.0,410.0,448.0,473.0,397.0,488.0,466.0,723.0,332.0,563.0,571.0,671.0,223.0,666.0,493.0,743.0,560.0,504.0,634.0
1392,20250501,0,501.0,390.0,363.0,454.0,382.0,457.0,431.0,355.0,445.0,443.0,567.0,649.0,800.0,689.0,466.0,568.0,576.0,548.0,604.0
1393,20251027,0,512.0,419.0,387.0,499.0,366.0,415.0,455.0,524.0,429.0,467.0,573.0,671.0,671.0,696.0,474.0,618.0,580.0,497.0,631.0
1394,20250531,0,537.0,430.0,331.0,307.0,426.0,422.0,437.0,529.0,437.0,540.0,606.0,633.0,570.0,684.0,471.0,513.0,648.0,595.0,636.0
1395,20250914,0,530.0,401.0,439.0,528.0,330.0,386.0,454.0,539.0,420.0,507.0,576.0,646.0,764.0,676.0,475.0,629.0,596.0,510.0,644.0
1396,20251002,0,504.0,430.0,530.0,555.0,373.0,431.0,483.0,657.0,500.0,503.0,517.0,657.0,718.0,684.0,469.0,659.0,620.0,556.0,634.0
1397,20250607,0,483.0,369.0,488.0,300.0,339.0,321.0,404.0,484.0,653.0,432.0,609.0,624.0,941.0,698.0,426.0,569.0,634.0,597.0,641.0
1398,20250831,0,510.0,431.0,409.0,399.0,334.0,366.0,457.0,470.0,306.0,500.0,587.0,669.0,922.0,691.0,431.0,619.0,597.0,561.0,618.0
1399,20251014,0,493.0,424.0,366.0,392.0,349.0,409.0,430.0,453.0,325.0,475.0,589.0,682.0,871.0,680.0,460.0,550.0,637.0,566.0,621.0
1400,20250402,0,500.0,404.0,457.0,603.0,359.0,390.0,451.0,566.0,452.0,461.0,568.0,638.0,653.0,686.0,466.0,636.0,591.0,469.0,646.0
1401,20250913,0,502.0,407.0,349.0,373.0,359.0,501.0,404.0,461.0,421.0,488.0,596.0,700.0,472.0,683.0,494.0,518.0,473.0,425.0,524.0
1402,20250522,0,505.0,436.0,301.0,378.0,368.0,441.0,404.0,373.0,342.0,463.0,594.0,700.0,746.0,685.0,467.0,533.0,635.0,521.0,636.0
1403,20250409,0,526.0,406.0,496.0,495.0,375.0,393.0,451.0,377.0,515.0,471.0,563.0,611.0,779.0,689.0,471.0,603.0,456.0,554.0,532.0
1404,20250426,0,553.0,420.0,484.0,481.0,388.0,463.0,479.0,731.0,342.0,512.0,565.0,628.0,565.0,683.0,466.0,712.0,601.0,569.0,632.0
1405,20251101,0,468.0,386.0,436.0,307.0,318.0,317.0,395.0,466.0,502.0,440.0,609.0,669.0,988.0,718.0,446.0,567.0,643.0,605.0,636.0
1406,20251107,0,481.0,400.0,516.0,472.0,368.0,423.0,468.0,526.0,375.0,454.0,565.0,663.0,756.0,684.0,477.0,583.0,614.0,513.0,641.0
1407,20250701,0,519.0,413.0,406.0,474.0,384.0,483.0,414.0,295.0,270.0,525.0,540.0,700.0,883.0,664.0,445.0,482.0,597.0,528.0,655.0
1408,20250915,0,519.0,397.0,457.0,399.0,360.0,399.0,428.0,687.0,621.0,482.0,586.0,670.0,771.0,686.0,450.0,617.0,585.0,517.0,609.0
1409,20250428,0,512.0,397.0,496.0,484.0,347.0,409.0,435.0,391.0,439.0,495.0,576.0,661.0,787.0,681.0,468.0,611.0,555.0,515.0,603.0
1410,20250919,0,553.0,425.0,482.0,497.0,415.0,519.0,473.0,688.0,375.0,590.0,543.0,698.0,476.0,650.0,478.0,656.0,551.0,544.0,639.0
1411,20250719,0,589.0,482.0,505.0,525.0,527.0,586.0,513.0,575.0,363.0,629.0,493.0,571.0,133.0,679.0,523.0,636.0,449.0,494.0,533.0
1412,20250427,0,546.0,407.0,457.0,550.0,363.0,384.0,444.0,539.0,464.0,523.0,574.0,661.0,833.0,682.0,471.0,635.0,592.0,481.0,646.0
1413,20250730,0,551.0,465.0,505.0,562.0,416.0,505.0,477.0,527.0,234.0,629.0,557.0,666.0,245.0,670.0,516.0,606.0,584.0,508.0,642.0
1414,20250501,0,515.0,365.0,439.0,478.0,351.0,380.0,437.0,508.0,599.0,488.0,570.0,619.0,452.0,691.0,471.0,593.0,561.0,531.0,588.0
1415,20251002,0,517.0,400.0,368.0,514.0,380.0,537.0,395.0,245.0,284.0,525.0,527.0,700.0,589.0,672.0,476.0,490.0,514.0,415.0,599.0
1416,20250331,0,499.0,395.0,436.0,367.0,338.0,304.0,408.0,494.0,529.0,467.0,612.0,597.0,879.0,707.0,447.0,631.0,570.0,522.0,520.0
1417,20250515,0,510.0,380.0,331.0,381.0,354.0,473.0,373.0,495.0,523.0,511.0,594.0,619.0,751.0,691.0,479.0,539.0,583.0,497.0,643.0
1418,20251109,0,490.0,440.0,496.0,629.0,360.0,397.0,483.0,687.0,572.0,484.0,560.0,661.0,655.0,693.0,477.0,622.0,404.0,512.0,503.0
1419,20250428,0,550.0,416.0,450.0,468.0,373.0,426.0,465.0,546.0,330.0,509.0,548.0,634.0,932.0,672.0,487.0,628.0,606.0,556.0,637.0
1420,20250603,0,515.0,400.0,436.0,384.0,325.0,361.0,426.0,521.0,446.0,493.0,589.0,636.0,959.0,692.0,455.0,593.0,639.0,565.0,632.0
1421,20251024,0,530.0,409.0,536.0,527.0,393.0,550.0,460.0,481.0,439.0,544.0,565.0,654.0,305.0,656.0,491.0,614.0,568.0,493.0,650.0
1422,20250509,0,478.0,330.0,324.0,303.0,323.0,300.0,365.0,274.0,485.0,434.0,629.0,700.0,979.0,700.0,437.0,494.0,591.0,542.0,640.0
1423,20250522,0,514.0,417.0,301.0,326.0,342.0,360.0,419.0,376.0,362.0,470.0,602.0,668.0,850.0,685.0,451.0,541.0,561.0,513.0,623.0
1424,20250919,0,558.0,446.0,355.0,492.0,476.0,530.0,437.0,441.0,353.0,560.0,568.0,572.0,255.0,692.0,529.0,482.0,469.0,512.0,555.0
1425,20251105,0,512.0,403.0,322.0,408.0,358.0,439.0,419.0,541.0,454.0,494.0,585.0,694.0,791.0,678.0,483.0,573.0,601.0,533.0,647.0
1426,20250428,0,491.0,357.0,436.0,300.0,327.0,317.0,405.0,681.0,644.0,425.0,611.0,626.0,977.0,704.0,448.0,637.0,566.0,579.0,619.0
1427,20251024,0,519.0,417.0,322.0,473.0,385.0,489.0,421.0,502.0,310.0,506.0,564.0,700.0,699.0,671.0,485.0,501.0,554.0,466.0,648.0
1428,20250829,0,518.0,390.0,487.0,614.0,355.0,473.0,443.0,467.0,410.0,542.0,565.0,684.0,730.0,679.0,493.0,616.0,566.0,464.0,639.0
1429,20251105,0,542.0,413.0,475.0,562.0,398.0,562.0,467.0,532.0,425.0,568.0,543.0,686.0,384.0,658.0,508.0,595.0,580.0,472.0,660.0
1430,20250712,0,510.0,429.0,334.0,404.0,354.0,492.0,421.0,417.0,351.0,482.0,580.0,682.0,653.0,682.0,453.0,558.0,591.0,527.0,600.0
1431,20250501,0,526.0,432.0,334.0,470.0,421.0,536.0,418.0,468.0,256.0,543.0,562.0,672.0,692.0,676.0,495.0,529.0,598.0,526.0,640.0
1432,20250417,0,513.0,415.0,421.0,487.0,394.0,548.0,439.0,517.0,332.0,535.0,570.0,689.0,457.0,667.0,493.0,599.0,505.0,466.0,648.0
1433,20250429,0,540.0,462.0,427.0,479.0,420.0,566.0,452.0,653.0,329.0,547.0,538.0,700.0,450.0,662.0,493.0,613.0,556.0,516.0,629.0
1434,20251023,0,515.0,413.0,454.0,516.0,403.0,584.0,443.0,447.0,421.0,520.0,543.0,691.0,733.0,652.0,488.0,569.0,553.0,430.0,645.0
1435,20250517,0,521.0,386.0,457.0,471.0,356.0,403.0,433.0,477.0,443.0,483.0,566.0,649.0,864.0,687.0,444.0,576.0,597.0,560.0,630.0
1436,20251103,0,530.0,428.0,322.0,446.0,399.0,522.0,432.0,523.0,334.0,521.0,572.0,700.0,601.0,671.0,473.0,534.0,632.0,506.0,648.0
1437,20250506,0,517.0,419.0,457.0,624.0,377.0,431.0,452.0,639.0,583.0,522.0,562.0,629.0,664.0,681.0,460.0,613.0,585.0,511.0,646.0
1438,20250523,0,524.0,394.0,426.0,317.0,329.0,388.0,417.0,592.0,406.0,439.0,599.0,666.0,852.0,688.0,450.0,565.0,624.0,600.0,647.0
1439,20250819,0,518.0,470.0,496.0,642.0,383.0,491.0,477.0,521.0,436.0,519.0,552.0,629.0,650.0,693.0,474.0,688.0,625.0,517.0,633.0
1440,20250505,0,540.0,436.0,524.0,481.0,451.0,457.0,476.0,629.0,713.0,515.0,538.0,579.0,274.0,684.0,486.0,635.0,373.0,528.0,509.0
1441,20250405,0,510.0,364.0,301.0,311.0,327.0,328.0,371.0,441.0,405.0,429.0,622.0,665.0,918.0,699.0,457.0,405.0,615.0,538.0,640.0
1442,20250908,0,509.0,390.0,400.0,535.0,353.0,431.0,464.0,654.0,523.0,491.0,564.0,689.0,728.0,694.0,473.0,628.0,471.0,431.0,495.0
1443,20250809,0,474.0,410.0,475.0,314.0,348.0,344.0,428.0,305.0,442.0,445.0,596.0,604.0,980.0,713.0,425.0,620.0,545.0,617.0,570.0
1444,20250924,0,530.0,403.0,429.0,592.0,358.0,517.0,441.0,588.0,428.0,546.0,554.0,696.0,767.0,656.0,485.0,660.0,553.0,518.0,652.0
1445,20250331,0,520.0,486.0,379.0,469.0,445.0,654.0,454.0,476.0,394.0,563.0,540.0,625.0,299.0,666.0,503.0,534.0,539.0,435.0,631.0
1446,20250607,0,511.0,405.0,322.0,521.0,359.0,540.0,422.0,373.0,313.0,514.0,551.0,700.0,762.0,675.0,472.0,510.0,561.0,446.0,641.0
1447,20250509,0,481.0,383.0,473.0,321.0,338.0,366.0,418.0,404.0,431.0,430.0,595.0,630.0,901.0,705.0,444.0,538.0,576.0,590.0,612.0
1448,20250317,0,496.0,397.0,436.0,320.0,357.0,300.0,423.0,366.0,460.0,457.0,607.0,647.0,951.0,699.0,473.0,618.0,639.0,568.0,632.0
1449,20250329,0,523.0,389.0,412.0,397.0,361.0,376.0,438.0,422.0,382.0,471.0,582.0,671.0,827.0,683.0,453.0,573.0,597.0,530.0,638.0
1450,20250518,0,517.0,399.0,312.0,328.0,339.0,396.0,428.0,324.0,380.0,453.0,598.0,663.0,856.0,690.0,455.0,515.0,541.0,529.0,619.0
1451,20251015,0,516.0,378.0,312.0,371.0,327.0,402.0,408.0,415.0,508.0,470.0,594.0,675.0,815.0,685.0,482.0,541.0,600.0,534.0,642.0
1452,20250320,0,498.0,373.0,365.0,320.0,358.0,304.0,400.0,416.0,491.0,416.0,609.0,642.0,767.0,703.0,475.0,523.0,475.0,520.0,519.0
1453,20250822,0,482.0,379.0,426.0,333.0,333.0,361.0,420.0,568.0,459.0,431.0,594.0,693.0,956.0,697.0,449.0,634.0,674.0,603.0,631.0
1454,20251111,0,527.0,427.0,448.0,628.0,369.0,476.0,452.0,750.0,491.0,502.0,564.0,685.0,806.0,677.0,490.0,608.0,586.0,505.0,630.0
1455,20250901,0,495.0,389.0,365.0,332.0,315.0,332.0,406.0,411.0,428.0,475.0,603.0,671.0,946.0,693.0,452.0,518.0,607.0,510.0,651.0
1456,20250529,0,487.0,374.0,388.0,369.0,341.0,424.0,386.0,519.0,474.0,454.0,604.0,682.0,787.0,694.0,472.0,562.0,563.0,507.0,582.0
1457,20251016,0,495.0,395.0,384.0,303.0,316.0,303.0,406.0,299.0,291.0,492.0,633.0,679.0,982.0,708.0,444.0,506.0,679.0,596.0,647.0
1458,20250702,0,569.0,456.0,569.0,548.0,459.0,541.0,503.0,483.0,349.0,608.0,523.0,635.0,91.0,671.0,500.0,579.0,552.0,475.0,580.0
1459,20250719,0,511.0,445.0,356.0,472.0,484.0,561.0,430.0,380.0,339.0,492.0,537.0,676.0,374.0,671.0,492.0,560.0,523.0,412.0,633.0
1460,20250711,0,494.0,435.0,436.0,432.0,359.0,425.0,440.0,603.0,421.0,460.0,588.0,632.0,740.0,688.0,477.0,663.0,541.0,530.0,647.0
1461,20251101,0,505.0,415.0,387.0,446.0,343.0,424.0,414.0,483.0,439.0,474.0,575.0,700.0,870.0,681.0,475.0,625.0,620.0,506.0,636.0
1462,20250501,0,496.0,412.0,322.0,509.0,382.0,570.0,435.0,396.0,475.0,492.0,548.0,636.0,511.0,686.0,501.0,531.0,564.0,442.0,645.0
1463,20251102,0,516.0,460.0,329.0,334.0,348.0,490.0,430.0,468.0,367.0,493.0,595.0,659.0,862.0,679.0,481.0,519.0,572.0,492.0,634.0
1464,20250715,0,460.0,364.0,436.0,326.0,308.0,344.0,414.0,497.0,536.0,417.0,594.0,647.0,977.0,718.0,428.0,566.0,626.0,599.0,640.0
1465,20250501,0,523.0,379.0,421.0,402.0,352.0,437.0,395.0,370.0,543.0,498.0,580.0,609.0,191.0,674.0,514.0,538.0,566.0,495.0,639.0
1466,20250404,0,517.0,370.0,384.0,320.0,339.0,346.0,422.0,394.0,493.0,440.0,601.0,623.0,971.0,696.0,449.0,510.0,641.0,561.0,648.0
1467,20250320,0,499.0,415.0,301.0,335.0,329.0,416.0,380.0,388.0,335.0,468.0,594.0,619.0,787.0,689.0,474.0,437.0,586.0,542.0,636.0
1468,20250322,0,498.0,426.0,444.0,437.0,354.0,364.0,445.0,391.0,498.0,505.0,583.0,601.0,870.0,692.0,477.0,563.0,609.0,536.0,641.0
1469,20250710,0,541.0,459.0,576.0,630.0,457.0,481.0,507.0,619.0,450.0,564.0,534.0,587.0,380.0,667.0,469.0,681.0,553.0,457.0,588.0
1470,20250412,0,484.0,572.0,356.0,466.0,505.0,520.0,581.0,580.0,420.0,504.0,408.0,651.0,15.0,654.0,530.0,562.0,567.0,275.0,645.0
1471,20250527,0,506.0,401.0,322.0,440.0,340.0,408.0,397.0,491.0,460.0,464.0,585.0,670.0,667.0,689.0,482.0,531.0,623.0,525.0,641.0
1472,20251103,0,500.0,376.0,457.0,454.0,329.0,380.0,413.0,638.0,502.0,454.0,565.0,669.0,881.0,717.0,483.0,607.0,685.0,618.0,645.0
1473,20250711,0,566.0,431.0,388.0,514.0,469.0,464.0,460.0,387.0,453.0,566.0,556.0,565.0,712.0,693.0,514.0,570.0,456.0,526.0,539.0
1474,20250414,0,517.0,385.0,301.0,435.0,339.0,423.0,366.0,472.0,457.0,477.0,589.0,566.0,550.0,685.0,476.0,503.0,611.0,482.0,640.0
1475,20250419,0,526.0,399.0,415.0,400.0,346.0,357.0,445.0,409.0,389.0,555.0,584.0,626.0,765.0,688.0,480.0,569.0,547.0,505.0,580.0
1476,20250817,0,533.0,429.0,496.0,609.0,374.0,464.0,468.0,617.0,518.0,538.0,558.0,648.0,310.0,677.0,470.0,651.0,562.0,537.0,605.0
1477,20250314,0,509.0,409.0,321.0,548.0,360.0,533.0,395.0,400.0,516.0,515.0,565.0,700.0,777.0,674.0,468.0,518.0,538.0,426.0,642.0
1478,20250414,0,540.0,477.0,530.0,525.0,425.0,422.0,478.0,615.0,569.0,492.0,535.0,597.0,318.0,689.0,494.0,653.0,546.0,508.0,588.0
1479,20250531,0,538.0,459.0,491.0,586.0,422.0,496.0,485.0,447.0,412.0,589.0,530.0,612.0,323.0,660.0,490.0,579.0,481.0,478.0,520.0
1480,20250625,0,504.0,431.0,382.0,455.0,359.0,414.0,445.0,604.0,536.0,462.0,578.0,680.0,848.0,691.0,489.0,651.0,614.0,532.0,632.0
1481,20250927,0,490.0,362.0,365.0,320.0,328.0,321.0,428.0,441.0,490.0,468.0,609.0,651.0,900.0,707.0,458.0,535.0,593.0,546.0,533.0
1482,20251013,0,547.0,455.0,491.0,492.0,410.0,513.0,484.0,719.0,520.0,556.0,518.0,648.0,245.0,676.0,483.0,619.0,543.0,444.0,583.0
1483,20251001,0,490.0,383.0,374.0,451.0,328.0,408.0,413.0,425.0,539.0,466.0,576.0,696.0,781.0,686.0,483.0,549.0,585.0,481.0,646.0
1484,20251107,0,505.0,413.0,322.0,450.0,344.0,393.0,417.0,444.0,471.0,461.0,574.0,673.0,878.0,686.0,474.0,546.0,576.0,561.0,628.0
1485,20251027,0,509.0,418.0,404.0,517.0,386.0,540.0,457.0,552.0,344.0,517.0,560.0,693.0,367.0,686.0,509.0,610.0,530.0,494.0,569.0
1486,20251017,0,491.0,365.0,321.0,307.0,358.0,300.0,421.0,438.0,473.0,475.0,615.0,613.0,965.0,723.0,483.0,541.0,598.0,592.0,624.0
1487,20251004,0,527.0,412.0,498.0,414.0,355.0,435.0,431.0,637.0,363.0,507.0,578.0,681.0,715.0,665.0,488.0,647.0,531.0,496.0,524.0
1488,20250814,0,518.0,469.0,350.0,519.0,438.0,589.0,443.0,715.0,426.0,512.0,548.0,700.0,372.0,661.0,519.0,667.0,562.0,464.0,646.0
1489,20250520,0,539.0,473.0,457.0,468.0,416.0,409.0,497.0,471.0,475.0,504.0,548.0,624.0,314.0,687.0,494.0,625.0,605.0,580.0,633.0
1490,20250530,0,508.0,541.0,321.0,516.0,480.0,622.0,506.0,565.0,186.0,543.0,556.0,700.0,350.0,671.0,494.0,581.0,506.0,437.0,622.0
1491,20250622,0,470.0,381.0,301.0,307.0,311.0,320.0,364.0,416.0,511.0,440.0,620.0,681.0,852.0,700.0,488.0,446.0,587.0,474.0,646.0
1492,20250827,0,540.0,451.0,433.0,490.0,378.0,514.0,477.0,728.0,521.0,552.0,533.0,670.0,769.0,647.0,458.0,623.0,603.0,514.0,642.0
1493,20250920,0,545.0,474.0,322.0,516.0,527.0,587.0,481.0,646.0,238.0,502.0,555.0,528.0,94.0,667.0,543.0,592.0,562.0,432.0,640.0
1494,20251102,0,493.0,418.0,363.0,516.0,400.0,522.0,440.0,619.0,413.0,486.0,548.0,700.0,632.0,687.0,477.0,589.0,586.0,515.0,633.0
1495,20250722,0,574.0,468.0,638.0,533.0,496.0,494.0,501.0,673.0,560.0,586.0,528.0,545.0,169.0,677.0,525.0,646.0,378.0,539.0,511.0
1496,20250711,0,524.0,472.0,530.0,533.0,434.0,420.0,498.0,763.0,507.0,520.0,509.0,643.0,269.0,689.0,492.0,656.0,493.0,521.0,554.0
1497,20250827,0,501.0,617.0,409.0,476.0,506.0,584.0,624.0,579.0,334.0,516.0,411.0,694.0,12.0,618.0,495.0,565.0,567.0,275.0,645.0
1498,20250825,0,513.0,471.0,478.0,587.0,393.0,498.0,451.0,598.0,492.0,515.0,556.0,635.0,371.0,687.0,484.0,629.0,512.0,466.0,544.0
1499,20250503,0,523.0,430.0,356.0,474.0,377.0,558.0,421.0,392.0,452.0,515.0,534.0,645.0,618.0,672.0,484.0,553.0,552.0,435.0,639.0
1500,20250419,0,539.0,323.0,301.0,303.0,346.0,300.0,388.0,449.0,518.0,414.0,636.0,609.0,975.0,709.0,443.0,486.0,646.0,562.0,643.0
1501,20250713,0,480.0,344.0,436.0,317.0,327.0,349.0,394.0,546.0,484.0,422.0,599.0,676.0,964.0,717.0,433.0,666.0,622.0,606.0,646.0
1502,20251031,0,530.0,480.0,484.0,562.0,393.0,511.0,515.0,519.0,287.0,518.0,490.0,688.0,644.0,670.0,508.0,596.0,616.0,492.0,644.0
1503,20251017,0,514.0,395.0,439.0,570.0,369.0,427.0,437.0,445.0,488.0,493.0,554.0,661.0,663.0,688.0,470.0,612.0,585.0,533.0,647.0
1504,20250823,0,508.0,442.0,439.0,396.0,379.0,417.0,452.0,339.0,355.0,482.0,582.0,581.0,799.0,687.0,452.0,530.0,627.0,571.0,637.0
1505,20250727,0,506.0,401.0,376.0,391.0,354.0,400.0,410.0,389.0,403.0,488.0,582.0,686.0,831.0,688.0,480.0,563.0,564.0,551.0,605.0
1506,20251102,0,521.0,439.0,350.0,519.0,377.0,591.0,421.0,476.0,375.0,547.0,556.0,700.0,494.0,665.0,481.0,530.0,557.0,482.0,644.0
1507,20251202,0,510.0,447.0,321.0,440.0,393.0,526.0,427.0,575.0,367.0,500.0,585.0,700.0,275.0,684.0,502.0,591.0,583.0,483.0,627.0
1508,20250731,0,501.0,382.0,363.0,310.0,354.0,381.0,429.0,513.0,492.0,458.0,606.0,654.0,782.0,684.0,463.0,518.0,595.0,554.0,636.0
1509,20250319,0,500.0,411.0,508.0,406.0,370.0,352.0,430.0,371.0,463.0,475.0,579.0,600.0,714.0,687.0,474.0,558.0,610.0,514.0,647.0
1510,20251030,0,493.0,380.0,312.0,325.0,321.0,394.0,400.0,329.0,437.0,467.0,595.0,684.0,964.0,688.0,472.0,528.0,610.0,505.0,646.0
1511,20250814,0,503.0,390.0,417.0,442.0,369.0,417.0,432.0,485.0,379.0,449.0,574.0,679.0,817.0,686.0,463.0,578.0,486.0,489.0,545.0
1512,20251102,0,501.0,363.0,408.0,317.0,323.0,344.0,366.0,370.0,480.0,411.0,595.0,673.0,978.0,711.0,431.0,523.0,589.0,620.0,627.0
1513,20250913,0,502.0,430.0,496.0,587.0,364.0,411.0,467.0,702.0,563.0,476.0,557.0,682.0,856.0,684.0,462.0,646.0,545.0,535.0,596.0
1514,20250809,0,,,,,,,,,,,,,,,,,,,
1515,20250828,0,515.0,454.0,491.0,508.0,412.0,402.0,457.0,635.0,592.0,512.0,526.0,609.0,611.0,696.0,464.0,621.0,563.0,545.0,620.0
1516,20250816,0,499.0,346.0,436.0,317.0,336.0,329.0,372.0,279.0,497.0,399.0,602.0,654.0,977.0,730.0,441.0,563.0,624.0,590.0,533.0
1517,20250315,0,543.0,417.0,490.0,464.0,544.0,406.0,453.0,451.0,482.0,488.0,565.0,500.0,457.0,699.0,484.0,569.0,472.0,514.0,538.0
1518,20251006,0,526.0,417.0,413.0,514.0,367.0,533.0,406.0,332.0,429.0,545.0,518.0,700.0,536.0,666.0,478.0,530.0,558.0,480.0,627.0
1519,20251006,0,486.0,385.0,312.0,309.0,340.0,344.0,381.0,326.0,479.0,450.0,604.0,700.0,859.0,695.0,474.0,514.0,595.0,482.0,646.0
1520,20250923,0,505.0,406.0,436.0,314.0,351.0,339.0,447.0,462.0,404.0,438.0,597.0,639.0,969.0,723.0,441.0,660.0,612.0,580.0,605.0
1521,20250915,0,551.0,465.0,439.0,476.0,427.0,428.0,473.0,369.0,394.0,572.0,548.0,600.0,722.0,679.0,482.0,528.0,640.0,556.0,630.0
1522,20250717,0,504.0,401.0,457.0,518.0,348.0,397.0,443.0,596.0,408.0,479.0,561.0,637.0,876.0,697.0,455.0,628.0,559.0,568.0,628.0
1523,20250826,0,507.0,373.0,301.0,349.0,333.0,346.0,381.0,413.0,449.0,475.0,606.0,661.0,645.0,698.0,489.0,519.0,560.0,516.0,571.0
1524,20251101,0,481.0,335.0,413.0,321.0,333.0,346.0,387.0,383.0,347.0,458.0,601.0,674.0,959.0,717.0,444.0,500.0,609.0,611.0,560.0
1525,20251028,0,544.0,399.0,375.0,506.0,339.0,401.0,432.0,537.0,428.0,486.0,570.0,655.0,525.0,680.0,492.0,552.0,589.0,453.0,646.0
1526,20250327,0,526.0,410.0,448.0,487.0,397.0,488.0,441.0,590.0,463.0,531.0,554.0,676.0,715.0,681.0,463.0,615.0,609.0,522.0,640.0
1527,20251021,0,585.0,486.0,524.0,524.0,453.0,467.0,513.0,718.0,462.0,600.0,525.0,668.0,24.0,679.0,546.0,652.0,426.0,563.0,518.0
1528,20250603,0,517.0,395.0,352.0,460.0,366.0,523.0,383.0,384.0,480.0,512.0,576.0,700.0,854.0,673.0,480.0,522.0,570.0,455.0,645.0
1529,20251108,0,451.0,355.0,301.0,303.0,363.0,300.0,326.0,549.0,423.0,342.0,614.0,528.0,990.0,733.0,455.0,645.0,591.0,613.0,644.0
1530,20251010,0,484.0,363.0,426.0,321.0,322.0,346.0,402.0,395.0,446.0,407.0,602.0,680.0,987.0,704.0,432.0,555.0,631.0,603.0,594.0
1531,20250515,0,500.0,417.0,322.0,469.0,416.0,575.0,398.0,377.0,344.0,518.0,546.0,700.0,430.0,677.0,484.0,531.0,583.0,484.0,616.0
1532,20250917,0,483.0,378.0,413.0,389.0,348.0,361.0,432.0,668.0,485.0,421.0,582.0,643.0,990.0,718.0,443.0,641.0,643.0,589.0,645.0
1533,20250822,0,504.0,388.0,301.0,438.0,351.0,482.0,402.0,484.0,457.0,504.0,588.0,668.0,609.0,680.0,482.0,516.0,564.0,458.0,634.0
1534,20251015,0,510.0,433.0,457.0,496.0,363.0,406.0,424.0,321.0,386.0,423.0,556.0,629.0,979.0,706.0,443.0,575.0,644.0,604.0,648.0
1535,20250730,0,487.0,397.0,301.0,372.0,375.0,482.0,402.0,401.0,417.0,480.0,598.0,685.0,591.0,692.0,491.0,573.0,550.0,437.0,592.0
1536,20250312,0,503.0,440.0,491.0,522.0,448.0,459.0,463.0,704.0,692.0,483.0,534.0,546.0,191.0,686.0,475.0,590.0,507.0,517.0,610.0
1537,20250605,0,501.0,441.0,455.0,515.0,439.0,564.0,453.0,478.0,321.0,522.0,535.0,687.0,251.0,684.0,491.0,606.0,556.0,503.0,610.0
1538,20251101,0,484.0,423.0,353.0,326.0,334.0,357.0,433.0,578.0,427.0,408.0,598.0,636.0,863.0,703.0,463.0,559.0,541.0,562.0,555.0
1539,20250606,0,523.0,388.0,457.0,385.0,308.0,354.0,433.0,479.0,406.0,483.0,588.0,678.0,957.0,693.0,441.0,593.0,617.0,575.0,611.0
1540,20251008,0,501.0,409.0,356.0,474.0,400.0,561.0,437.0,544.0,406.0,502.0,538.0,700.0,482.0,671.0,476.0,581.0,546.0,424.0,641.0
1541,20250428,0,524.0,405.0,364.0,527.0,386.0,527.0,439.0,416.0,426.0,518.0,565.0,687.0,453.0,674.0,488.0,569.0,501.0,457.0,586.0
1542,20250527,0,516.0,396.0,322.0,454.0,348.0,451.0,401.0,405.0,445.0,499.0,571.0,665.0,697.0,686.0,484.0,549.0,445.0,435.0,499.0
1543,20250719,0,524.0,432.0,428.0,514.0,402.0,539.0,477.0,554.0,392.0,535.0,549.0,665.0,439.0,665.0,491.0,593.0,520.0,451.0,643.0
1544,20250703,0,519.0,403.0,439.0,447.0,341.0,393.0,445.0,276.0,404.0,550.0,571.0,654.0,927.0,680.0,437.0,582.0,601.0,579.0,644.0
1545,20250708,0,508.0,369.0,402.0,310.0,356.0,317.0,408.0,550.0,503.0,436.0,620.0,617.0,993.0,716.0,437.0,547.0,640.0,578.0,622.0
1546,20250902,0,512.0,426.0,512.0,631.0,386.0,429.0,486.0,640.0,416.0,481.0,526.0,675.0,671.0,679.0,469.0,636.0,566.0,480.0,587.0
1547,20250309,0,534.0,420.0,435.0,520.0,382.0,465.0,468.0,776.0,441.0,535.0,585.0,680.0,576.0,681.0,500.0,719.0,586.0,515.0,634.0
1548,20250818,0,524.0,403.0,367.0,311.0,317.0,314.0,426.0,384.0,354.0,473.0,617.0,677.0,967.0,697.0,438.0,566.0,649.0,551.0,649.0
1549,20250731,0,528.0,428.0,510.0,505.0,357.0,408.0,462.0,610.0,569.0,474.0,559.0,648.0,784.0,692.0,443.0,638.0,592.0,573.0,626.0
1550,20251018,0,488.0,399.0,387.0,460.0,352.0,376.0,425.0,497.0,426.0,430.0,579.0,691.0,389.0,700.0,474.0,611.0,582.0,503.0,575.0
1551,20250416,0,528.0,400.0,530.0,525.0,448.0,562.0,471.0,615.0,497.0,553.0,492.0,583.0,105.0,662.0,511.0,607.0,523.0,435.0,619.0
1552,20251118,0,536.0,435.0,457.0,524.0,366.0,410.0,480.0,645.0,377.0,480.0,560.0,657.0,594.0,688.0,445.0,669.0,507.0,593.0,561.0
1553,20250529,0,531.0,414.0,457.0,387.0,405.0,347.0,456.0,361.0,485.0,529.0,582.0,554.0,624.0,704.0,493.0,577.0,525.0,595.0,513.0
1554,20251106,0,564.0,411.0,524.0,522.0,407.0,408.0,458.0,547.0,450.0,565.0,533.0,620.0,658.0,692.0,497.0,615.0,493.0,506.0,574.0
1555,20250901,0,508.0,392.0,349.0,312.0,336.0,303.0,380.0,419.0,409.0,450.0,617.0,637.0,906.0,704.0,456.0,491.0,577.0,537.0,627.0
1556,20250903,0,513.0,414.0,368.0,470.0,418.0,552.0,437.0,472.0,420.0,495.0,531.0,678.0,383.0,676.0,502.0,553.0,545.0,438.0,638.0
1557,20251018,0,483.0,391.0,448.0,495.0,372.0,409.0,436.0,482.0,453.0,459.0,577.0,694.0,769.0,694.0,507.0,578.0,551.0,517.0,570.0
1558,20251005,0,525.0,434.0,429.0,532.0,390.0,570.0,459.0,608.0,364.0,539.0,550.0,685.0,524.0,663.0,495.0,607.0,542.0,477.0,642.0
1559,20250521,0,515.0,397.0,357.0,315.0,348.0,348.0,391.0,416.0,447.0,496.0,620.0,640.0,389.0,692.0,470.0,545.0,590.0,541.0,639.0
1560,20250325,0,454.0,347.0,436.0,307.0,360.0,300.0,411.0,473.0,508.0,440.0,611.0,645.0,988.0,722.0,431.0,573.0,577.0,603.0,622.0
1561,20250704,0,546.0,447.0,498.0,401.0,339.0,401.0,449.0,506.0,387.0,531.0,582.0,666.0,335.0,684.0,486.0,664.0,544.0,532.0,575.0
1562,20250507,0,489.0,416.0,322.0,381.0,320.0,377.0,358.0,244.0,458.0,435.0,579.0,700.0,985.0,696.0,477.0,460.0,663.0,575.0,652.0
1563,20250807,0,502.0,400.0,419.0,478.0,373.0,458.0,436.0,394.0,375.0,486.0,564.0,700.0,800.0,677.0,458.0,562.0,552.0,516.0,640.0
1564,20250528,0,478.0,359.0,301.0,316.0,325.0,310.0,355.0,321.0,479.0,443.0,611.0,700.0,968.0,701.0,452.0,435.0,589.0,501.0,654.0
1565,20250411,0,519.0,431.0,321.0,460.0,374.0,554.0,454.0,571.0,352.0,536.0,569.0,700.0,651.0,670.0,488.0,588.0,594.0,527.0,626.0
1566,20250804,0,500.0,392.0,376.0,438.0,326.0,382.0,418.0,441.0,481.0,477.0,579.0,691.0,771.0,685.0,476.0,550.0,539.0,490.0,581.0
1567,20250722,0,478.0,370.0,301.0,360.0,360.0,360.0,376.0,398.0,540.0,459.0,607.0,700.0,579.0,694.0,468.0,551.0,571.0,534.0,581.0
1568,20251104,0,509.0,394.0,457.0,487.0,332.0,382.0,444.0,514.0,476.0,503.0,573.0,678.0,830.0,685.0,475.0,596.0,606.0,523.0,633.0
1569,20250417,0,445.0,414.0,436.0,323.0,365.0,339.0,421.0,356.0,325.0,415.0,597.0,630.0,992.0,714.0,441.0,555.0,681.0,591.0,635.0
1570,20250424,0,523.0,417.0,436.0,317.0,364.0,351.0,456.0,655.0,374.0,505.0,600.0,616.0,433.0,704.0,495.0,636.0,641.0,609.0,647.0
1571,20250302,0,526.0,415.0,396.0,519.0,418.0,579.0,436.0,586.0,460.0,535.0,541.0,687.0,658.0,666.0,481.0,636.0,550.0,476.0,646.0
1572,20250705,0,513.0,393.0,429.0,414.0,348.0,404.0,422.0,425.0,399.0,462.0,576.0,668.0,937.0,685.0,454.0,583.0,553.0,563.0,647.0
1573,20250707,0,527.0,391.0,429.0,467.0,362.0,455.0,454.0,614.0,434.0,493.0,570.0,687.0,796.0,676.0,458.0,646.0,564.0,504.0,584.0
1574,20251114,0,,,,,,,,,,,,,,,,,,,
1575,20250323,0,495.0,398.0,370.0,420.0,387.0,437.0,415.0,460.0,427.0,453.0,578.0,700.0,652.0,688.0,473.0,590.0,526.0,518.0,615.0
1576,20251017,0,516.0,397.0,452.0,344.0,377.0,427.0,443.0,458.0,381.0,470.0,597.0,682.0,621.0,682.0,457.0,556.0,540.0,498.0,572.0
1577,20250720,0,526.0,375.0,392.0,303.0,347.0,324.0,426.0,356.0,414.0,521.0,628.0,647.0,988.0,696.0,440.0,562.0,661.0,584.0,641.0
1578,20251019,0,529.0,412.0,457.0,531.0,375.0,479.0,478.0,751.0,458.0,463.0,551.0,685.0,838.0,679.0,485.0,631.0,662.0,602.0,645.0
1579,20251011,0,511.0,400.0,478.0,452.0,355.0,408.0,426.0,334.0,448.0,507.0,582.0,652.0,823.0,682.0,469.0,560.0,573.0,528.0,641.0
1580,20251021,0,513.0,407.0,423.0,504.0,395.0,574.0,436.0,185.0,429.0,506.0,494.0,649.0,305.0,674.0,482.0,535.0,568.0,455.0,645.0
1581,20250930,0,487.0,388.0,360.0,312.0,339.0,318.0,410.0,721.0,489.0,452.0,608.0,691.0,872.0,699.0,484.0,679.0,476.0,489.0,588.0
1582,20250303,0,516.0,403.0,346.0,443.0,350.0,463.0,411.0,392.0,414.0,514.0,577.0,700.0,603.0,676.0,479.0,546.0,565.0,474.0,638.0
1583,20250304,0,522.0,407.0,491.0,558.0,409.0,414.0,453.0,650.0,514.0,524.0,539.0,540.0,688.0,681.0,488.0,618.0,523.0,526.0,586.0
1584,20251001,0,512.0,393.0,399.0,417.0,354.0,456.0,429.0,350.0,437.0,510.0,592.0,681.0,741.0,665.0,493.0,577.0,605.0,471.0,639.0
1585,20250526,0,483.0,405.0,412.0,466.0,346.0,488.0,412.0,442.0,345.0,464.0,568.0,679.0,827.0,692.0,488.0,532.0,598.0,482.0,649.0
1586,20250601,0,527.0,414.0,457.0,485.0,382.0,427.0,456.0,532.0,591.0,512.0,548.0,623.0,768.0,682.0,450.0,591.0,619.0,567.0,636.0
1587,20250505,0,560.0,416.0,429.0,496.0,413.0,516.0,448.0,670.0,377.0,561.0,549.0,677.0,644.0,648.0,463.0,674.0,584.0,544.0,643.0
1588,20251020,0,492.0,401.0,360.0,312.0,331.0,330.0,388.0,568.0,500.0,433.0,613.0,683.0,935.0,696.0,475.0,562.0,551.0,514.0,631.0
1589,20250407,0,505.0,447.0,578.0,492.0,387.0,434.0,475.0,443.0,378.0,489.0,551.0,590.0,840.0,690.0,490.0,566.0,578.0,515.0,636.0
1590,20251028,0,539.0,421.0,444.0,394.0,358.0,415.0,435.0,512.0,359.0,468.0,585.0,645.0,855.0,684.0,461.0,586.0,611.0,559.0,644.0
1591,20250930,0,533.0,359.0,364.0,320.0,352.0,329.0,372.0,327.0,519.0,476.0,603.0,582.0,938.0,710.0,450.0,528.0,445.0,554.0,502.0
1592,20250910,0,510.0,374.0,426.0,300.0,341.0,336.0,395.0,480.0,549.0,426.0,604.0,692.0,947.0,704.0,439.0,590.0,603.0,566.0,634.0
1593,20250519,0,525.0,397.0,491.0,474.0,394.0,417.0,463.0,486.0,540.0,543.0,535.0,583.0,909.0,678.0,456.0,634.0,623.0,533.0,648.0
1594,20250901,0,456.0,383.0,387.0,440.0,355.0,410.0,409.0,408.0,451.0,444.0,570.0,679.0,987.0,725.0,449.0,546.0,619.0,556.0,633.0
1595,20250911,0,525.0,360.0,429.0,399.0,320.0,381.0,417.0,349.0,414.0,474.0,579.0,686.0,934.0,697.0,440.0,594.0,671.0,589.0,652.0
1596,20250324,0,533.0,387.0,418.0,303.0,511.0,320.0,458.0,541.0,476.0,409.0,606.0,501.0,865.0,713.0,480.0,584.0,617.0,634.0,616.0
1597,20250901,0,500.0,395.0,331.0,334.0,314.0,359.0,411.0,353.0,281.0,469.0,603.0,690.0,917.0,688.0,466.0,436.0,611.0,553.0,648.0
1598,20250608,0,529.0,397.0,491.0,592.0,403.0,502.0,471.0,639.0,456.0,550.0,537.0,677.0,476.0,678.0,476.0,632.0,605.0,501.0,614.0
1599,20250724,0,505.0,379.0,429.0,560.0,349.0,408.0,432.0,515.0,456.0,452.0,561.0,687.0,757.0,688.0,478.0,595.0,549.0,486.0,612.0
1600,20250327,0,495.0,356.0,363.0,300.0,375.0,300.0,395.0,724.0,697.0,414.0,628.0,621.0,758.0,698.0,451.0,568.0,561.0,590.0,569.0
1601,20251005,0,534.0,465.0,457.0,603.0,355.0,418.0,476.0,575.0,407.0,477.0,547.0,668.0,694.0,684.0,496.0,662.0,587.0,490.0,626.0
1602,20251010,0,504.0,502.0,356.0,511.0,433.0,637.0,512.0,402.0,353.0,537.0,503.0,700.0,523.0,665.0,460.0,541.0,507.0,415.0,629.0
1603,20250805,0,501.0,360.0,367.0,347.0,329.0,346.0,418.0,481.0,452.0,429.0,592.0,669.0,954.0,702.0,448.0,581.0,573.0,538.0,644.0
1604,20250710,0,507.0,408.0,473.0,488.0,404.0,482.0,459.0,530.0,408.0,500.0,532.0,668.0,79.0,685.0,459.0,644.0,481.0,534.0,564.0
1605,20250901,0,539.0,412.0,429.0,477.0,367.0,451.0,445.0,685.0,450.0,543.0,567.0,678.0,567.0,674.0,480.0,634.0,599.0,501.0,604.0
1606,20251026,0,498.0,421.0,372.0,543.0,396.0,557.0,435.0,713.0,450.0,499.0,563.0,700.0,310.0,683.0,494.0,684.0,480.0,428.0,558.0
1607,20250908,0,538.0,427.0,384.0,482.0,404.0,593.0,404.0,387.0,247.0,555.0,529.0,700.0,343.0,650.0,495.0,516.0,561.0,431.0,643.0
1608,20250428,0,563.0,463.0,608.0,598.0,476.0,578.0,510.0,710.0,695.0,618.0,499.0,628.0,6.0,678.0,493.0,642.0,381.0,504.0,517.0
1609,20250528,0,524.0,441.0,322.0,467.0,385.0,614.0,451.0,553.0,404.0,519.0,557.0,633.0,426.0,632.0,491.0,591.0,508.0,430.0,637.0
1610,20250708,0,494.0,354.0,312.0,311.0,332.0,334.0,392.0,419.0,375.0,461.0,614.0,663.0,884.0,684.0,478.0,470.0,613.0,502.0,649.0
1611,20250827,0,499.0,368.0,301.0,312.0,319.0,348.0,385.0,357.0,368.0,446.0,614.0,700.0,878.0,688.0,476.0,459.0,630.0,547.0,648.0
1612,20250415,0,516.0,432.0,368.0,512.0,404.0,498.0,438.0,498.0,378.0,528.0,563.0,655.0,125.0,688.0,495.0,592.0,599.0,551.0,611.0
1613,20250512,0,505.0,377.0,421.0,472.0,385.0,544.0,424.0,611.0,485.0,492.0,560.0,687.0,539.0,682.0,504.0,639.0,570.0,510.0,620.0
1614,20250314,0,458.0,371.0,436.0,303.0,347.0,313.0,418.0,575.0,463.0,457.0,611.0,639.0,939.0,722.0,486.0,607.0,620.0,591.0,629.0
1615,20250905,0,485.0,378.0,349.0,303.0,327.0,300.0,384.0,324.0,418.0,427.0,616.0,679.0,944.0,702.0,448.0,467.0,650.0,542.0,604.0
1616,20251107,0,507.0,414.0,454.0,406.0,348.0,398.0,458.0,645.0,359.0,444.0,582.0,662.0,64.0,687.0,498.0,649.0,509.0,486.0,545.0
1617,20251107,0,513.0,436.0,529.0,461.0,409.0,383.0,489.0,430.0,405.0,511.0,564.0,586.0,728.0,690.0,500.0,627.0,605.0,540.0,630.0
1618,20250819,0,412.0,333.0,370.0,302.0,356.0,317.0,359.0,380.0,462.0,342.0,643.0,700.0,993.0,725.0,437.0,480.0,578.0,668.0,596.0
1619,20250516,0,552.0,462.0,612.0,612.0,450.0,537.0,477.0,657.0,324.0,548.0,544.0,658.0,288.0,662.0,490.0,647.0,562.0,465.0,622.0
1620,20250526,0,498.0,345.0,354.0,307.0,320.0,319.0,384.0,385.0,487.0,441.0,619.0,651.0,978.0,701.0,494.0,504.0,603.0,580.0,640.0
1621,20250728,0,543.0,422.0,484.0,555.0,442.0,509.0,439.0,626.0,540.0,536.0,525.0,587.0,685.0,673.0,493.0,647.0,581.0,492.0,642.0
1622,20251109,0,533.0,407.0,321.0,483.0,379.0,550.0,403.0,408.0,353.0,552.0,553.0,700.0,667.0,653.0,458.0,560.0,563.0,489.0,624.0
1623,20250504,0,515.0,407.0,322.0,491.0,407.0,476.0,424.0,351.0,505.0,488.0,574.0,556.0,443.0,699.0,497.0,531.0,547.0,490.0,600.0
1624,20250505,0,526.0,431.0,485.0,555.0,470.0,575.0,455.0,533.0,308.0,543.0,536.0,674.0,490.0,657.0,501.0,637.0,513.0,488.0,621.0
1625,20250717,0,534.0,446.0,490.0,497.0,400.0,518.0,494.0,542.0,350.0,589.0,529.0,639.0,504.0,665.0,458.0,615.0,604.0,540.0,637.0
1626,20251111,0,521.0,415.0,322.0,519.0,393.0,599.0,431.0,589.0,420.0,538.0,548.0,700.0,363.0,667.0,492.0,546.0,564.0,499.0,634.0
1627,20250501,0,488.0,417.0,457.0,481.0,369.0,389.0,442.0,512.0,444.0,468.0,555.0,643.0,825.0,713.0,465.0,600.0,626.0,536.0,614.0
1628,20250829,0,508.0,391.0,429.0,457.0,350.0,387.0,410.0,497.0,425.0,477.0,584.0,673.0,876.0,693.0,462.0,589.0,514.0,518.0,594.0
1629,20250526,0,489.0,380.0,301.0,355.0,322.0,337.0,377.0,342.0,388.0,446.0,609.0,700.0,896.0,691.0,464.0,458.0,573.0,494.0,617.0
1630,20250810,0,524.0,418.0,439.0,491.0,372.0,544.0,399.0,378.0,427.0,515.0,571.0,614.0,283.0,677.0,502.0,489.0,568.0,508.0,628.0
1631,20251105,0,517.0,445.0,537.0,634.0,425.0,475.0,474.0,666.0,336.0,490.0,539.0,672.0,317.0,679.0,481.0,636.0,559.0,508.0,653.0
1632,20250414,0,513.0,443.0,457.0,485.0,371.0,436.0,442.0,380.0,395.0,493.0,570.0,639.0,896.0,687.0,461.0,610.0,666.0,648.0,592.0
1633,20250428,0,490.0,401.0,322.0,397.0,316.0,392.0,373.0,389.0,456.0,460.0,587.0,700.0,877.0,693.0,474.0,528.0,585.0,514.0,646.0
1634,20250602,0,524.0,388.0,354.0,350.0,332.0,391.0,422.0,486.0,429.0,475.0,593.0,681.0,868.0,683.0,464.0,581.0,627.0,538.0,651.0
1635,20251101,0,488.0,345.0,301.0,311.0,311.0,310.0,382.0,491.0,492.0,449.0,611.0,688.0,968.0,700.0,470.0,491.0,620.0,528.0,653.0
1636,20250801,0,511.0,368.0,436.0,317.0,319.0,346.0,419.0,524.0,537.0,443.0,595.0,655.0,948.0,709.0,423.0,586.0,615.0,588.0,630.0
1637,20251108,0,556.0,448.0,452.0,525.0,480.0,455.0,482.0,629.0,412.0,548.0,528.0,601.0,140.0,701.0,510.0,617.0,444.0,512.0,506.0
1638,20250822,0,497.0,386.0,418.0,400.0,362.0,387.0,423.0,683.0,523.0,443.0,581.0,691.0,286.0,688.0,473.0,663.0,581.0,525.0,618.0
1639,20251111,0,536.0,407.0,439.0,490.0,338.0,424.0,467.0,561.0,411.0,508.0,571.0,661.0,790.0,682.0,487.0,599.0,605.0,532.0,634.0
1640,20250924,0,509.0,443.0,375.0,487.0,338.0,399.0,431.0,565.0,355.0,479.0,586.0,684.0,777.0,683.0,484.0,602.0,604.0,523.0,656.0
1641,20250910,0,505.0,411.0,301.0,372.0,399.0,538.0,398.0,418.0,410.0,510.0,608.0,647.0,251.0,680.0,504.0,550.0,569.0,438.0,601.0
1642,20250609,0,508.0,360.0,410.0,300.0,320.0,331.0,398.0,390.0,495.0,474.0,619.0,653.0,934.0,708.0,441.0,468.0,643.0,591.0,635.0
1643,20250919,0,502.0,393.0,393.0,580.0,375.0,451.0,454.0,474.0,309.0,506.0,573.0,689.0,758.0,696.0,509.0,601.0,518.0,465.0,555.0
1644,20250622,0,555.0,426.0,524.0,464.0,448.0,397.0,447.0,597.0,718.0,505.0,540.0,533.0,72.0,703.0,498.0,623.0,320.0,555.0,493.0
1645,20250619,0,520.0,411.0,497.0,535.0,379.0,510.0,455.0,527.0,278.0,482.0,560.0,673.0,567.0,682.0,484.0,603.0,540.0,465.0,584.0
1646,20250330,0,515.0,405.0,365.0,300.0,356.0,352.0,399.0,437.0,373.0,466.0,614.0,671.0,870.0,697.0,494.0,583.0,624.0,568.0,639.0
1647,20250517,0,433.0,346.0,312.0,307.0,349.0,300.0,380.0,377.0,502.0,386.0,642.0,666.0,993.0,732.0,436.0,520.0,653.0,612.0,628.0
1648,20250718,0,525.0,389.0,399.0,352.0,389.0,462.0,420.0,482.0,439.0,488.0,591.0,657.0,783.0,681.0,481.0,555.0,535.0,517.0,631.0
1649,20250818,0,507.0,508.0,356.0,470.0,449.0,626.0,491.0,322.0,302.0,534.0,469.0,700.0,300.0,659.0,479.0,546.0,525.0,342.0,638.0
1650,20251203,0,511.0,406.0,432.0,464.0,387.0,516.0,437.0,660.0,515.0,495.0,562.0,686.0,721.0,692.0,505.0,629.0,566.0,544.0,627.0
1651,20250427,0,528.0,428.0,529.0,481.0,453.0,389.0,497.0,550.0,588.0,483.0,549.0,533.0,885.0,692.0,474.0,606.0,602.0,603.0,608.0
1652,20251007,0,451.0,389.0,436.0,341.0,336.0,344.0,416.0,287.0,435.0,446.0,592.0,665.0,986.0,722.0,448.0,535.0,615.0,586.0,626.0
1653,20250619,0,503.0,445.0,490.0,504.0,419.0,391.0,463.0,537.0,581.0,464.0,545.0,593.0,907.0,691.0,463.0,600.0,600.0,580.0,640.0
1654,20250821,0,451.0,332.0,300.0,300.0,350.0,375.0,331.0,330.0,387.0,373.0,622.0,700.0,991.0,714.0,437.0,344.0,590.0,554.0,637.0
1655,20250831,0,,,,,,,,,,,,,,,,,,,
1656,20250530,0,503.0,419.0,301.0,325.0,390.0,471.0,405.0,476.0,405.0,478.0,600.0,687.0,477.0,693.0,502.0,496.0,438.0,468.0,502.0
1657,20251028,0,502.0,404.0,378.0,369.0,328.0,391.0,421.0,348.0,409.0,473.0,595.0,688.0,883.0,698.0,484.0,578.0,578.0,521.0,634.0
1658,20250923,0,552.0,469.0,433.0,385.0,326.0,417.0,475.0,506.0,387.0,545.0,592.0,658.0,615.0,682.0,468.0,638.0,580.0,544.0,634.0
1659,20251028,0,499.0,355.0,410.0,300.0,313.0,308.0,379.0,368.0,459.0,448.0,607.0,688.0,982.0,696.0,451.0,500.0,616.0,554.0,623.0
1660,20251101,0,515.0,412.0,491.0,509.0,350.0,397.0,416.0,536.0,632.0,465.0,543.0,672.0,965.0,703.0,464.0,612.0,677.0,606.0,672.0
1661,20250422,0,509.0,406.0,301.0,330.0,352.0,380.0,384.0,446.0,375.0,462.0,599.0,638.0,670.0,692.0,480.0,435.0,489.0,427.0,481.0
1662,20250821,0,487.0,382.0,436.0,320.0,343.0,329.0,391.0,568.0,547.0,387.0,598.0,630.0,990.0,719.0,453.0,640.0,564.0,646.0,611.0
1663,20250526,0,522.0,393.0,301.0,355.0,392.0,435.0,404.0,498.0,468.0,478.0,607.0,646.0,658.0,687.0,513.0,481.0,615.0,467.0,668.0
1664,20250724,0,497.0,325.0,331.0,311.0,311.0,300.0,376.0,332.0,485.0,454.0,624.0,685.0,967.0,701.0,436.0,455.0,631.0,590.0,660.0
1665,20250527,0,490.0,369.0,322.0,438.0,341.0,430.0,404.0,376.0,371.0,473.0,588.0,658.0,864.0,688.0,487.0,469.0,590.0,496.0,645.0
1666,20251103,0,498.0,390.0,448.0,470.0,371.0,448.0,447.0,612.0,401.0,457.0,561.0,682.0,871.0,684.0,475.0,613.0,588.0,504.0,633.0
1667,20250908,0,512.0,379.0,301.0,438.0,362.0,513.0,401.0,525.0,523.0,497.0,589.0,685.0,619.0,684.0,492.0,538.0,542.0,489.0,591.0
1668,20250927,0,538.0,457.0,439.0,433.0,370.0,422.0,459.0,559.0,423.0,570.0,584.0,650.0,402.0,679.0,488.0,638.0,474.0,480.0,478.0
1669,20250508,0,535.0,425.0,484.0,514.0,383.0,425.0,455.0,550.0,541.0,552.0,525.0,624.0,786.0,676.0,455.0,601.0,588.0,540.0,639.0
1670,20250802,0,549.0,461.0,476.0,494.0,531.0,499.0,519.0,488.0,394.0,574.0,524.0,525.0,502.0,677.0,503.0,564.0,574.0,533.0,617.0
1671,20251101,0,505.0,387.0,322.0,440.0,354.0,465.0,416.0,391.0,455.0,486.0,586.0,700.0,623.0,685.0,476.0,546.0,609.0,514.0,629.0
1672,20250614,0,521.0,392.0,389.0,447.0,364.0,509.0,397.0,417.0,425.0,543.0,571.0,671.0,560.0,678.0,477.0,517.0,564.0,482.0,635.0
1673,20251114,0,519.0,428.0,429.0,595.0,420.0,589.0,444.0,628.0,427.0,531.0,558.0,694.0,207.0,664.0,492.0,655.0,522.0,494.0,554.0
1674,20250619,0,508.0,439.0,301.0,438.0,346.0,483.0,401.0,463.0,408.0,501.0,589.0,700.0,545.0,685.0,476.0,547.0,572.0,486.0,649.0
1675,20250515,0,517.0,421.0,400.0,529.0,381.0,523.0,448.0,550.0,385.0,505.0,564.0,681.0,693.0,675.0,488.0,597.0,565.0,520.0,609.0
1676,20250709,0,513.0,340.0,436.0,306.0,324.0,317.0,371.0,598.0,660.0,425.0,614.0,638.0,993.0,724.0,428.0,550.0,649.0,622.0,629.0
1677,20250615,0,527.0,453.0,404.0,478.0,439.0,600.0,462.0,583.0,288.0,514.0,531.0,684.0,129.0,674.0,490.0,597.0,554.0,455.0,641.0
1678,20250716,0,541.0,386.0,441.0,490.0,362.0,460.0,437.0,607.0,400.0,549.0,562.0,680.0,796.0,667.0,497.0,614.0,615.0,520.0,641.0
1679,20250826,0,523.0,432.0,364.0,487.0,366.0,469.0,438.0,452.0,374.0,516.0,574.0,686.0,390.0,687.0,510.0,571.0,519.0,522.0,595.0
1680,20250802,0,548.0,434.0,482.0,637.0,395.0,595.0,480.0,624.0,349.0,575.0,534.0,684.0,437.0,671.0,509.0,621.0,562.0,460.0,645.0
1681,20250610,0,542.0,442.0,372.0,451.0,386.0,490.0,456.0,683.0,555.0,523.0,569.0,498.0,790.0,666.0,469.0,590.0,605.0,532.0,568.0
1682,20250711,0,493.0,380.0,301.0,373.0,361.0,447.0,403.0,411.0,542.0,469.0,595.0,675.0,509.0,694.0,484.0,522.0,539.0,489.0,589.0
1683,20250910,0,523.0,413.0,417.0,396.0,330.0,378.0,445.0,470.0,358.0,468.0,577.0,665.0,899.0,687.0,441.0,586.0,620.0,565.0,649.0
1684,20250811,0,526.0,438.0,576.0,639.0,420.0,548.0,482.0,737.0,525.0,514.0,527.0,663.0,511.0,672.0,492.0,642.0,435.0,497.0,504.0
1685,20250901,0,496.0,402.0,400.0,446.0,331.0,416.0,413.0,439.0,373.0,475.0,578.0,693.0,817.0,683.0,490.0,554.0,579.0,493.0,660.0
1686,20250409,0,547.0,479.0,524.0,508.0,460.0,535.0,538.0,674.0,367.0,593.0,521.0,646.0,261.0,675.0,518.0,632.0,593.0,526.0,633.0
1687,20251002,0,509.0,460.0,442.0,434.0,357.0,398.0,441.0,493.0,357.0,501.0,586.0,666.0,725.0,692.0,491.0,601.0,485.0,403.0,526.0
1688,20250823,0,479.0,404.0,457.0,434.0,365.0,344.0,398.0,513.0,576.0,454.0,575.0,638.0,747.0,712.0,445.0,641.0,530.0,572.0,565.0
1689,20251106,0,490.0,379.0,457.0,454.0,321.0,380.0,401.0,488.0,501.0,399.0,565.0,679.0,990.0,730.0,441.0,553.0,654.0,578.0,610.0
1690,20250905,0,513.0,408.0,429.0,507.0,364.0,430.0,428.0,617.0,433.0,474.0,580.0,667.0,384.0,685.0,492.0,588.0,565.0,562.0,640.0
1691,20250707,0,534.0,471.0,583.0,560.0,443.0,570.0,490.0,824.0,493.0,540.0,539.0,617.0,97.0,665.0,506.0,662.0,560.0,463.0,604.0
1692,20250819,0,489.0,358.0,331.0,318.0,339.0,375.0,352.0,433.0,478.0,430.0,617.0,700.0,770.0,700.0,453.0,445.0,463.0,496.0,528.0
1693,20250407,0,534.0,436.0,436.0,481.0,473.0,515.0,473.0,550.0,437.0,558.0,527.0,604.0,481.0,666.0,477.0,611.0,592.0,559.0,547.0
1694,20250607,0,,,,,,,,,,,,,,,,,,,
1695,20250831,0,484.0,597.0,356.0,470.0,464.0,568.0,613.0,566.0,332.0,526.0,424.0,700.0,123.0,653.0,490.0,600.0,537.0,411.0,633.0
1696,20250602,0,492.0,370.0,408.0,334.0,338.0,374.0,406.0,561.0,518.0,453.0,592.0,654.0,990.0,704.0,440.0,580.0,604.0,603.0,634.0
1697,20250528,0,487.0,399.0,384.0,313.0,332.0,346.0,388.0,480.0,509.0,455.0,603.0,665.0,984.0,719.0,436.0,581.0,658.0,589.0,650.0
1698,20250402,0,503.0,396.0,331.0,333.0,359.0,449.0,393.0,417.0,424.0,463.0,594.0,700.0,691.0,685.0,471.0,494.0,611.0,508.0,614.0
1699,20250402,0,476.0,394.0,356.0,476.0,449.0,526.0,425.0,484.0,465.0,467.0,513.0,642.0,747.0,694.0,482.0,530.0,578.0,455.0,646.0
1700,20250916,0,533.0,400.0,443.0,518.0,418.0,426.0,464.0,385.0,484.0,531.0,538.0,619.0,515.0,690.0,473.0,549.0,584.0,544.0,637.0
1701,20250614,0,530.0,432.0,489.0,442.0,391.0,467.0,459.0,566.0,370.0,522.0,574.0,649.0,605.0,663.0,491.0,613.0,608.0,511.0,643.0
1702,20250301,0,508.0,403.0,334.0,503.0,382.0,499.0,438.0,413.0,434.0,537.0,567.0,659.0,467.0,691.0,500.0,576.0,532.0,495.0,584.0
1703,20251002,0,538.0,457.0,552.0,551.0,384.0,459.0,477.0,542.0,434.0,544.0,499.0,655.0,828.0,671.0,471.0,600.0,566.0,495.0,613.0
1704,20250527,0,490.0,384.0,424.0,454.0,362.0,425.0,446.0,499.0,472.0,458.0,579.0,687.0,702.0,687.0,489.0,638.0,557.0,466.0,568.0
1705,20250309,0,529.0,417.0,457.0,600.0,404.0,471.0,448.0,722.0,339.0,553.0,555.0,645.0,578.0,667.0,483.0,628.0,620.0,530.0,663.0
1706,20251105,0,513.0,432.0,465.0,523.0,420.0,557.0,470.0,542.0,366.0,492.0,543.0,670.0,385.0,684.0,496.0,606.0,530.0,474.0,591.0
1707,20250402,0,481.0,362.0,301.0,362.0,328.0,405.0,388.0,280.0,319.0,467.0,601.0,700.0,935.0,690.0,472.0,466.0,586.0,512.0,615.0
1708,20251009,0,513.0,381.0,406.0,524.0,383.0,555.0,439.0,425.0,369.0,514.0,555.0,682.0,651.0,654.0,504.0,553.0,538.0,448.0,646.0
1709,20250904,0,504.0,395.0,400.0,460.0,326.0,390.0,413.0,569.0,490.0,450.0,567.0,692.0,918.0,695.0,450.0,609.0,601.0,499.0,650.0
1710,20250918,0,497.0,381.0,374.0,383.0,350.0,374.0,414.0,305.0,326.0,434.0,584.0,657.0,911.0,703.0,441.0,496.0,607.0,586.0,615.0
1711,20251015,0,491.0,346.0,331.0,353.0,337.0,365.0,373.0,609.0,583.0,478.0,609.0,687.0,863.0,688.0,474.0,624.0,567.0,496.0,641.0
1712,20250525,0,477.0,344.0,301.0,311.0,349.0,324.0,365.0,371.0,347.0,434.0,607.0,700.0,833.0,698.0,462.0,416.0,572.0,509.0,541.0
1713,20250821,0,491.0,369.0,457.0,391.0,313.0,357.0,400.0,468.0,635.0,489.0,587.0,641.0,904.0,712.0,438.0,567.0,631.0,570.0,641.0
1714,20250913,0,524.0,428.0,514.0,525.0,430.0,487.0,472.0,587.0,313.0,454.0,532.0,689.0,639.0,688.0,499.0,609.0,604.0,611.0,602.0
1715,20251003,0,513.0,415.0,532.0,491.0,369.0,504.0,451.0,508.0,360.0,522.0,538.0,683.0,785.0,686.0,480.0,565.0,636.0,496.0,647.0
1716,20250928,0,531.0,411.0,457.0,394.0,320.0,363.0,434.0,521.0,495.0,510.0,579.0,643.0,694.0,684.0,471.0,622.0,601.0,528.0,635.0
1717,20250721,0,513.0,420.0,491.0,484.0,370.0,408.0,479.0,442.0,354.0,509.0,534.0,661.0,893.0,684.0,449.0,594.0,590.0,549.0,634.0
1718,20250915,0,529.0,430.0,439.0,531.0,331.0,389.0,435.0,489.0,562.0,482.0,561.0,637.0,829.0,697.0,446.0,609.0,569.0,558.0,624.0
1719,20250611,0,510.0,385.0,457.0,316.0,326.0,324.0,418.0,477.0,515.0,463.0,609.0,633.0,913.0,695.0,473.0,624.0,621.0,561.0,644.0
1720,20250609,0,511.0,420.0,491.0,468.0,393.0,401.0,453.0,612.0,558.0,483.0,538.0,608.0,496.0,694.0,461.0,619.0,572.0,507.0,577.0
1721,20250626,0,535.0,456.0,448.0,543.0,446.0,566.0,459.0,749.0,464.0,558.0,557.0,689.0,534.0,652.0,494.0,654.0,622.0,452.0,628.0
1722,20250319,0,543.0,449.0,612.0,498.0,410.0,475.0,511.0,675.0,353.0,565.0,539.0,647.0,314.0,677.0,512.0,642.0,570.0,509.0,617.0
1723,20250523,0,497.0,354.0,408.0,311.0,347.0,320.0,403.0,430.0,420.0,472.0,611.0,659.0,872.0,698.0,442.0,551.0,604.0,504.0,538.0
1724,20251003,0,499.0,406.0,465.0,390.0,341.0,453.0,438.0,607.0,393.0,504.0,591.0,697.0,730.0,680.0,482.0,628.0,588.0,502.0,636.0
1725,20250815,0,520.0,415.0,363.0,406.0,353.0,387.0,458.0,457.0,349.0,488.0,576.0,700.0,840.0,679.0,449.0,542.0,601.0,553.0,642.0
1726,20251110,0,546.0,449.0,376.0,504.0,387.0,481.0,450.0,499.0,378.0,612.0,573.0,659.0,283.0,680.0,507.0,565.0,482.0,499.0,522.0
1727,20250809,0,515.0,417.0,438.0,524.0,437.0,584.0,468.0,376.0,335.0,525.0,552.0,700.0,301.0,659.0,495.0,583.0,522.0,433.0,604.0
1728,20250322,0,529.0,436.0,530.0,648.0,459.0,543.0,469.0,650.0,692.0,551.0,524.0,603.0,96.0,673.0,480.0,621.0,603.0,514.0,636.0
1729,20250428,0,545.0,440.0,491.0,596.0,442.0,504.0,516.0,569.0,373.0,577.0,497.0,669.0,551.0,679.0,498.0,694.0,598.0,522.0,647.0
1730,20250519,0,528.0,415.0,491.0,594.0,378.0,451.0,452.0,572.0,411.0,543.0,533.0,647.0,799.0,671.0,474.0,617.0,589.0,502.0,642.0
1731,20250919,0,539.0,467.0,355.0,483.0,381.0,511.0,452.0,544.0,321.0,518.0,546.0,673.0,875.0,681.0,501.0,583.0,578.0,502.0,637.0
1732,20250816,0,563.0,390.0,331.0,332.0,366.0,393.0,435.0,644.0,425.0,485.0,598.0,658.0,529.0,678.0,468.0,571.0,586.0,566.0,633.0
1733,20250907,0,506.0,408.0,429.0,469.0,344.0,402.0,448.0,533.0,422.0,452.0,561.0,678.0,949.0,694.0,446.0,607.0,576.0,487.0,643.0
1734,20250904,0,509.0,358.0,384.0,303.0,319.0,327.0,384.0,255.0,477.0,391.0,610.0,672.0,980.0,709.0,454.0,477.0,635.0,578.0,650.0
1735,20251022,0,514.0,386.0,310.0,315.0,332.0,318.0,416.0,466.0,494.0,483.0,615.0,645.0,838.0,686.0,474.0,559.0,598.0,532.0,626.0
1736,20250926,0,531.0,464.0,599.0,545.0,392.0,475.0,526.0,747.0,456.0,542.0,522.0,682.0,740.0,677.0,481.0,654.0,596.0,539.0,626.0
1737,20250929,0,518.0,436.0,394.0,531.0,370.0,483.0,447.0,617.0,349.0,511.0,549.0,695.0,779.0,677.0,490.0,627.0,572.0,484.0,649.0
1738,20250813,0,516.0,416.0,378.0,334.0,334.0,361.0,409.0,341.0,371.0,447.0,595.0,684.0,961.0,704.0,438.0,584.0,591.0,573.0,607.0
1739,20250911,0,510.0,417.0,439.0,387.0,368.0,349.0,447.0,476.0,433.0,504.0,586.0,603.0,895.0,691.0,454.0,647.0,594.0,556.0,595.0
1740,20251002,0,507.0,363.0,395.0,316.0,336.0,326.0,395.0,331.0,332.0,435.0,616.0,683.0,960.0,693.0,454.0,460.0,612.0,575.0,638.0
1741,20250428,0,516.0,396.0,301.0,373.0,351.0,518.0,390.0,395.0,366.0,527.0,595.0,633.0,552.0,676.0,496.0,513.0,613.0,478.0,627.0
1742,20251010,0,501.0,379.0,312.0,352.0,355.0,382.0,391.0,514.0,408.0,453.0,619.0,655.0,423.0,687.0,490.0,540.0,537.0,539.0,613.0
1743,20251029,0,495.0,382.0,301.0,393.0,330.0,402.0,394.0,384.0,462.0,452.0,593.0,691.0,879.0,690.0,476.0,519.0,596.0,506.0,647.0
1744,20251012,0,539.0,430.0,482.0,498.0,391.0,486.0,460.0,586.0,330.0,514.0,539.0,688.0,709.0,672.0,491.0,596.0,506.0,430.0,561.0
1745,20250804,0,543.0,424.0,540.0,390.0,389.0,378.0,485.0,567.0,496.0,549.0,583.0,624.0,128.0,690.0,494.0,616.0,288.0,545.0,442.0
1746,20250825,0,498.0,387.0,384.0,406.0,338.0,376.0,422.0,454.0,413.0,465.0,589.0,694.0,838.0,685.0,472.0,522.0,584.0,514.0,646.0
1747,20250531,0,516.0,396.0,439.0,472.0,347.0,384.0,459.0,638.0,592.0,498.0,566.0,634.0,750.0,684.0,463.0,610.0,537.0,519.0,511.0
1748,20250602,0,486.0,386.0,406.0,503.0,349.0,412.0,437.0,382.0,366.0,474.0,570.0,686.0,923.0,687.0,475.0,540.0,614.0,499.0,628.0
1749,20250407,0,563.0,481.0,496.0,479.0,421.0,464.0,502.0,608.0,376.0,570.0,548.0,601.0,394.0,668.0,478.0,646.0,637.0,582.0,639.0
1750,20250908,0,524.0,447.0,512.0,528.0,361.0,402.0,478.0,567.0,365.0,542.0,544.0,646.0,537.0,684.0,458.0,696.0,616.0,561.0,638.0
1751,20250925,0,518.0,438.0,399.0,396.0,332.0,380.0,440.0,342.0,312.0,504.0,577.0,656.0,875.0,678.0,486.0,528.0,617.0,568.0,618.0
1752,20251020,0,530.0,427.0,482.0,555.0,401.0,567.0,468.0,773.0,475.0,531.0,529.0,686.0,665.0,661.0,502.0,639.0,587.0,495.0,643.0
1753,20250715,0,504.0,383.0,429.0,344.0,335.0,352.0,390.0,428.0,417.0,455.0,624.0,639.0,606.0,684.0,483.0,524.0,601.0,525.0,637.0
1754,20250920,0,552.0,462.0,514.0,479.0,402.0,447.0,492.0,657.0,431.0,589.0,539.0,575.0,724.0,673.0,475.0,617.0,605.0,566.0,619.0
1755,20250708,0,515.0,368.0,426.0,317.0,331.0,362.0,407.0,379.0,349.0,423.0,602.0,693.0,974.0,701.0,454.0,619.0,656.0,583.0,659.0
1756,20250303,0,499.0,464.0,409.0,467.0,435.0,550.0,481.0,628.0,337.0,515.0,508.0,662.0,220.0,678.0,513.0,592.0,580.0,440.0,650.0
1757,20250915,0,490.0,407.0,356.0,511.0,391.0,479.0,402.0,366.0,405.0,463.0,523.0,675.0,350.0,696.0,470.0,517.0,596.0,512.0,609.0
1758,20250428,0,515.0,439.0,473.0,512.0,464.0,593.0,416.0,447.0,390.0,542.0,540.0,700.0,221.0,669.0,511.0,526.0,583.0,440.0,627.0
1759,20250319,0,521.0,406.0,451.0,516.0,373.0,500.0,456.0,511.0,465.0,543.0,560.0,666.0,841.0,683.0,502.0,618.0,584.0,473.0,644.0
1760,20251106,0,528.0,433.0,516.0,472.0,373.0,496.0,422.0,486.0,326.0,550.0,560.0,686.0,485.0,668.0,475.0,596.0,531.0,511.0,568.0
1761,20250829,0,541.0,403.0,474.0,498.0,370.0,484.0,430.0,494.0,399.0,509.0,555.0,665.0,719.0,677.0,485.0,569.0,630.0,511.0,642.0
1762,20250321,0,494.0,442.0,530.0,521.0,427.0,412.0,472.0,700.0,543.0,455.0,545.0,568.0,649.0,700.0,466.0,643.0,401.0,533.0,525.0
1763,20250921,0,524.0,401.0,492.0,515.0,350.0,515.0,434.0,452.0,396.0,543.0,560.0,673.0,564.0,651.0,489.0,572.0,542.0,478.0,629.0
1764,20250727,0,530.0,399.0,473.0,484.0,378.0,449.0,455.0,700.0,533.0,552.0,544.0,653.0,592.0,665.0,470.0,616.0,599.0,525.0,646.0
1765,20250419,0,526.0,404.0,457.0,500.0,351.0,410.0,465.0,460.0,372.0,479.0,565.0,645.0,933.0,689.0,457.0,642.0,645.0,568.0,650.0
1766,20251114,0,538.0,441.0,503.0,486.0,372.0,498.0,451.0,561.0,370.0,566.0,560.0,683.0,415.0,686.0,507.0,624.0,536.0,503.0,559.0
1767,20250509,0,500.0,425.0,426.0,344.0,327.0,367.0,420.0,556.0,375.0,441.0,591.0,673.0,840.0,688.0,449.0,631.0,615.0,541.0,631.0
1768,20250902,0,517.0,410.0,386.0,516.0,379.0,542.0,426.0,377.0,431.0,547.0,537.0,700.0,668.0,670.0,480.0,535.0,557.0,428.0,641.0
1769,20251110,0,474.0,455.0,456.0,395.0,329.0,366.0,456.0,416.0,326.0,399.0,581.0,644.0,870.0,702.0,455.0,576.0,626.0,584.0,645.0
1770,20250919,0,521.0,423.0,350.0,517.0,387.0,588.0,401.0,488.0,326.0,549.0,560.0,700.0,443.0,661.0,496.0,519.0,540.0,492.0,640.0
1771,20250727,0,509.0,463.0,526.0,471.0,370.0,380.0,468.0,579.0,461.0,476.0,570.0,603.0,841.0,688.0,444.0,673.0,618.0,554.0,623.0
1772,20251010,0,502.0,375.0,402.0,307.0,328.0,338.0,385.0,385.0,430.0,461.0,604.0,678.0,832.0,686.0,436.0,537.0,615.0,553.0,654.0
1773,20250318,0,542.0,468.0,435.0,536.0,398.0,485.0,457.0,626.0,337.0,535.0,546.0,675.0,793.0,664.0,462.0,601.0,550.0,523.0,647.0
1774,20250529,0,501.0,408.0,409.0,404.0,358.0,435.0,432.0,655.0,379.0,442.0,578.0,681.0,612.0,692.0,484.0,628.0,553.0,488.0,617.0
1775,20250809,0,534.0,412.0,443.0,623.0,429.0,596.0,480.0,572.0,521.0,552.0,496.0,654.0,270.0,654.0,506.0,627.0,511.0,439.0,656.0
1776,20250811,0,516.0,425.0,491.0,507.0,379.0,416.0,476.0,581.0,489.0,468.0,538.0,658.0,746.0,699.0,446.0,652.0,641.0,567.0,625.0
1777,20250913,0,467.0,384.0,301.0,307.0,330.0,353.0,371.0,380.0,465.0,417.0,639.0,690.0,953.0,701.0,459.0,440.0,631.0,546.0,645.0
1778,20250906,0,524.0,459.0,417.0,476.0,391.0,474.0,466.0,629.0,352.0,520.0,560.0,674.0,712.0,683.0,487.0,641.0,595.0,517.0,630.0
1779,20250611,0,517.0,413.0,477.0,445.0,347.0,431.0,447.0,442.0,436.0,495.0,577.0,628.0,686.0,674.0,470.0,594.0,552.0,527.0,647.0
1780,20250418,0,505.0,387.0,407.0,339.0,364.0,361.0,430.0,399.0,514.0,472.0,594.0,640.0,940.0,703.0,460.0,596.0,592.0,526.0,642.0
1781,20251105,0,506.0,460.0,439.0,577.0,433.0,487.0,478.0,626.0,383.0,539.0,556.0,684.0,380.0,693.0,526.0,669.0,364.0,446.0,462.0
1782,20251026,0,489.0,410.0,550.0,482.0,500.0,568.0,463.0,448.0,381.0,525.0,503.0,693.0,79.0,655.0,514.0,602.0,490.0,424.0,629.0
1783,20251031,0,511.0,380.0,405.0,323.0,334.0,361.0,428.0,459.0,386.0,462.0,597.0,648.0,940.0,698.0,444.0,582.0,624.0,575.0,609.0
1784,20250428,0,518.0,392.0,324.0,336.0,354.0,400.0,396.0,380.0,302.0,448.0,601.0,667.0,882.0,690.0,490.0,456.0,596.0,558.0,634.0
1785,20251031,0,494.0,400.0,372.0,396.0,338.0,383.0,409.0,474.0,420.0,452.0,588.0,700.0,637.0,687.0,460.0,610.0,549.0,491.0,621.0
1786,20250428,0,477.0,386.0,312.0,308.0,320.0,325.0,363.0,310.0,339.0,487.0,621.0,642.0,989.0,714.0,448.0,407.0,633.0,599.0,630.0
1787,20250611,0,510.0,442.0,457.0,558.0,381.0,442.0,460.0,448.0,383.0,527.0,550.0,649.0,879.0,679.0,468.0,622.0,571.0,513.0,646.0
1788,20251007,0,511.0,415.0,368.0,470.0,379.0,526.0,409.0,267.0,297.0,502.0,526.0,700.0,820.0,662.0,476.0,515.0,531.0,414.0,633.0
1789,20250621,0,520.0,408.0,457.0,485.0,355.0,395.0,443.0,693.0,596.0,502.0,554.0,661.0,873.0,683.0,444.0,614.0,630.0,554.0,644.0
1790,20250407,0,540.0,416.0,435.0,493.0,391.0,481.0,451.0,576.0,413.0,544.0,567.0,659.0,415.0,667.0,489.0,594.0,465.0,484.0,550.0
1791,20251107,0,542.0,455.0,480.0,589.0,389.0,529.0,477.0,732.0,318.0,548.0,564.0,694.0,51.0,667.0,490.0,683.0,289.0,489.0,475.0
1792,20250822,0,530.0,415.0,400.0,568.0,361.0,509.0,442.0,546.0,458.0,506.0,563.0,688.0,826.0,675.0,474.0,620.0,557.0,495.0,648.0
1793,20251003,0,490.0,396.0,423.0,369.0,348.0,372.0,399.0,547.0,429.0,444.0,597.0,684.0,868.0,695.0,466.0,546.0,603.0,559.0,601.0
1794,20250401,0,507.0,425.0,457.0,394.0,335.0,354.0,434.0,331.0,396.0,495.0,581.0,627.0,874.0,689.0,464.0,561.0,616.0,558.0,645.0
1795,20250606,0,551.0,437.0,571.0,461.0,377.0,474.0,498.0,377.0,314.0,530.0,566.0,669.0,748.0,667.0,497.0,583.0,596.0,549.0,600.0
1796,20250829,0,493.0,389.0,352.0,506.0,331.0,443.0,385.0,441.0,462.0,473.0,565.0,675.0,919.0,691.0,483.0,510.0,607.0,468.0,645.0
1797,20250830,0,495.0,445.0,418.0,343.0,353.0,347.0,452.0,579.0,498.0,485.0,594.0,640.0,832.0,692.0,463.0,636.0,578.0,540.0,638.0
1798,20251002,0,535.0,441.0,457.0,540.0,311.0,354.0,457.0,652.0,551.0,508.0,576.0,669.0,864.0,694.0,477.0,641.0,571.0,499.0,634.0
1799,20250628,0,509.0,446.0,508.0,474.0,397.0,413.0,457.0,408.0,403.0,461.0,554.0,573.0,727.0,701.0,450.0,610.0,468.0,554.0,567.0
1800,20250528,0,497.0,344.0,408.0,327.0,323.0,304.0,399.0,307.0,325.0,435.0,609.0,679.0,903.0,701.0,448.0,559.0,600.0,588.0,649.0
1801,20251107,0,545.0,453.0,457.0,475.0,391.0,429.0,486.0,670.0,390.0,542.0,559.0,659.0,752.0,672.0,480.0,666.0,494.0,579.0,595.0
1802,20250429,0,531.0,402.0,400.0,449.0,349.0,379.0,432.0,507.0,481.0,512.0,574.0,665.0,769.0,684.0,471.0,619.0,578.0,555.0,630.0
1803,20250704,0,512.0,418.0,530.0,626.0,404.0,444.0,465.0,718.0,444.0,484.0,540.0,621.0,289.0,690.0,494.0,676.0,416.0,495.0,503.0
1804,20250328,0,521.0,416.0,485.0,510.0,466.0,537.0,479.0,643.0,686.0,562.0,519.0,607.0,388.0,671.0,477.0,594.0,548.0,478.0,649.0
1805,20250501,0,493.0,376.0,301.0,304.0,329.0,300.0,357.0,375.0,507.0,467.0,626.0,657.0,975.0,715.0,437.0,490.0,593.0,579.0,637.0
1806,20250418,0,525.0,412.0,446.0,531.0,408.0,576.0,477.0,668.0,393.0,560.0,539.0,688.0,649.0,671.0,500.0,666.0,543.0,480.0,646.0
1807,20250602,0,531.0,438.0,373.0,383.0,376.0,373.0,449.0,472.0,400.0,502.0,587.0,613.0,808.0,699.0,489.0,546.0,573.0,504.0,564.0
1808,20250724,0,517.0,464.0,484.0,618.0,385.0,449.0,492.0,664.0,484.0,536.0,532.0,610.0,734.0,678.0,455.0,665.0,636.0,578.0,635.0
1809,20250612,0,502.0,369.0,426.0,320.0,362.0,310.0,440.0,728.0,663.0,447.0,611.0,667.0,801.0,713.0,441.0,656.0,439.0,512.0,535.0
1810,20251101,0,529.0,432.0,439.0,451.0,375.0,518.0,421.0,478.0,262.0,544.0,577.0,700.0,522.0,671.0,481.0,562.0,527.0,486.0,591.0
1811,20250811,0,527.0,408.0,400.0,508.0,372.0,483.0,476.0,648.0,380.0,526.0,571.0,679.0,657.0,670.0,482.0,640.0,546.0,477.0,645.0
1812,20250730,0,532.0,416.0,446.0,537.0,385.0,557.0,463.0,535.0,304.0,540.0,534.0,690.0,778.0,662.0,487.0,586.0,572.0,447.0,643.0
1813,20250602,0,524.0,417.0,457.0,416.0,374.0,399.0,443.0,625.0,555.0,510.0,584.0,609.0,703.0,682.0,460.0,622.0,596.0,473.0,642.0
1814,20251108,0,482.0,339.0,395.0,314.0,331.0,300.0,354.0,421.0,479.0,397.0,612.0,693.0,968.0,711.0,439.0,502.0,617.0,637.0,647.0
1815,20250923,0,558.0,427.0,478.0,566.0,385.0,402.0,459.0,734.0,571.0,531.0,558.0,631.0,440.0,697.0,466.0,653.0,428.0,484.0,484.0
1816,20250427,0,518.0,414.0,457.0,474.0,358.0,399.0,456.0,510.0,367.0,532.0,551.0,656.0,696.0,682.0,489.0,614.0,609.0,469.0,616.0
1817,20250423,0,511.0,379.0,324.0,324.0,374.0,395.0,363.0,389.0,469.0,472.0,607.0,649.0,795.0,684.0,468.0,556.0,610.0,504.0,638.0
1818,20250808,0,496.0,424.0,370.0,366.0,345.0,428.0,383.0,454.0,397.0,475.0,602.0,683.0,543.0,693.0,484.0,510.0,502.0,466.0,505.0
1819,20250908,0,508.0,410.0,363.0,511.0,399.0,553.0,437.0,474.0,432.0,544.0,549.0,675.0,587.0,668.0,489.0,578.0,542.0,454.0,643.0
1820,20251112,0,492.0,431.0,526.0,424.0,319.0,357.0,484.0,696.0,457.0,463.0,584.0,678.0,859.0,685.0,448.0,648.0,526.0,569.0,638.0
1821,20251025,0,512.0,477.0,352.0,506.0,394.0,570.0,447.0,419.0,278.0,518.0,564.0,700.0,324.0,678.0,488.0,554.0,551.0,509.0,605.0
1822,20250831,0,517.0,445.0,439.0,468.0,358.0,406.0,466.0,698.0,422.0,527.0,571.0,652.0,746.0,678.0,480.0,685.0,560.0,509.0,629.0
1823,20250815,0,503.0,376.0,378.0,304.0,331.0,307.0,412.0,431.0,435.0,486.0,613.0,663.0,960.0,688.0,460.0,538.0,609.0,558.0,629.0
1824,20250323,0,520.0,382.0,331.0,355.0,374.0,308.0,380.0,387.0,557.0,481.0,615.0,611.0,934.0,690.0,483.0,543.0,606.0,532.0,652.0
1825,20250605,0,507.0,419.0,417.0,393.0,333.0,354.0,443.0,427.0,380.0,463.0,579.0,676.0,909.0,692.0,484.0,573.0,603.0,528.0,644.0
1826,20251107,0,532.0,453.0,550.0,556.0,368.0,481.0,485.0,516.0,300.0,563.0,531.0,672.0,595.0,660.0,482.0,623.0,570.0,503.0,621.0
1827,20250916,0,529.0,397.0,394.0,582.0,382.0,490.0,481.0,491.0,366.0,555.0,550.0,642.0,615.0,676.0,509.0,586.0,568.0,503.0,621.0
1828,20250428,0,,,,,,,,,,,,,,,,,,,
1829,20250523,0,532.0,423.0,510.0,546.0,418.0,493.0,469.0,481.0,383.0,552.0,546.0,660.0,808.0,674.0,477.0,584.0,594.0,508.0,654.0
1830,20250607,0,506.0,447.0,349.0,387.0,356.0,479.0,402.0,397.0,269.0,482.0,592.0,700.0,632.0,683.0,477.0,517.0,554.0,493.0,639.0
1831,20250908,0,528.0,372.0,301.0,311.0,337.0,331.0,374.0,394.0,494.0,497.0,615.0,597.0,884.0,690.0,470.0,472.0,642.0,551.0,662.0
1832,20251004,0,486.0,414.0,400.0,406.0,325.0,388.0,436.0,413.0,286.0,458.0,581.0,671.0,881.0,687.0,460.0,566.0,593.0,523.0,661.0
1833,20251002,0,489.0,440.0,341.0,452.0,373.0,489.0,441.0,602.0,392.0,476.0,589.0,674.0,596.0,688.0,497.0,601.0,531.0,464.0,499.0
1834,20250402,0,505.0,392.0,457.0,434.0,357.0,366.0,443.0,411.0,428.0,434.0,575.0,658.0,729.0,697.0,460.0,629.0,552.0,554.0,528.0
1835,20250920,0,517.0,457.0,322.0,400.0,368.0,481.0,433.0,565.0,448.0,536.0,578.0,669.0,846.0,680.0,513.0,614.0,589.0,529.0,647.0
1836,20250826,0,481.0,409.0,331.0,303.0,345.0,417.0,389.0,376.0,417.0,437.0,604.0,687.0,751.0,688.0,460.0,468.0,670.0,609.0,646.0
1837,20250626,0,512.0,396.0,457.0,473.0,347.0,412.0,454.0,669.0,501.0,528.0,559.0,655.0,608.0,674.0,462.0,607.0,588.0,521.0,606.0
1838,20250324,0,513.0,422.0,491.0,615.0,438.0,440.0,464.0,686.0,558.0,545.0,543.0,623.0,602.0,681.0,474.0,636.0,452.0,416.0,526.0
1839,20250801,0,534.0,440.0,364.0,514.0,364.0,533.0,468.0,465.0,365.0,553.0,566.0,646.0,716.0,680.0,498.0,561.0,563.0,494.0,640.0
1840,20250317,0,531.0,448.0,530.0,573.0,413.0,411.0,467.0,581.0,492.0,475.0,544.0,599.0,557.0,705.0,460.0,611.0,441.0,547.0,521.0
1841,20251017,0,463.0,382.0,436.0,341.0,322.0,349.0,433.0,693.0,505.0,442.0,593.0,655.0,945.0,704.0,452.0,624.0,652.0,606.0,649.0
1842,20250317,0,576.0,477.0,491.0,551.0,430.0,489.0,501.0,752.0,385.0,630.0,540.0,657.0,362.0,678.0,518.0,675.0,598.0,542.0,644.0
1843,20250602,0,511.0,407.0,370.0,472.0,388.0,485.0,416.0,580.0,439.0,497.0,563.0,677.0,777.0,674.0,485.0,585.0,555.0,527.0,602.0
1844,20250921,0,513.0,425.0,463.0,522.0,370.0,452.0,446.0,543.0,343.0,491.0,537.0,694.0,841.0,676.0,453.0,608.0,554.0,520.0,611.0
1845,20250327,0,523.0,462.0,530.0,481.0,484.0,417.0,476.0,709.0,563.0,467.0,522.0,569.0,416.0,692.0,496.0,654.0,325.0,529.0,491.0
1846,20250916,0,510.0,386.0,457.0,471.0,358.0,361.0,417.0,459.0,476.0,460.0,572.0,643.0,756.0,696.0,452.0,638.0,668.0,611.0,624.0
1847,20250522,0,515.0,425.0,370.0,515.0,355.0,436.0,432.0,490.0,396.0,514.0,559.0,682.0,860.0,687.0,495.0,560.0,593.0,530.0,636.0
1848,20250715,0,526.0,411.0,416.0,523.0,362.0,498.0,443.0,409.0,393.0,555.0,553.0,687.0,838.0,680.0,490.0,569.0,599.0,459.0,651.0
1849,20250926,0,513.0,395.0,434.0,421.0,361.0,461.0,435.0,611.0,433.0,436.0,576.0,680.0,782.0,696.0,474.0,610.0,536.0,575.0,602.0
1850,20250705,0,536.0,415.0,448.0,512.0,354.0,473.0,456.0,568.0,417.0,544.0,582.0,683.0,449.0,677.0,500.0,651.0,572.0,493.0,656.0
1851,20250408,0,502.0,409.0,426.0,456.0,391.0,360.0,454.0,590.0,469.0,476.0,573.0,597.0,749.0,694.0,490.0,649.0,551.0,521.0,578.0
1852,20250801,0,524.0,441.0,530.0,612.0,373.0,407.0,449.0,626.0,552.0,477.0,544.0,632.0,824.0,690.0,480.0,663.0,605.0,568.0,553.0
1853,20250302,0,512.0,423.0,368.0,514.0,377.0,512.0,402.0,309.0,281.0,503.0,505.0,700.0,845.0,684.0,472.0,495.0,585.0,497.0,642.0
1854,20250620,0,547.0,409.0,448.0,482.0,346.0,420.0,462.0,419.0,335.0,522.0,568.0,678.0,866.0,673.0,456.0,612.0,611.0,571.0,643.0
1855,20250830,0,504.0,408.0,368.0,474.0,376.0,496.0,412.0,289.0,397.0,466.0,512.0,677.0,931.0,690.0,471.0,548.0,621.0,530.0,646.0
1856,20251101,0,514.0,370.0,301.0,307.0,320.0,320.0,369.0,438.0,538.0,482.0,606.0,630.0,958.0,697.0,480.0,497.0,604.0,546.0,638.0
1857,20251103,0,,,,,,,,,,,,,,,,,,,
1858,20250811,0,537.0,477.0,583.0,625.0,439.0,550.0,491.0,734.0,560.0,604.0,532.0,624.0,218.0,659.0,518.0,674.0,497.0,473.0,579.0
1859,20250720,0,566.0,504.0,485.0,488.0,460.0,473.0,498.0,549.0,444.0,547.0,526.0,561.0,759.0,680.0,468.0,663.0,564.0,523.0,622.0
1860,20250626,0,505.0,364.0,312.0,307.0,328.0,310.0,372.0,333.0,473.0,424.0,626.0,646.0,951.0,701.0,450.0,471.0,565.0,538.0,611.0
1861,20251003,0,533.0,452.0,413.0,529.0,466.0,597.0,457.0,532.0,434.0,556.0,492.0,700.0,291.0,643.0,494.0,617.0,551.0,485.0,629.0
1862,20251005,0,498.0,412.0,363.0,448.0,323.0,402.0,428.0,577.0,406.0,455.0,583.0,694.0,876.0,690.0,475.0,571.0,594.0,522.0,647.0
1863,20250916,0,514.0,389.0,445.0,480.0,388.0,501.0,435.0,478.0,449.0,497.0,554.0,669.0,727.0,677.0,476.0,601.0,566.0,492.0,642.0
1864,20250828,0,498.0,384.0,439.0,383.0,335.0,361.0,423.0,438.0,468.0,417.0,584.0,659.0,898.0,712.0,439.0,600.0,626.0,613.0,633.0
1865,20250402,0,533.0,416.0,508.0,453.0,365.0,409.0,486.0,507.0,386.0,563.0,566.0,618.0,655.0,679.0,505.0,607.0,577.0,545.0,567.0
1866,20250522,0,506.0,391.0,439.0,397.0,336.0,350.0,439.0,380.0,398.0,476.0,587.0,643.0,955.0,689.0,461.0,539.0,627.0,545.0,641.0
1867,20251102,0,516.0,409.0,429.0,409.0,361.0,439.0,434.0,628.0,403.0,495.0,578.0,681.0,772.0,677.0,484.0,604.0,565.0,503.0,615.0
1868,20250917,0,502.0,426.0,357.0,487.0,352.0,485.0,418.0,440.0,419.0,473.0,571.0,690.0,666.0,685.0,488.0,553.0,571.0,478.0,645.0
1869,20250912,0,505.0,407.0,365.0,372.0,350.0,366.0,401.0,483.0,437.0,447.0,607.0,688.0,725.0,687.0,478.0,526.0,570.0,529.0,615.0
1870,20251031,0,498.0,394.0,426.0,385.0,328.0,383.0,434.0,436.0,443.0,453.0,596.0,679.0,777.0,692.0,473.0,597.0,512.0,499.0,589.0
1871,20251028,0,513.0,401.0,321.0,442.0,345.0,517.0,392.0,487.0,398.0,539.0,581.0,700.0,562.0,675.0,486.0,498.0,554.0,484.0,648.0
1872,20250725,0,505.0,365.0,349.0,316.0,318.0,371.0,430.0,410.0,402.0,435.0,598.0,634.0,869.0,703.0,441.0,456.0,630.0,607.0,632.0
1873,20251019,0,522.0,431.0,491.0,525.0,394.0,437.0,453.0,644.0,418.0,549.0,534.0,676.0,723.0,674.0,481.0,630.0,490.0,550.0,598.0
1874,20250822,0,533.0,432.0,548.0,492.0,419.0,520.0,474.0,714.0,473.0,547.0,512.0,612.0,101.0,675.0,479.0,614.0,534.0,498.0,565.0
1875,20251024,0,494.0,430.0,457.0,478.0,348.0,429.0,453.0,649.0,426.0,427.0,568.0,664.0,604.0,686.0,475.0,634.0,646.0,576.0,632.0
1876,20250505,0,495.0,378.0,349.0,372.0,341.0,424.0,385.0,464.0,451.0,453.0,597.0,700.0,843.0,696.0,480.0,536.0,587.0,457.0,647.0
1877,20251112,0,506.0,409.0,426.0,344.0,331.0,383.0,415.0,421.0,275.0,448.0,593.0,679.0,907.0,688.0,451.0,525.0,623.0,569.0,641.0
1878,20250330,0,538.0,413.0,474.0,501.0,441.0,570.0,478.0,467.0,378.0,541.0,547.0,668.0,207.0,651.0,505.0,597.0,579.0,457.0,606.0
1879,20250504,0,492.0,368.0,301.0,316.0,331.0,321.0,376.0,443.0,485.0,449.0,617.0,700.0,908.0,697.0,470.0,565.0,578.0,521.0,617.0
1880,20250926,0,529.0,464.0,408.0,582.0,429.0,562.0,470.0,536.0,373.0,560.0,538.0,688.0,321.0,653.0,483.0,582.0,543.0,438.0,638.0
1881,20250415,0,494.0,378.0,433.0,438.0,334.0,377.0,435.0,446.0,446.0,489.0,579.0,673.0,864.0,694.0,452.0,597.0,564.0,496.0,604.0
1882,20251022,0,510.0,393.0,321.0,484.0,368.0,539.0,401.0,405.0,473.0,477.0,563.0,687.0,691.0,685.0,483.0,539.0,548.0,492.0,610.0
1883,20250709,0,499.0,431.0,448.0,408.0,346.0,395.0,444.0,621.0,503.0,487.0,585.0,675.0,702.0,692.0,470.0,642.0,542.0,455.0,564.0
1884,20250907,0,507.0,405.0,322.0,393.0,333.0,434.0,453.0,522.0,404.0,483.0,584.0,689.0,788.0,683.0,511.0,571.0,590.0,524.0,640.0
1885,20250720,0,504.0,385.0,436.0,345.0,339.0,344.0,414.0,531.0,596.0,480.0,591.0,663.0,600.0,712.0,440.0,639.0,612.0,571.0,604.0
1886,20250330,0,505.0,406.0,352.0,511.0,355.0,539.0,394.0,334.0,316.0,529.0,559.0,700.0,770.0,671.0,468.0,480.0,616.0,520.0,635.0
1887,20250719,0,500.0,417.0,355.0,509.0,369.0,564.0,419.0,433.0,417.0,531.0,545.0,677.0,470.0,675.0,490.0,503.0,616.0,474.0,652.0
1888,20251029,0,539.0,428.0,448.0,516.0,361.0,476.0,442.0,440.0,277.0,517.0,554.0,682.0,697.0,685.0,486.0,611.0,515.0,537.0,476.0
1889,20250319,0,511.0,373.0,301.0,320.0,348.0,337.0,394.0,419.0,526.0,470.0,605.0,661.0,826.0,691.0,475.0,524.0,585.0,519.0,637.0
1890,20250527,0,504.0,379.0,448.0,548.0,341.0,420.0,446.0,398.0,417.0,466.0,565.0,698.0,879.0,686.0,478.0,589.0,587.0,483.0,646.0
1891,20250316,0,518.0,402.0,526.0,402.0,387.0,441.0,432.0,443.0,493.0,484.0,580.0,569.0,826.0,679.0,474.0,563.0,605.0,509.0,629.0
1892,20251004,0,520.0,437.0,321.0,446.0,373.0,541.0,404.0,370.0,363.0,524.0,579.0,679.0,731.0,673.0,493.0,530.0,534.0,481.0,648.0
1893,20250813,0,547.0,430.0,478.0,475.0,459.0,449.0,445.0,604.0,480.0,525.0,560.0,565.0,615.0,695.0,501.0,578.0,455.0,489.0,519.0
1894,20251001,0,518.0,401.0,429.0,597.0,403.0,530.0,433.0,560.0,412.0,519.0,546.0,692.0,714.0,677.0,495.0,566.0,578.0,475.0,646.0
1895,20250518,0,546.0,453.0,524.0,512.0,422.0,449.0,499.0,650.0,430.0,527.0,529.0,622.0,254.0,697.0,529.0,670.0,395.0,523.0,489.0
1896,20250926,0,533.0,409.0,400.0,537.0,389.0,569.0,447.0,519.0,389.0,536.0,548.0,692.0,438.0,666.0,485.0,643.0,548.0,494.0,639.0
1897,20250414,0,511.0,397.0,300.0,373.0,378.0,456.0,420.0,417.0,492.0,487.0,596.0,604.0,723.0,682.0,484.0,543.0,561.0,448.0,645.0
1898,20251109,0,514.0,469.0,429.0,473.0,386.0,498.0,472.0,672.0,450.0,534.0,578.0,682.0,395.0,650.0,487.0,614.0,508.0,436.0,638.0
1899,20250517,0,528.0,458.0,457.0,513.0,372.0,416.0,473.0,680.0,598.0,494.0,555.0,625.0,367.0,697.0,453.0,650.0,383.0,528.0,517.0
1900,20250814,0,510.0,428.0,391.0,504.0,356.0,517.0,423.0,478.0,273.0,496.0,568.0,687.0,487.0,685.0,478.0,538.0,601.0,521.0,621.0
1901,20250506,0,516.0,389.0,401.0,315.0,358.0,324.0,415.0,573.0,452.0,482.0,612.0,597.0,790.0,690.0,492.0,608.0,496.0,521.0,570.0
1902,20250411,0,522.0,409.0,491.0,594.0,423.0,491.0,468.0,655.0,558.0,518.0,543.0,586.0,324.0,685.0,469.0,586.0,544.0,487.0,591.0
1903,20250605,0,485.0,409.0,387.0,388.0,345.0,372.0,440.0,494.0,455.0,465.0,589.0,649.0,774.0,694.0,455.0,627.0,566.0,528.0,598.0
1904,20250827,0,494.0,405.0,331.0,406.0,371.0,393.0,415.0,416.0,423.0,450.0,589.0,700.0,586.0,686.0,475.0,552.0,617.0,498.0,634.0
1905,20250427,0,512.0,346.0,373.0,303.0,345.0,303.0,374.0,440.0,464.0,462.0,616.0,655.0,986.0,706.0,448.0,542.0,634.0,586.0,637.0
1906,20250311,0,538.0,414.0,429.0,456.0,362.0,446.0,429.0,483.0,372.0,494.0,573.0,681.0,872.0,674.0,465.0,570.0,575.0,515.0,642.0
1907,20251009,0,519.0,409.0,503.0,597.0,367.0,508.0,446.0,658.0,398.0,525.0,557.0,693.0,514.0,676.0,497.0,606.0,552.0,467.0,631.0
1908,20250928,0,525.0,433.0,445.0,490.0,361.0,492.0,436.0,597.0,408.0,496.0,557.0,696.0,839.0,676.0,461.0,611.0,593.0,535.0,618.0
1909,20250612,0,532.0,445.0,438.0,507.0,402.0,544.0,478.0,586.0,363.0,524.0,562.0,633.0,654.0,666.0,503.0,605.0,594.0,488.0,649.0
1910,20250504,0,466.0,393.0,436.0,314.0,339.0,342.0,403.0,542.0,402.0,404.0,598.0,603.0,983.0,707.0,463.0,583.0,655.0,586.0,632.0
1911,20250703,0,496.0,386.0,382.0,437.0,372.0,461.0,421.0,369.0,358.0,470.0,585.0,688.0,775.0,687.0,497.0,558.0,580.0,463.0,624.0
1912,20250925,0,531.0,444.0,530.0,526.0,414.0,549.0,465.0,610.0,392.0,532.0,550.0,684.0,121.0,673.0,480.0,630.0,549.0,527.0,579.0
1913,20250407,0,549.0,401.0,346.0,315.0,373.0,389.0,414.0,520.0,423.0,525.0,617.0,658.0,548.0,685.0,499.0,556.0,586.0,553.0,633.0
1914,20250408,0,513.0,405.0,457.0,470.0,363.0,397.0,437.0,364.0,436.0,485.0,558.0,639.0,890.0,686.0,474.0,549.0,625.0,517.0,641.0
1915,20250506,0,517.0,441.0,334.0,497.0,422.0,563.0,442.0,392.0,344.0,529.0,571.0,659.0,671.0,660.0,497.0,548.0,572.0,485.0,625.0
1916,20250926,0,512.0,411.0,356.0,512.0,359.0,446.0,393.0,368.0,388.0,474.0,543.0,700.0,850.0,676.0,476.0,503.0,596.0,464.0,646.0
1917,20250424,0,483.0,342.0,301.0,312.0,318.0,332.0,350.0,333.0,513.0,467.0,606.0,700.0,926.0,691.0,469.0,482.0,597.0,483.0,646.0
1918,20250305,0,530.0,432.0,352.0,443.0,394.0,550.0,405.0,461.0,467.0,548.0,584.0,614.0,434.0,683.0,501.0,535.0,564.0,449.0,646.0
1919,20250904,0,523.0,414.0,450.0,465.0,335.0,401.0,451.0,468.0,430.0,484.0,567.0,633.0,971.0,694.0,425.0,552.0,645.0,595.0,650.0
1920,20251012,0,534.0,450.0,560.0,631.0,421.0,502.0,478.0,738.0,493.0,545.0,536.0,643.0,602.0,673.0,486.0,675.0,490.0,492.0,566.0
1921,20250915,0,526.0,432.0,439.0,556.0,350.0,445.0,461.0,407.0,415.0,482.0,566.0,641.0,685.0,683.0,476.0,584.0,621.0,493.0,606.0
1922,20250608,0,507.0,379.0,445.0,491.0,365.0,398.0,444.0,441.0,448.0,502.0,573.0,669.0,714.0,686.0,484.0,589.0,589.0,515.0,554.0
1923,20251017,0,519.0,408.0,356.0,516.0,393.0,570.0,403.0,324.0,372.0,540.0,539.0,700.0,747.0,663.0,481.0,467.0,562.0,456.0,650.0
1924,20250817,0,515.0,462.0,375.0,325.0,341.0,375.0,458.0,662.0,357.0,471.0,594.0,643.0,750.0,692.0,465.0,690.0,561.0,535.0,592.0
1925,20250918,0,497.0,454.0,376.0,479.0,365.0,419.0,468.0,596.0,421.0,464.0,588.0,632.0,736.0,691.0,479.0,615.0,571.0,505.0,654.0
1926,20250714,0,560.0,422.0,423.0,396.0,345.0,410.0,429.0,372.0,465.0,476.0,581.0,659.0,808.0,680.0,439.0,568.0,591.0,543.0,633.0
1927,20250825,0,537.0,447.0,409.0,474.0,406.0,426.0,459.0,345.0,358.0,554.0,546.0,672.0,484.0,682.0,502.0,601.0,604.0,557.0,636.0
1928,20250919,0,517.0,430.0,452.0,320.0,365.0,417.0,475.0,351.0,355.0,517.0,596.0,673.0,713.0,678.0,449.0,554.0,603.0,571.0,633.0
1929,20251110,0,484.0,420.0,435.0,395.0,345.0,374.0,444.0,524.0,386.0,444.0,582.0,696.0,935.0,696.0,474.0,557.0,634.0,558.0,638.0
1930,20251001,0,507.0,457.0,498.0,495.0,373.0,452.0,493.0,667.0,324.0,522.0,546.0,679.0,597.0,685.0,482.0,657.0,471.0,444.0,554.0
1931,20251010,0,470.0,377.0,378.0,338.0,315.0,344.0,405.0,313.0,404.0,394.0,593.0,689.0,988.0,719.0,431.0,547.0,643.0,598.0,637.0
1932,20251012,0,509.0,453.0,526.0,413.0,337.0,382.0,453.0,396.0,413.0,490.0,577.0,617.0,831.0,692.0,441.0,609.0,603.0,550.0,626.0
1933,20250419,0,530.0,429.0,423.0,501.0,369.0,487.0,471.0,672.0,449.0,513.0,573.0,681.0,469.0,673.0,498.0,667.0,574.0,425.0,632.0
1934,20250913,0,515.0,466.0,529.0,559.0,399.0,478.0,511.0,715.0,522.0,559.0,518.0,669.0,472.0,664.0,491.0,679.0,568.0,492.0,614.0
1935,20250908,0,540.0,392.0,301.0,337.0,332.0,383.0,406.0,359.0,450.0,462.0,592.0,686.0,958.0,694.0,457.0,565.0,666.0,596.0,657.0
1936,20250417,0,533.0,441.0,496.0,537.0,415.0,445.0,478.0,660.0,347.0,484.0,549.0,662.0,650.0,688.0,481.0,686.0,509.0,535.0,569.0
1937,20251020,0,497.0,464.0,457.0,404.0,352.0,344.0,469.0,499.0,408.0,475.0,583.0,627.0,977.0,693.0,456.0,654.0,627.0,556.0,638.0
1938,20250528,0,538.0,438.0,491.0,481.0,387.0,454.0,463.0,605.0,520.0,551.0,519.0,622.0,869.0,676.0,469.0,607.0,607.0,551.0,639.0
1939,20250310,0,546.0,507.0,451.0,533.0,471.0,602.0,451.0,455.0,333.0,567.0,483.0,600.0,367.0,649.0,509.0,578.0,522.0,440.0,618.0
1940,20250711,0,506.0,380.0,496.0,571.0,344.0,415.0,455.0,559.0,617.0,476.0,565.0,664.0,511.0,692.0,474.0,644.0,434.0,488.0,516.0
1941,20250721,0,522.0,382.0,331.0,315.0,325.0,348.0,382.0,362.0,443.0,420.0,628.0,647.0,934.0,697.0,452.0,519.0,624.0,567.0,636.0
1942,20250314,0,518.0,437.0,451.0,521.0,397.0,424.0,479.0,631.0,436.0,525.0,552.0,606.0,734.0,679.0,468.0,673.0,601.0,513.0,635.0
1943,20250901,0,516.0,428.0,409.0,516.0,361.0,486.0,441.0,492.0,403.0,536.0,569.0,645.0,564.0,680.0,490.0,569.0,539.0,482.0,600.0
1944,20250622,0,523.0,394.0,487.0,524.0,377.0,489.0,462.0,691.0,463.0,565.0,578.0,678.0,519.0,670.0,489.0,614.0,547.0,497.0,594.0
1945,20251018,0,516.0,373.0,400.0,537.0,333.0,443.0,440.0,407.0,348.0,494.0,552.0,679.0,933.0,681.0,477.0,530.0,617.0,537.0,652.0
1946,20251014,0,503.0,414.0,439.0,513.0,351.0,389.0,463.0,595.0,694.0,440.0,548.0,658.0,928.0,697.0,470.0,611.0,592.0,567.0,653.0
1947,20250708,0,524.0,398.0,474.0,403.0,366.0,460.0,452.0,536.0,370.0,504.0,581.0,659.0,702.0,670.0,477.0,578.0,586.0,500.0,628.0
1948,20250317,0,546.0,440.0,439.0,478.0,367.0,455.0,457.0,712.0,394.0,551.0,568.0,576.0,389.0,672.0,482.0,680.0,625.0,510.0,644.0
1949,20250527,0,501.0,412.0,468.0,342.0,396.0,344.0,475.0,501.0,449.0,456.0,591.0,544.0,989.0,711.0,469.0,604.0,568.0,605.0,617.0
1950,20251109,0,489.0,417.0,322.0,435.0,359.0,525.0,419.0,385.0,418.0,472.0,581.0,687.0,799.0,687.0,482.0,506.0,522.0,495.0,616.0
1951,20250428,0,519.0,404.0,413.0,517.0,417.0,569.0,417.0,488.0,429.0,525.0,531.0,687.0,578.0,681.0,494.0,588.0,546.0,430.0,564.0
1952,20250825,0,508.0,440.0,323.0,390.0,351.0,489.0,409.0,496.0,389.0,520.0,592.0,700.0,487.0,674.0,487.0,544.0,569.0,467.0,645.0
1953,20250912,0,532.0,405.0,418.0,344.0,338.0,400.0,424.0,558.0,447.0,519.0,593.0,672.0,750.0,669.0,470.0,621.0,620.0,592.0,650.0
1954,20250425,0,509.0,418.0,322.0,470.0,397.0,534.0,396.0,346.0,481.0,529.0,545.0,619.0,562.0,663.0,482.0,518.0,543.0,471.0,613.0
1955,20251112,0,498.0,453.0,386.0,472.0,466.0,584.0,474.0,497.0,388.0,503.0,550.0,700.0,315.0,664.0,496.0,565.0,525.0,437.0,641.0
1956,20250308,0,521.0,435.0,576.0,564.0,427.0,467.0,482.0,449.0,390.0,524.0,542.0,628.0,113.0,685.0,477.0,613.0,495.0,492.0,563.0
1957,20250415,0,528.0,472.0,491.0,595.0,444.0,425.0,483.0,505.0,325.0,523.0,536.0,636.0,711.0,692.0,492.0,641.0,617.0,541.0,651.0
1958,20250821,0,552.0,426.0,472.0,595.0,425.0,570.0,481.0,651.0,453.0,558.0,519.0,658.0,635.0,634.0,465.0,661.0,578.0,498.0,642.0
1959,20251107,0,502.0,388.0,341.0,304.0,318.0,300.0,399.0,364.0,525.0,481.0,644.0,658.0,970.0,697.0,448.0,499.0,589.0,558.0,638.0
1960,20250527,0,516.0,517.0,368.0,527.0,387.0,561.0,475.0,424.0,232.0,524.0,451.0,566.0,412.0,664.0,484.0,581.0,488.0,452.0,470.0
1961,20250709,0,528.0,413.0,441.0,489.0,347.0,483.0,457.0,517.0,330.0,488.0,561.0,694.0,947.0,682.0,483.0,574.0,575.0,484.0,646.0
1962,20250813,0,509.0,369.0,301.0,315.0,362.0,376.0,390.0,446.0,539.0,487.0,627.0,671.0,850.0,687.0,468.0,528.0,579.0,521.0,599.0
1963,20250606,0,536.0,439.0,484.0,508.0,395.0,418.0,460.0,653.0,546.0,547.0,535.0,625.0,811.0,680.0,451.0,640.0,632.0,552.0,657.0
1964,20250428,0,488.0,388.0,322.0,465.0,376.0,514.0,387.0,533.0,442.0,469.0,575.0,700.0,443.0,692.0,481.0,560.0,531.0,470.0,587.0
1965,20251027,0,517.0,447.0,345.0,468.0,366.0,474.0,434.0,477.0,401.0,503.0,576.0,700.0,579.0,671.0,483.0,548.0,541.0,485.0,619.0
1966,20251024,0,497.0,366.0,300.0,366.0,336.0,420.0,370.0,367.0,329.0,472.0,601.0,663.0,861.0,683.0,475.0,457.0,552.0,495.0,561.0
1967,20250730,0,497.0,364.0,370.0,311.0,340.0,310.0,394.0,533.0,422.0,435.0,611.0,686.0,948.0,713.0,454.0,557.0,509.0,519.0,553.0
1968,20250624,0,505.0,402.0,429.0,387.0,323.0,359.0,424.0,492.0,462.0,462.0,584.0,678.0,893.0,689.0,455.0,578.0,579.0,503.0,646.0
1969,20250803,0,489.0,360.0,436.0,317.0,313.0,349.0,395.0,369.0,652.0,475.0,596.0,655.0,977.0,691.0,463.0,583.0,671.0,609.0,650.0
1970,20250610,0,514.0,378.0,354.0,383.0,326.0,376.0,405.0,401.0,445.0,463.0,590.0,700.0,928.0,688.0,463.0,548.0,561.0,524.0,661.0
1971,20251012,0,469.0,334.0,342.0,303.0,326.0,310.0,369.0,290.0,449.0,414.0,625.0,700.0,973.0,716.0,426.0,476.0,626.0,573.0,617.0
1972,20250908,0,533.0,391.0,364.0,530.0,414.0,550.0,451.0,652.0,447.0,524.0,545.0,685.0,672.0,655.0,488.0,621.0,535.0,451.0,645.0
1973,20250727,0,506.0,385.0,435.0,498.0,385.0,532.0,430.0,618.0,439.0,487.0,569.0,690.0,555.0,682.0,477.0,614.0,522.0,495.0,603.0
1974,20251028,0,532.0,445.0,357.0,478.0,386.0,540.0,463.0,631.0,318.0,530.0,551.0,694.0,553.0,662.0,499.0,608.0,624.0,562.0,636.0
1975,20250913,0,531.0,402.0,331.0,330.0,341.0,395.0,416.0,466.0,436.0,484.0,596.0,670.0,835.0,686.0,448.0,576.0,595.0,548.0,649.0
1976,20251009,0,501.0,367.0,301.0,307.0,329.0,317.0,379.0,261.0,529.0,435.0,623.0,637.0,967.0,708.0,425.0,424.0,651.0,579.0,629.0
1977,20250817,0,498.0,411.0,526.0,570.0,361.0,414.0,467.0,452.0,356.0,446.0,551.0,653.0,797.0,691.0,473.0,643.0,474.0,495.0,528.0
1978,20251114,0,504.0,390.0,496.0,478.0,358.0,421.0,481.0,757.0,396.0,468.0,562.0,673.0,426.0,691.0,497.0,673.0,561.0,563.0,590.0
1979,20250924,0,496.0,402.0,365.0,328.0,356.0,328.0,404.0,469.0,456.0,472.0,606.0,684.0,886.0,681.0,468.0,593.0,627.0,517.0,640.0
1980,20251031,0,496.0,408.0,436.0,318.0,338.0,344.0,443.0,552.0,482.0,440.0,594.0,669.0,991.0,716.0,470.0,608.0,663.0,603.0,623.0
1981,20250614,0,506.0,367.0,463.0,497.0,367.0,513.0,449.0,574.0,643.0,477.0,568.0,632.0,705.0,687.0,497.0,616.0,568.0,480.0,638.0
1982,20250717,0,533.0,399.0,322.0,486.0,387.0,547.0,399.0,440.0,418.0,542.0,572.0,700.0,508.0,654.0,485.0,568.0,573.0,420.0,643.0
1983,20250909,0,525.0,440.0,409.0,494.0,345.0,373.0,456.0,633.0,433.0,527.0,571.0,664.0,847.0,680.0,456.0,665.0,574.0,545.0,603.0
1984,20251105,0,490.0,387.0,473.0,329.0,344.0,338.0,399.0,473.0,447.0,465.0,602.0,654.0,854.0,702.0,479.0,567.0,505.0,501.0,562.0
1985,20250319,0,521.0,429.0,560.0,538.0,426.0,430.0,500.0,660.0,633.0,514.0,516.0,583.0,393.0,680.0,479.0,617.0,559.0,558.0,609.0
1986,20250430,0,536.0,400.0,510.0,583.0,396.0,502.0,462.0,589.0,474.0,568.0,563.0,634.0,497.0,679.0,483.0,653.0,564.0,522.0,629.0
1987,20250402,0,579.0,456.0,400.0,402.0,371.0,412.0,503.0,556.0,311.0,577.0,583.0,670.0,673.0,693.0,503.0,606.0,569.0,567.0,600.0
1988,20250614,0,546.0,434.0,436.0,423.0,332.0,366.0,487.0,751.0,403.0,544.0,594.0,674.0,426.0,681.0,512.0,636.0,473.0,488.0,514.0
1989,20250801,0,518.0,374.0,312.0,372.0,336.0,399.0,407.0,321.0,468.0,462.0,594.0,670.0,877.0,688.0,459.0,520.0,642.0,530.0,645.0
1990,20250523,0,501.0,388.0,301.0,319.0,344.0,371.0,407.0,526.0,483.0,434.0,604.0,679.0,737.0,695.0,527.0,459.0,499.0,487.0,551.0
1991,20250923,0,513.0,438.0,322.0,501.0,350.0,496.0,411.0,424.0,374.0,496.0,565.0,700.0,840.0,682.0,477.0,518.0,583.0,464.0,645.0
1992,20250327,0,533.0,431.0,491.0,545.0,439.0,533.0,472.0,789.0,660.0,553.0,536.0,643.0,267.0,672.0,479.0,649.0,495.0,488.0,605.0
1993,20250420,0,540.0,436.0,334.0,516.0,390.0,540.0,450.0,503.0,364.0,585.0,547.0,686.0,676.0,675.0,507.0,563.0,556.0,500.0,647.0
1994,20251113,0,476.0,391.0,457.0,468.0,368.0,344.0,436.0,624.0,419.0,421.0,573.0,636.0,961.0,720.0,437.0,630.0,596.0,620.0,582.0
1995,20250329,0,523.0,454.0,526.0,487.0,448.0,432.0,509.0,437.0,343.0,466.0,546.0,570.0,896.0,691.0,483.0,550.0,615.0,516.0,625.0
1996,20250804,0,540.0,357.0,388.0,300.0,336.0,300.0,361.0,287.0,511.0,379.0,620.0,656.0,984.0,725.0,432.0,515.0,568.0,592.0,637.0
1997,20251109,0,528.0,393.0,408.0,427.0,322.0,372.0,435.0,392.0,379.0,508.0,590.0,669.0,824.0,683.0,484.0,611.0,618.0,518.0,631.0
1998,20250608,0,495.0,367.0,457.0,390.0,336.0,361.0,432.0,614.0,513.0,458.0,581.0,609.0,730.0,715.0,458.0,615.0,614.0,591.0,589.0
1999,20250922,0,485.0,390.0,365.0,432.0,332.0,376.0,425.0,348.0,413.0,453.0,591.0,683.0,919.0,686.0,471.0,547.0,518.0,487.0,576.0
2000,20250804,0,548.0,437.0,485.0,507.0,371.0,458.0,476.0,690.0,341.0,555.0,545.0,674.0,890.0,669.0,455.0,674.0,636.0,579.0,651.0
2001,20251020,0,497.0,443.0,530.0,643.0,406.0,549.0,491.0,718.0,447.0,470.0,529.0,675.0,78.0,686.0,501.0,700.0,431.0,476.0,536.0
2002,20250428,0,536.0,410.0,351.0,476.0,393.0,530.0,439.0,529.0,417.0,539.0,557.0,694.0,843.0,666.0,464.0,557.0,568.0,492.0,648.0
2003,20250427,0,600.0,680.0,443.0,482.0,581.0,628.0,661.0,533.0,187.0,608.0,344.0,300.0,1.0,612.0,526.0,623.0,542.0,509.0,624.0
2004,20250509,0,492.0,414.0,312.0,399.0,371.0,391.0,405.0,436.0,393.0,438.0,589.0,648.0,671.0,698.0,476.0,556.0,522.0,550.0,553.0
2005,20251030,0,513.0,435.0,519.0,519.0,392.0,524.0,461.0,453.0,387.0,532.0,538.0,661.0,472.0,669.0,466.0,588.0,494.0,508.0,555.0
2006,20251109,0,496.0,401.0,423.0,477.0,357.0,473.0,449.0,475.0,272.0,455.0,569.0,695.0,701.0,688.0,484.0,521.0,621.0,520.0,636.0
2007,20250813,0,480.0,406.0,400.0,487.0,337.0,436.0,431.0,590.0,390.0,467.0,587.0,670.0,757.0,687.0,489.0,627.0,591.0,486.0,638.0
2008,20251023,0,501.0,422.0,300.0,315.0,352.0,421.0,381.0,381.0,332.0,472.0,618.0,700.0,706.0,686.0,492.0,434.0,550.0,428.0,574.0
2009,20251108,0,479.0,388.0,457.0,401.0,326.0,344.0,427.0,566.0,386.0,380.0,587.0,661.0,985.0,718.0,438.0,607.0,652.0,604.0,648.0
2010,20250727,0,511.0,350.0,436.0,309.0,365.0,331.0,418.0,437.0,418.0,465.0,621.0,643.0,957.0,695.0,469.0,601.0,628.0,588.0,648.0
2011,20250820,0,532.0,404.0,312.0,373.0,352.0,411.0,427.0,721.0,384.0,506.0,594.0,664.0,761.0,682.0,476.0,633.0,555.0,503.0,599.0
2012,20250428,0,520.0,396.0,322.0,414.0,361.0,510.0,390.0,454.0,447.0,519.0,580.0,649.0,634.0,666.0,491.0,527.0,558.0,441.0,644.0
2013,20250710,0,519.0,412.0,450.0,474.0,334.0,401.0,422.0,604.0,572.0,490.0,569.0,659.0,965.0,698.0,434.0,586.0,625.0,564.0,652.0
2014,20250730,0,521.0,421.0,322.0,508.0,381.0,583.0,391.0,393.0,387.0,538.0,546.0,700.0,580.0,674.0,498.0,496.0,605.0,462.0,642.0
2015,20250906,0,541.0,415.0,400.0,481.0,358.0,474.0,468.0,619.0,343.0,523.0,552.0,687.0,777.0,670.0,452.0,609.0,620.0,540.0,644.0
2016,20250328,0,506.0,398.0,448.0,382.0,338.0,361.0,457.0,519.0,410.0,436.0,585.0,665.0,908.0,698.0,452.0,600.0,645.0,572.0,650.0
2017,20250910,0,504.0,385.0,408.0,324.0,332.0,386.0,403.0,545.0,473.0,443.0,598.0,684.0,576.0,692.0,478.0,556.0,636.0,546.0,651.0
2018,20250623,0,549.0,459.0,560.0,644.0,439.0,507.0,486.0,561.0,385.0,573.0,540.0,612.0,118.0,659.0,491.0,631.0,603.0,512.0,608.0
2019,20251005,0,533.0,456.0,363.0,475.0,396.0,585.0,423.0,475.0,407.0,531.0,559.0,673.0,152.0,671.0,517.0,588.0,527.0,440.0,638.0
2020,20250621,0,515.0,334.0,426.0,306.0,337.0,317.0,394.0,332.0,407.0,362.0,614.0,697.0,992.0,731.0,432.0,581.0,649.0,587.0,651.0
2021,20250615,0,521.0,402.0,387.0,504.0,381.0,549.0,439.0,486.0,441.0,507.0,563.0,666.0,554.0,677.0,485.0,570.0,566.0,432.0,651.0
2022,20251001,0,494.0,393.0,334.0,465.0,352.0,413.0,414.0,288.0,450.0,441.0,556.0,609.0,883.0,692.0,474.0,501.0,574.0,552.0,638.0
2023,20250601,0,529.0,435.0,311.0,384.0,369.0,379.0,443.0,433.0,392.0,536.0,598.0,575.0,860.0,685.0,473.0,550.0,545.0,505.0,619.0
2024,20251107,0,489.0,398.0,300.0,314.0,342.0,387.0,396.0,425.0,441.0,453.0,617.0,694.0,562.0,688.0,484.0,497.0,547.0,484.0,621.0
2025,20251013,0,530.0,364.0,360.0,303.0,361.0,321.0,390.0,396.0,447.0,531.0,621.0,656.0,873.0,682.0,452.0,485.0,636.0,549.0,625.0
2026,20251011,0,521.0,398.0,423.0,467.0,350.0,446.0,437.0,536.0,411.0,536.0,565.0,676.0,787.0,679.0,487.0,603.0,567.0,463.0,645.0
2027,20250926,0,526.0,426.0,378.0,368.0,355.0,433.0,440.0,662.0,440.0,506.0,592.0,689.0,673.0,687.0,486.0,638.0,586.0,528.0,591.0
2028,20250728,0,517.0,397.0,475.0,647.0,408.0,525.0,490.0,538.0,424.0,551.0,543.0,686.0,774.0,677.0,490.0,631.0,515.0,492.0,612.0
2029,20250910,0,546.0,467.0,466.0,533.0,432.0,568.0,479.0,581.0,371.0,533.0,530.0,671.0,23.0,680.0,512.0,577.0,307.0,484.0,486.0
2030,20251030,0,501.0,404.0,409.0,456.0,357.0,402.0,430.0,471.0,459.0,484.0,586.0,686.0,606.0,684.0,472.0,592.0,619.0,517.0,653.0
2031,20250607,0,,,,,,,,,,,,,,,,,,,
2032,20250814,0,550.0,411.0,463.0,523.0,490.0,532.0,458.0,682.0,422.0,536.0,544.0,672.0,786.0,669.0,464.0,638.0,597.0,520.0,618.0
2033,20250910,0,511.0,395.0,375.0,526.0,386.0,495.0,436.0,540.0,501.0,503.0,563.0,700.0,577.0,678.0,479.0,563.0,584.0,523.0,634.0
2034,20250928,0,499.0,404.0,462.0,491.0,346.0,426.0,435.0,472.0,391.0,494.0,573.0,684.0,692.0,678.0,479.0,572.0,625.0,511.0,636.0
2035,20251007,0,532.0,422.0,491.0,481.0,374.0,417.0,457.0,672.0,540.0,527.0,533.0,656.0,686.0,681.0,471.0,637.0,584.0,547.0,642.0
2036,20250426,0,533.0,404.0,426.0,356.0,328.0,346.0,448.0,357.0,375.0,506.0,592.0,672.0,961.0,700.0,457.0,602.0,603.0,535.0,649.0
2037,20251027,0,477.0,421.0,475.0,317.0,361.0,339.0,441.0,450.0,467.0,453.0,598.0,614.0,944.0,713.0,447.0,611.0,561.0,543.0,640.0
2038,20250911,0,504.0,406.0,387.0,531.0,404.0,560.0,452.0,481.0,398.0,513.0,547.0,700.0,394.0,674.0,483.0,598.0,531.0,498.0,585.0
2039,20250606,0,519.0,422.0,393.0,502.0,373.0,525.0,446.0,573.0,398.0,473.0,562.0,678.0,760.0,684.0,485.0,591.0,549.0,498.0,601.0
2040,20251024,0,496.0,452.0,356.0,470.0,431.0,631.0,433.0,422.0,206.0,536.0,531.0,700.0,141.0,658.0,468.0,522.0,605.0,511.0,643.0
2041,20251009,0,495.0,385.0,312.0,379.0,338.0,371.0,369.0,174.0,474.0,456.0,588.0,642.0,935.0,694.0,473.0,508.0,621.0,591.0,657.0
2042,20250406,0,523.0,379.0,399.0,438.0,340.0,436.0,424.0,469.0,503.0,487.0,587.0,617.0,837.0,680.0,478.0,569.0,613.0,468.0,646.0
2043,20250512,0,523.0,416.0,369.0,467.0,365.0,468.0,427.0,424.0,373.0,496.0,568.0,675.0,794.0,678.0,474.0,576.0,497.0,489.0,571.0
2044,20250528,0,499.0,365.0,342.0,316.0,343.0,303.0,384.0,420.0,438.0,432.0,616.0,690.0,948.0,711.0,455.0,530.0,532.0,496.0,544.0
2045,20250825,0,519.0,420.0,448.0,498.0,370.0,466.0,464.0,717.0,348.0,496.0,576.0,687.0,623.0,685.0,481.0,692.0,555.0,480.0,643.0
2046,20251118,0,535.0,414.0,524.0,481.0,463.0,427.0,516.0,679.0,457.0,528.0,530.0,561.0,532.0,710.0,509.0,647.0,402.0,594.0,478.0
2047,20251103,0,496.0,402.0,448.0,457.0,361.0,379.0,440.0,547.0,360.0,435.0,572.0,684.0,850.0,689.0,449.0,582.0,549.0,528.0,579.0
2048,20250923,0,478.0,379.0,436.0,314.0,327.0,329.0,379.0,509.0,513.0,389.0,600.0,641.0,993.0,725.0,440.0,621.0,640.0,583.0,635.0
2049,20250520,0,553.0,346.0,322.0,300.0,337.0,300.0,386.0,379.0,511.0,426.0,630.0,559.0,989.0,729.0,438.0,429.0,621.0,554.0,618.0
2050,20250908,0,500.0,418.0,386.0,473.0,466.0,573.0,430.0,353.0,333.0,525.0,493.0,700.0,94.0,671.0,480.0,567.0,543.0,406.0,633.0
2051,20250402,0,516.0,393.0,457.0,501.0,355.0,384.0,442.0,533.0,475.0,536.0,574.0,628.0,662.0,674.0,472.0,605.0,634.0,521.0,643.0
2052,20250916,0,552.0,455.0,490.0,520.0,391.0,453.0,481.0,630.0,518.0,537.0,557.0,584.0,162.0,690.0,514.0,653.0,364.0,513.0,484.0
2053,20250520,0,507.0,389.0,457.0,400.0,343.0,361.0,437.0,339.0,466.0,447.0,580.0,655.0,958.0,696.0,451.0,546.0,615.0,588.0,635.0
2054,20251016,0,508.0,404.0,402.0,334.0,333.0,372.0,422.0,383.0,236.0,487.0,595.0,681.0,941.0,691.0,463.0,543.0,632.0,549.0,649.0
2055,20250902,0,491.0,379.0,312.0,341.0,353.0,377.0,369.0,165.0,374.0,455.0,593.0,566.0,954.0,693.0,449.0,415.0,599.0,579.0,629.0
2056,20251031,0,493.0,361.0,395.0,303.0,322.0,315.0,383.0,513.0,444.0,455.0,626.0,685.0,940.0,710.0,437.0,533.0,625.0,580.0,617.0
2057,20251005,0,539.0,460.0,435.0,604.0,397.0,525.0,478.0,574.0,284.0,543.0,547.0,700.0,278.0,672.0,485.0,607.0,461.0,427.0,559.0
2058,20250609,0,522.0,617.0,413.0,507.0,520.0,632.0,569.0,341.0,194.0,544.0,433.0,700.0,198.0,621.0,501.0,606.0,519.0,422.0,631.0
2059,20251111,0,525.0,348.0,349.0,300.0,334.0,327.0,357.0,533.0,550.0,468.0,606.0,642.0,827.0,696.0,452.0,540.0,636.0,570.0,642.0
2060,20250529,0,497.0,432.0,457.0,307.0,394.0,300.0,396.0,542.0,471.0,434.0,627.0,605.0,986.0,715.0,451.0,603.0,590.0,642.0,649.0
2061,20251014,0,514.0,375.0,331.0,334.0,342.0,354.0,425.0,315.0,468.0,451.0,596.0,672.0,941.0,695.0,486.0,520.0,587.0,487.0,653.0
2062,20250513,0,510.0,459.0,322.0,458.0,407.0,410.0,498.0,524.0,289.0,459.0,571.0,654.0,663.0,689.0,496.0,623.0,523.0,530.0,595.0
2063,20250615,0,497.0,384.0,457.0,509.0,338.0,399.0,442.0,425.0,439.0,450.0,551.0,677.0,897.0,688.0,471.0,569.0,617.0,522.0,651.0
2064,20250909,0,509.0,373.0,364.0,537.0,363.0,509.0,446.0,459.0,496.0,490.0,553.0,667.0,892.0,683.0,482.0,548.0,582.0,442.0,646.0
2065,20250428,0,520.0,397.0,322.0,404.0,356.0,520.0,396.0,438.0,430.0,492.0,577.0,619.0,723.0,685.0,479.0,496.0,590.0,502.0,624.0
2066,20251101,0,506.0,386.0,426.0,355.0,326.0,344.0,419.0,406.0,438.0,427.0,591.0,688.0,944.0,697.0,452.0,575.0,574.0,545.0,607.0
2067,20250323,0,535.0,413.0,384.0,451.0,367.0,385.0,427.0,517.0,557.0,511.0,580.0,622.0,802.0,683.0,488.0,584.0,624.0,545.0,640.0
2068,20251023,0,479.0,346.0,391.0,317.0,323.0,346.0,393.0,410.0,520.0,383.0,602.0,681.0,977.0,722.0,433.0,586.0,654.0,587.0,620.0
2069,20250402,0,504.0,417.0,410.0,511.0,337.0,443.0,453.0,527.0,417.0,503.0,572.0,691.0,778.0,678.0,493.0,632.0,556.0,477.0,644.0
2070,20250718,0,603.0,485.0,488.0,472.0,472.0,460.0,494.0,434.0,250.0,616.0,533.0,300.0,831.0,642.0,475.0,544.0,566.0,503.0,645.0
2071,20250830,0,464.0,365.0,475.0,306.0,335.0,300.0,392.0,442.0,542.0,398.0,614.0,649.0,984.0,730.0,433.0,654.0,581.0,633.0,618.0
2072,20250804,0,550.0,467.0,479.0,623.0,419.0,591.0,492.0,760.0,400.0,561.0,522.0,641.0,263.0,645.0,514.0,655.0,579.0,484.0,639.0
2073,20251005,0,524.0,403.0,376.0,505.0,365.0,505.0,417.0,697.0,407.0,509.0,568.0,694.0,814.0,675.0,484.0,603.0,541.0,503.0,646.0
2074,20250730,0,485.0,411.0,349.0,316.0,341.0,307.0,388.0,381.0,389.0,464.0,609.0,653.0,804.0,692.0,458.0,513.0,553.0,478.0,569.0
2075,20251116,0,490.0,391.0,400.0,392.0,317.0,367.0,420.0,651.0,569.0,437.0,585.0,690.0,617.0,694.0,497.0,606.0,606.0,563.0,630.0
2076,20251114,0,546.0,431.0,491.0,583.0,385.0,512.0,463.0,516.0,421.0,502.0,527.0,674.0,473.0,673.0,497.0,585.0,581.0,471.0,645.0
2077,20250715,0,515.0,414.0,406.0,450.0,345.0,413.0,423.0,422.0,357.0,497.0,574.0,678.0,839.0,680.0,483.0,559.0,582.0,493.0,622.0
2078,20250322,0,,,,,,,,,,,,,,,,,,,
2079,20251022,0,491.0,445.0,312.0,376.0,319.0,386.0,405.0,353.0,376.0,466.0,599.0,687.0,765.0,687.0,474.0,543.0,566.0,503.0,640.0
2080,20251029,0,539.0,389.0,384.0,307.0,335.0,325.0,416.0,413.0,410.0,496.0,612.0,691.0,620.0,690.0,472.0,575.0,588.0,511.0,645.0
2081,20250705,0,532.0,367.0,369.0,303.0,350.0,320.0,399.0,336.0,384.0,467.0,613.0,632.0,936.0,702.0,446.0,444.0,574.0,581.0,620.0
2082,20250428,0,509.0,442.0,321.0,554.0,363.0,560.0,399.0,407.0,313.0,531.0,557.0,649.0,742.0,659.0,494.0,501.0,551.0,459.0,646.0
2083,20250912,0,562.0,466.0,454.0,605.0,381.0,556.0,491.0,621.0,442.0,624.0,552.0,649.0,219.0,650.0,509.0,645.0,536.0,479.0,637.0
2084,20250520,0,493.0,406.0,334.0,473.0,376.0,465.0,414.0,322.0,408.0,439.0,545.0,655.0,826.0,696.0,474.0,545.0,531.0,513.0,551.0
2085,20250614,0,541.0,400.0,448.0,471.0,347.0,424.0,456.0,619.0,319.0,476.0,565.0,687.0,746.0,686.0,451.0,651.0,638.0,575.0,653.0
2086,20250815,0,529.0,421.0,413.0,532.0,380.0,537.0,439.0,627.0,437.0,524.0,555.0,677.0,775.0,666.0,490.0,611.0,572.0,455.0,645.0
2087,20250524,0,520.0,446.0,355.0,468.0,398.0,560.0,431.0,564.0,420.0,495.0,519.0,675.0,322.0,685.0,498.0,572.0,495.0,461.0,539.0
2088,20251029,0,478.0,364.0,436.0,323.0,313.0,344.0,388.0,588.0,667.0,386.0,594.0,656.0,993.0,729.0,447.0,581.0,633.0,616.0,643.0
2089,20250822,0,439.0,335.0,312.0,303.0,317.0,316.0,358.0,303.0,474.0,385.0,638.0,691.0,975.0,713.0,434.0,427.0,640.0,601.0,647.0
2090,20250401,0,516.0,386.0,370.0,504.0,378.0,483.0,417.0,608.0,472.0,476.0,559.0,668.0,595.0,687.0,483.0,565.0,605.0,517.0,644.0
2091,20251102,0,507.0,444.0,428.0,457.0,334.0,432.0,437.0,441.0,211.0,479.0,582.0,690.0,632.0,685.0,486.0,583.0,584.0,497.0,648.0
2092,20250805,0,,,,,,,,,,,,,,,,,,,
2093,20250322,0,507.0,378.0,445.0,443.0,360.0,508.0,442.0,427.0,471.0,492.0,582.0,667.0,651.0,682.0,480.0,576.0,560.0,492.0,608.0
2094,20250512,0,479.0,410.0,436.0,394.0,342.0,361.0,410.0,484.0,569.0,438.0,589.0,631.0,968.0,708.0,426.0,602.0,604.0,582.0,612.0
2095,20250525,0,525.0,340.0,408.0,300.0,325.0,304.0,384.0,491.0,466.0,438.0,621.0,683.0,960.0,707.0,436.0,555.0,642.0,575.0,670.0
2096,20250715,0,512.0,384.0,391.0,442.0,352.0,478.0,398.0,507.0,439.0,523.0,580.0,684.0,631.0,684.0,502.0,566.0,568.0,458.0,645.0
2097,20250531,0,527.0,390.0,429.0,485.0,363.0,392.0,436.0,548.0,407.0,477.0,557.0,682.0,903.0,697.0,483.0,609.0,616.0,532.0,656.0
2098,20250710,0,505.0,394.0,379.0,344.0,357.0,400.0,416.0,484.0,454.0,476.0,599.0,665.0,800.0,679.0,464.0,605.0,505.0,454.0,533.0
2099,20250713,0,522.0,407.0,356.0,453.0,389.0,573.0,427.0,629.0,462.0,538.0,569.0,700.0,404.0,663.0,483.0,606.0,509.0,481.0,632.0
2100,20250310,0,559.0,438.0,410.0,505.0,563.0,527.0,483.0,523.0,437.0,560.0,524.0,503.0,31.0,694.0,551.0,498.0,443.0,493.0,530.0
2101,20250428,0,536.0,397.0,322.0,493.0,406.0,508.0,391.0,480.0,477.0,520.0,575.0,600.0,472.0,674.0,486.0,537.0,513.0,484.0,566.0
2102,20250421,0,506.0,366.0,418.0,320.0,339.0,322.0,410.0,459.0,466.0,477.0,613.0,628.0,821.0,695.0,481.0,655.0,630.0,569.0,631.0
2103,20250502,0,511.0,416.0,436.0,491.0,381.0,458.0,459.0,675.0,468.0,519.0,589.0,665.0,145.0,687.0,485.0,661.0,565.0,489.0,603.0
2104,20251001,0,512.0,418.0,457.0,561.0,358.0,372.0,454.0,652.0,396.0,494.0,573.0,662.0,524.0,690.0,477.0,644.0,599.0,536.0,626.0
2105,20250530,0,525.0,393.0,356.0,468.0,428.0,578.0,422.0,392.0,432.0,549.0,506.0,642.0,385.0,649.0,495.0,522.0,543.0,436.0,601.0
2106,20250602,0,537.0,359.0,418.0,303.0,348.0,348.0,418.0,513.0,464.0,466.0,619.0,641.0,822.0,685.0,455.0,589.0,635.0,594.0,647.0
2107,20250825,0,518.0,431.0,496.0,603.0,340.0,401.0,459.0,650.0,536.0,497.0,568.0,645.0,599.0,687.0,464.0,660.0,563.0,570.0,605.0
2108,20251110,0,510.0,524.0,496.0,529.0,474.0,635.0,463.0,697.0,413.0,522.0,544.0,693.0,94.0,660.0,508.0,634.0,497.0,444.0,535.0
2109,20250803,0,500.0,449.0,421.0,441.0,356.0,344.0,427.0,543.0,428.0,491.0,585.0,651.0,945.0,708.0,501.0,618.0,641.0,535.0,587.0
2110,20251023,0,533.0,406.0,487.0,583.0,334.0,416.0,481.0,718.0,455.0,524.0,568.0,686.0,708.0,681.0,485.0,651.0,521.0,543.0,583.0
2111,20251027,0,513.0,420.0,451.0,495.0,359.0,489.0,454.0,548.0,403.0,498.0,570.0,663.0,722.0,687.0,484.0,611.0,592.0,528.0,622.0
2112,20251101,0,494.0,397.0,301.0,324.0,322.0,420.0,398.0,397.0,391.0,457.0,596.0,678.0,902.0,686.0,466.0,517.0,596.0,568.0,659.0
2113,20250507,0,513.0,394.0,322.0,487.0,357.0,542.0,394.0,362.0,310.0,538.0,573.0,659.0,641.0,661.0,485.0,523.0,562.0,433.0,645.0
2114,20250817,0,500.0,449.0,542.0,560.0,392.0,490.0,480.0,652.0,462.0,458.0,524.0,681.0,610.0,690.0,473.0,636.0,487.0,438.0,484.0
2115,20250705,0,496.0,376.0,342.0,320.0,350.0,396.0,398.0,368.0,463.0,471.0,595.0,700.0,883.0,682.0,479.0,515.0,617.0,540.0,650.0
2116,20251014,0,489.0,409.0,435.0,509.0,345.0,421.0,439.0,389.0,368.0,447.0,554.0,694.0,956.0,691.0,447.0,566.0,582.0,544.0,648.0
2117,20250827,0,552.0,459.0,524.0,515.0,458.0,473.0,484.0,700.0,684.0,530.0,524.0,569.0,239.0,693.0,474.0,642.0,387.0,574.0,461.0
2118,20251107,0,463.0,375.0,342.0,300.0,321.0,313.0,343.0,488.0,513.0,419.0,606.0,700.0,951.0,715.0,440.0,527.0,645.0,571.0,620.0
2119,20250423,0,521.0,445.0,321.0,491.0,396.0,537.0,461.0,469.0,266.0,502.0,571.0,673.0,396.0,670.0,506.0,577.0,525.0,436.0,645.0
2120,20251026,0,489.0,375.0,408.0,374.0,310.0,344.0,372.0,342.0,485.0,398.0,590.0,677.0,991.0,724.0,447.0,453.0,635.0,585.0,643.0
2121,20251104,0,502.0,387.0,422.0,456.0,349.0,405.0,427.0,407.0,427.0,462.0,570.0,685.0,872.0,682.0,477.0,575.0,586.0,536.0,596.0
2122,20250611,0,491.0,366.0,331.0,312.0,345.0,359.0,368.0,501.0,445.0,498.0,606.0,679.0,789.0,680.0,452.0,524.0,549.0,530.0,598.0
2123,20250305,0,524.0,457.0,457.0,487.0,369.0,417.0,472.0,720.0,356.0,499.0,564.0,614.0,401.0,690.0,472.0,654.0,549.0,519.0,606.0
2124,20250710,0,522.0,406.0,465.0,468.0,366.0,414.0,449.0,516.0,433.0,490.0,541.0,657.0,932.0,679.0,446.0,603.0,604.0,570.0,643.0
2125,20251009,0,497.0,349.0,408.0,303.0,324.0,300.0,391.0,344.0,460.0,414.0,609.0,672.0,977.0,716.0,417.0,579.0,664.0,608.0,650.0
2126,20250612,0,503.0,373.0,400.0,446.0,322.0,394.0,416.0,532.0,490.0,464.0,574.0,700.0,907.0,689.0,448.0,599.0,581.0,553.0,638.0
2127,20250829,0,522.0,433.0,384.0,483.0,393.0,581.0,441.0,443.0,241.0,542.0,536.0,700.0,564.0,670.0,492.0,546.0,594.0,459.0,631.0
2128,20251111,0,496.0,380.0,516.0,552.0,351.0,432.0,442.0,456.0,420.0,464.0,561.0,687.0,752.0,684.0,481.0,533.0,569.0,495.0,652.0
2129,20250909,0,520.0,432.0,432.0,469.0,352.0,414.0,465.0,381.0,365.0,482.0,560.0,684.0,885.0,691.0,445.0,601.0,511.0,536.0,578.0
2130,20250923,0,513.0,393.0,394.0,318.0,337.0,346.0,454.0,309.0,319.0,501.0,600.0,665.0,948.0,692.0,429.0,592.0,639.0,582.0,607.0
2131,20250921,0,552.0,442.0,490.0,577.0,426.0,479.0,464.0,703.0,473.0,556.0,553.0,633.0,365.0,684.0,507.0,600.0,484.0,472.0,563.0
2132,20251105,0,486.0,399.0,448.0,395.0,355.0,423.0,434.0,671.0,417.0,428.0,582.0,685.0,531.0,693.0,469.0,627.0,609.0,544.0,641.0
2133,20250907,0,572.0,448.0,476.0,559.0,433.0,457.0,483.0,638.0,556.0,606.0,506.0,599.0,173.0,681.0,517.0,630.0,373.0,517.0,495.0
2134,20250903,0,525.0,448.0,428.0,535.0,395.0,585.0,463.0,557.0,337.0,537.0,551.0,676.0,156.0,665.0,521.0,598.0,604.0,492.0,643.0
2135,20251015,0,522.0,428.0,446.0,631.0,426.0,558.0,480.0,587.0,329.0,510.0,546.0,673.0,343.0,677.0,501.0,617.0,581.0,485.0,616.0
2136,20250822,0,518.0,398.0,350.0,516.0,389.0,576.0,401.0,494.0,479.0,525.0,560.0,652.0,570.0,673.0,489.0,595.0,574.0,463.0,648.0
2137,20250703,0,525.0,391.0,457.0,477.0,390.0,474.0,445.0,508.0,394.0,480.0,548.0,664.0,858.0,680.0,474.0,565.0,591.0,545.0,647.0
2138,20250622,0,529.0,369.0,331.0,315.0,322.0,329.0,381.0,405.0,383.0,443.0,609.0,652.0,976.0,702.0,448.0,427.0,622.0,560.0,650.0
2139,20250519,0,491.0,371.0,495.0,319.0,343.0,328.0,423.0,373.0,475.0,446.0,614.0,654.0,883.0,692.0,454.0,612.0,610.0,520.0,579.0
2140,20250531,0,540.0,450.0,398.0,556.0,484.0,602.0,475.0,734.0,340.0,564.0,517.0,700.0,169.0,641.0,503.0,612.0,567.0,443.0,638.0
2141,20250503,0,521.0,395.0,530.0,598.0,427.0,557.0,493.0,366.0,512.0,528.0,519.0,644.0,393.0,670.0,502.0,605.0,557.0,465.0,632.0
2142,20250330,0,501.0,436.0,322.0,440.0,387.0,475.0,421.0,445.0,429.0,485.0,583.0,673.0,683.0,690.0,514.0,521.0,607.0,487.0,612.0
2143,20250706,0,509.0,379.0,388.0,350.0,329.0,363.0,441.0,559.0,492.0,480.0,594.0,655.0,927.0,696.0,457.0,639.0,607.0,539.0,631.0
2144,20251029,0,503.0,377.0,436.0,300.0,337.0,317.0,425.0,579.0,541.0,440.0,610.0,678.0,943.0,701.0,472.0,595.0,624.0,554.0,613.0
2145,20251021,0,510.0,449.0,496.0,571.0,416.0,467.0,476.0,671.0,376.0,451.0,548.0,679.0,322.0,693.0,509.0,654.0,520.0,506.0,531.0
2146,20250610,0,497.0,369.0,320.0,304.0,374.0,340.0,430.0,408.0,473.0,427.0,630.0,523.0,984.0,714.0,453.0,497.0,663.0,617.0,628.0
2147,20250424,0,511.0,370.0,301.0,307.0,333.0,317.0,376.0,566.0,509.0,431.0,631.0,675.0,886.0,700.0,467.0,520.0,516.0,489.0,543.0
2148,20250312,0,529.0,434.0,406.0,440.0,353.0,453.0,445.0,448.0,411.0,529.0,584.0,638.0,639.0,682.0,498.0,581.0,586.0,489.0,645.0
2149,20250708,0,508.0,454.0,397.0,519.0,461.0,546.0,472.0,558.0,270.0,529.0,539.0,700.0,569.0,667.0,491.0,604.0,589.0,496.0,647.0
2150,20251108,0,492.0,391.0,301.0,373.0,345.0,434.0,394.0,446.0,368.0,469.0,600.0,687.0,610.0,691.0,484.0,488.0,515.0,509.0,503.0
2151,20250326,0,500.0,394.0,448.0,584.0,348.0,392.0,448.0,512.0,379.0,503.0,572.0,678.0,864.0,689.0,477.0,640.0,594.0,498.0,647.0
2152,20251008,0,511.0,428.0,376.0,519.0,370.0,523.0,438.0,462.0,353.0,508.0,556.0,691.0,608.0,675.0,487.0,564.0,576.0,498.0,656.0
2153,20250928,0,573.0,453.0,463.0,522.0,459.0,517.0,474.0,708.0,443.0,580.0,529.0,631.0,110.0,680.0,507.0,618.0,516.0,514.0,608.0
2154,20251102,0,501.0,362.0,301.0,356.0,326.0,368.0,379.0,339.0,500.0,474.0,612.0,700.0,749.0,683.0,470.0,515.0,602.0,517.0,632.0
2155,20250319,0,515.0,403.0,364.0,476.0,406.0,581.0,427.0,626.0,443.0,522.0,559.0,649.0,234.0,688.0,475.0,654.0,557.0,486.0,555.0
2156,20250410,0,524.0,410.0,457.0,500.0,373.0,421.0,469.0,541.0,390.0,498.0,563.0,648.0,860.0,683.0,447.0,645.0,576.0,569.0,599.0
2157,20250730,0,570.0,421.0,465.0,482.0,466.0,459.0,484.0,620.0,393.0,558.0,551.0,557.0,116.0,694.0,530.0,595.0,467.0,552.0,525.0
2158,20251026,0,527.0,437.0,496.0,493.0,409.0,509.0,457.0,782.0,458.0,473.0,544.0,687.0,310.0,683.0,488.0,644.0,487.0,508.0,515.0
2159,20250912,0,493.0,385.0,300.0,367.0,318.0,435.0,373.0,382.0,358.0,452.0,598.0,700.0,709.0,686.0,474.0,467.0,550.0,479.0,656.0
2160,20251107,0,513.0,393.0,330.0,318.0,315.0,386.0,400.0,466.0,419.0,486.0,612.0,700.0,741.0,675.0,457.0,512.0,592.0,572.0,637.0
2161,20251022,0,485.0,417.0,301.0,369.0,351.0,440.0,407.0,376.0,398.0,463.0,597.0,700.0,705.0,690.0,484.0,520.0,617.0,565.0,615.0
2162,20250328,0,516.0,380.0,448.0,420.0,324.0,370.0,428.0,545.0,443.0,458.0,584.0,676.0,934.0,684.0,484.0,626.0,624.0,515.0,652.0
2163,20250717,0,492.0,385.0,301.0,315.0,313.0,349.0,379.0,350.0,357.0,450.0,613.0,687.0,938.0,691.0,456.0,433.0,602.0,522.0,628.0
2164,20251031,0,523.0,428.0,413.0,474.0,383.0,520.0,387.0,336.0,403.0,517.0,527.0,500.0,575.0,673.0,493.0,502.0,576.0,494.0,606.0
2165,20250904,0,470.0,406.0,334.0,455.0,363.0,421.0,420.0,413.0,397.0,454.0,565.0,700.0,925.0,687.0,443.0,576.0,587.0,538.0,601.0
2166,20250707,0,494.0,382.0,418.0,307.0,333.0,300.0,413.0,364.0,456.0,414.0,608.0,639.0,974.0,710.0,424.0,589.0,585.0,571.0,645.0
2167,20251013,0,493.0,336.0,388.0,309.0,322.0,300.0,364.0,269.0,468.0,404.0,615.0,637.0,993.0,730.0,436.0,508.0,636.0,595.0,621.0
2168,20250325,0,531.0,435.0,524.0,588.0,530.0,457.0,457.0,594.0,577.0,521.0,507.0,493.0,89.0,686.0,494.0,635.0,466.0,498.0,518.0
2169,20250907,0,531.0,441.0,502.0,592.0,421.0,530.0,488.0,706.0,359.0,520.0,529.0,692.0,32.0,673.0,469.0,677.0,496.0,463.0,614.0
2170,20250501,0,520.0,374.0,457.0,436.0,349.0,376.0,422.0,626.0,570.0,463.0,572.0,588.0,927.0,692.0,446.0,609.0,616.0,587.0,653.0
2171,20250307,0,533.0,418.0,457.0,450.0,365.0,405.0,487.0,417.0,399.0,554.0,569.0,617.0,852.0,697.0,478.0,535.0,583.0,556.0,586.0
2172,20250924,0,515.0,378.0,353.0,311.0,328.0,345.0,401.0,341.0,448.0,448.0,610.0,678.0,926.0,682.0,451.0,514.0,607.0,545.0,646.0
2173,20251030,0,533.0,414.0,560.0,546.0,398.0,524.0,461.0,631.0,399.0,535.0,539.0,667.0,227.0,662.0,495.0,603.0,563.0,455.0,595.0
2174,20250826,0,482.0,410.0,436.0,397.0,337.0,344.0,440.0,497.0,436.0,480.0,588.0,646.0,945.0,714.0,462.0,641.0,608.0,589.0,640.0
2175,20251014,0,517.0,423.0,491.0,486.0,424.0,478.0,447.0,508.0,470.0,497.0,531.0,520.0,494.0,673.0,484.0,581.0,534.0,491.0,590.0
2176,20250404,0,565.0,423.0,373.0,440.0,383.0,365.0,470.0,432.0,361.0,539.0,571.0,563.0,928.0,712.0,462.0,524.0,647.0,584.0,649.0
2177,20250827,0,516.0,450.0,478.0,597.0,388.0,556.0,475.0,731.0,381.0,503.0,558.0,672.0,256.0,685.0,501.0,663.0,547.0,457.0,622.0
2178,20251010,0,518.0,413.0,482.0,500.0,367.0,453.0,441.0,627.0,503.0,526.0,530.0,694.0,816.0,663.0,450.0,602.0,560.0,517.0,648.0
2179,20250801,0,499.0,336.0,410.0,307.0,354.0,300.0,405.0,392.0,535.0,420.0,622.0,661.0,938.0,711.0,422.0,569.0,514.0,572.0,589.0
2180,20250609,0,517.0,393.0,376.0,531.0,355.0,495.0,436.0,440.0,496.0,536.0,556.0,671.0,702.0,683.0,489.0,598.0,599.0,477.0,586.0
2181,20250601,0,529.0,381.0,448.0,432.0,343.0,426.0,429.0,532.0,488.0,492.0,577.0,687.0,788.0,678.0,476.0,599.0,586.0,538.0,657.0
2182,20250707,0,484.0,374.0,354.0,310.0,332.0,306.0,398.0,417.0,402.0,421.0,618.0,693.0,932.0,694.0,460.0,590.0,640.0,588.0,645.0
2183,20250506,0,517.0,466.0,439.0,527.0,411.0,475.0,477.0,737.0,417.0,541.0,549.0,629.0,325.0,685.0,457.0,669.0,578.0,521.0,614.0
2184,20250802,0,552.0,399.0,487.0,609.0,370.0,450.0,437.0,592.0,386.0,508.0,560.0,691.0,843.0,683.0,469.0,672.0,597.0,569.0,629.0
2185,20250428,0,521.0,396.0,421.0,391.0,340.0,383.0,422.0,504.0,412.0,496.0,579.0,668.0,853.0,684.0,481.0,565.0,607.0,543.0,593.0
2186,20250828,0,487.0,383.0,365.0,309.0,328.0,305.0,400.0,507.0,472.0,435.0,611.0,660.0,950.0,703.0,431.0,475.0,612.0,573.0,636.0
2187,20250417,0,521.0,423.0,457.0,471.0,422.0,397.0,487.0,513.0,497.0,451.0,570.0,593.0,762.0,703.0,458.0,632.0,567.0,635.0,588.0
2188,20250906,0,537.0,445.0,530.0,607.0,421.0,474.0,485.0,633.0,527.0,523.0,528.0,653.0,165.0,673.0,463.0,660.0,489.0,508.0,590.0
2189,20250525,0,521.0,401.0,496.0,523.0,390.0,519.0,449.0,344.0,471.0,546.0,556.0,626.0,529.0,676.0,460.0,583.0,534.0,490.0,628.0
2190,20250624,0,515.0,410.0,434.0,474.0,366.0,527.0,431.0,497.0,394.0,484.0,551.0,689.0,764.0,682.0,478.0,547.0,562.0,522.0,559.0
2191,20250728,0,516.0,381.0,441.0,529.0,365.0,438.0,467.0,416.0,437.0,462.0,546.0,683.0,955.0,685.0,444.0,579.0,604.0,518.0,646.0
2192,20250403,0,536.0,413.0,457.0,532.0,435.0,547.0,436.0,331.0,475.0,552.0,546.0,613.0,637.0,655.0,480.0,557.0,590.0,505.0,646.0
2193,20250430,0,521.0,442.0,350.0,515.0,401.0,589.0,389.0,401.0,247.0,562.0,564.0,700.0,410.0,655.0,497.0,556.0,539.0,478.0,550.0
2194,20251002,0,494.0,397.0,503.0,484.0,342.0,380.0,453.0,475.0,450.0,465.0,576.0,676.0,924.0,692.0,491.0,589.0,533.0,502.0,612.0
2195,20250408,0,503.0,395.0,386.0,390.0,323.0,359.0,434.0,387.0,508.0,463.0,583.0,597.0,925.0,692.0,472.0,553.0,603.0,506.0,653.0
2196,20250317,0,506.0,434.0,457.0,458.0,385.0,467.0,482.0,421.0,440.0,515.0,570.0,620.0,597.0,672.0,474.0,595.0,558.0,555.0,601.0
2197,20251125,0,517.0,414.0,435.0,449.0,362.0,443.0,439.0,584.0,381.0,485.0,572.0,683.0,641.0,675.0,489.0,567.0,580.0,511.0,633.0
2198,20251029,0,512.0,417.0,322.0,453.0,357.0,507.0,414.0,448.0,331.0,527.0,577.0,668.0,511.0,670.0,490.0,517.0,563.0,447.0,645.0
2199,20251109,0,516.0,433.0,496.0,501.0,350.0,421.0,460.0,426.0,267.0,456.0,561.0,607.0,953.0,702.0,444.0,556.0,645.0,610.0,636.0
2200,20250708,0,496.0,417.0,491.0,523.0,384.0,400.0,480.0,615.0,361.0,457.0,538.0,658.0,771.0,684.0,453.0,594.0,633.0,532.0,620.0
2201,20250518,0,511.0,439.0,386.0,440.0,391.0,435.0,444.0,367.0,409.0,504.0,585.0,603.0,662.0,687.0,474.0,594.0,533.0,529.0,607.0
2202,20250311,0,494.0,413.0,457.0,391.0,365.0,344.0,453.0,539.0,422.0,479.0,578.0,607.0,979.0,715.0,443.0,558.0,618.0,584.0,644.0
2203,20250904,0,496.0,371.0,301.0,324.0,331.0,334.0,338.0,414.0,372.0,444.0,602.0,659.0,933.0,683.0,454.0,410.0,595.0,498.0,611.0
2204,20251102,0,481.0,447.0,508.0,486.0,371.0,459.0,458.0,576.0,338.0,441.0,542.0,691.0,915.0,687.0,487.0,609.0,492.0,509.0,581.0
2205,20250703,0,525.0,418.0,457.0,511.0,384.0,421.0,453.0,493.0,538.0,531.0,565.0,614.0,838.0,672.0,444.0,604.0,569.0,566.0,615.0
2206,20250820,0,512.0,389.0,372.0,325.0,311.0,340.0,392.0,330.0,442.0,434.0,600.0,686.0,968.0,697.0,437.0,474.0,620.0,560.0,642.0
2207,20250714,0,527.0,438.0,457.0,503.0,366.0,411.0,450.0,678.0,575.0,461.0,558.0,625.0,945.0,705.0,441.0,618.0,549.0,617.0,599.0
2208,20251005,0,476.0,372.0,346.0,393.0,328.0,382.0,412.0,362.0,482.0,439.0,586.0,700.0,879.0,697.0,446.0,526.0,604.0,556.0,621.0
2209,20250419,0,487.0,397.0,301.0,372.0,343.0,433.0,370.0,404.0,429.0,494.0,601.0,668.0,650.0,688.0,475.0,493.0,540.0,501.0,647.0
2210,20251005,0,521.0,406.0,462.0,398.0,326.0,376.0,454.0,355.0,494.0,498.0,577.0,643.0,896.0,692.0,444.0,594.0,596.0,561.0,643.0
2211,20251113,0,488.0,393.0,426.0,321.0,313.0,329.0,384.0,429.0,482.0,469.0,601.0,677.0,985.0,714.0,458.0,556.0,625.0,592.0,638.0
2212,20251106,0,496.0,392.0,487.0,486.0,357.0,408.0,462.0,558.0,417.0,441.0,560.0,662.0,845.0,687.0,454.0,645.0,533.0,511.0,605.0
2213,20250913,0,499.0,410.0,387.0,493.0,324.0,388.0,417.0,459.0,413.0,479.0,571.0,688.0,818.0,682.0,491.0,537.0,589.0,432.0,647.0
2214,20250607,0,547.0,445.0,433.0,502.0,360.0,476.0,474.0,650.0,323.0,564.0,557.0,660.0,593.0,673.0,478.0,662.0,610.0,509.0,638.0
2215,20250606,0,468.0,381.0,321.0,323.0,334.0,339.0,409.0,407.0,496.0,421.0,598.0,587.0,978.0,713.0,431.0,472.0,590.0,561.0,629.0
2216,20250522,0,499.0,383.0,363.0,440.0,356.0,366.0,406.0,285.0,437.0,482.0,574.0,678.0,945.0,691.0,446.0,447.0,606.0,571.0,606.0
2217,20251011,0,501.0,369.0,300.0,329.0,321.0,342.0,364.0,434.0,539.0,428.0,602.0,619.0,765.0,698.0,450.0,501.0,573.0,504.0,599.0
2218,20251107,0,510.0,415.0,410.0,523.0,381.0,501.0,457.0,445.0,347.0,501.0,549.0,686.0,568.0,685.0,486.0,561.0,578.0,449.0,645.0
2219,20251104,0,572.0,420.0,524.0,510.0,469.0,438.0,496.0,662.0,500.0,530.0,509.0,586.0,316.0,696.0,492.0,618.0,416.0,582.0,501.0
2220,20250519,0,499.0,400.0,491.0,477.0,382.0,405.0,436.0,465.0,488.0,472.0,545.0,624.0,913.0,695.0,466.0,614.0,609.0,579.0,645.0
2221,20251016,0,522.0,422.0,400.0,459.0,335.0,404.0,460.0,475.0,384.0,531.0,571.0,688.0,861.0,671.0,475.0,628.0,654.0,509.0,627.0
2222,20250428,0,510.0,404.0,391.0,503.0,403.0,584.0,412.0,408.0,428.0,483.0,568.0,645.0,382.0,686.0,511.0,544.0,431.0,505.0,507.0
2223,20250915,0,485.0,387.0,436.0,327.0,328.0,331.0,393.0,466.0,619.0,430.0,601.0,635.0,992.0,728.0,447.0,609.0,594.0,592.0,641.0
2224,20250922,0,523.0,430.0,346.0,536.0,464.0,580.0,461.0,544.0,339.0,518.0,549.0,691.0,411.0,657.0,503.0,569.0,542.0,424.0,645.0
2225,20250524,0,523.0,387.0,352.0,469.0,364.0,443.0,426.0,432.0,347.0,478.0,576.0,680.0,820.0,683.0,477.0,515.0,593.0,512.0,649.0
2226,20251105,0,544.0,476.0,567.0,526.0,414.0,581.0,494.0,540.0,329.0,542.0,490.0,663.0,109.0,641.0,514.0,619.0,572.0,476.0,638.0
2227,20251102,0,490.0,379.0,322.0,440.0,362.0,468.0,407.0,482.0,487.0,478.0,586.0,687.0,672.0,688.0,481.0,561.0,527.0,462.0,484.0
2228,20250407,0,509.0,434.0,457.0,510.0,346.0,387.0,441.0,416.0,437.0,481.0,558.0,634.0,826.0,699.0,465.0,590.0,571.0,550.0,631.0
2229,20250703,0,492.0,362.0,312.0,311.0,319.0,331.0,383.0,298.0,488.0,458.0,612.0,700.0,963.0,686.0,461.0,500.0,590.0,467.0,646.0
2230,20251024,0,497.0,365.0,312.0,313.0,340.0,321.0,364.0,305.0,325.0,444.0,636.0,646.0,874.0,693.0,484.0,421.0,477.0,471.0,531.0
2231,20250501,0,514.0,379.0,301.0,330.0,341.0,372.0,377.0,314.0,530.0,485.0,599.0,662.0,882.0,693.0,478.0,516.0,625.0,528.0,630.0
2232,20250901,0,470.0,382.0,301.0,340.0,322.0,372.0,354.0,207.0,377.0,434.0,592.0,700.0,980.0,694.0,447.0,463.0,651.0,586.0,648.0
2233,20250920,0,513.0,432.0,300.0,353.0,367.0,505.0,396.0,574.0,441.0,504.0,593.0,700.0,340.0,679.0,487.0,586.0,548.0,495.0,621.0
2234,20250530,0,491.0,384.0,312.0,345.0,320.0,353.0,415.0,368.0,321.0,485.0,592.0,687.0,944.0,692.0,461.0,502.0,611.0,539.0,638.0
2235,20250729,0,496.0,398.0,485.0,507.0,371.0,361.0,442.0,604.0,503.0,472.0,575.0,623.0,785.0,703.0,483.0,644.0,438.0,522.0,522.0
2236,20250614,0,508.0,417.0,334.0,516.0,376.0,512.0,403.0,255.0,386.0,492.0,553.0,700.0,649.0,682.0,471.0,500.0,580.0,504.0,625.0
2237,20250606,0,508.0,391.0,355.0,511.0,405.0,572.0,413.0,486.0,448.0,534.0,532.0,678.0,261.0,671.0,488.0,546.0,496.0,474.0,639.0
2238,20251017,0,514.0,452.0,424.0,457.0,343.0,413.0,474.0,399.0,306.0,473.0,557.0,676.0,833.0,697.0,481.0,563.0,623.0,557.0,560.0
2239,20250301,0,511.0,427.0,322.0,471.0,378.0,505.0,440.0,448.0,399.0,455.0,558.0,700.0,694.0,701.0,469.0,555.0,502.0,529.0,547.0
2240,20250728,0,517.0,448.0,530.0,627.0,405.0,450.0,481.0,635.0,598.0,537.0,517.0,651.0,621.0,680.0,472.0,652.0,524.0,527.0,533.0
2241,20251113,0,509.0,415.0,393.0,560.0,349.0,529.0,433.0,511.0,402.0,529.0,565.0,700.0,641.0,679.0,476.0,593.0,566.0,445.0,645.0
2242,20251022,0,526.0,429.0,576.0,573.0,417.0,570.0,476.0,670.0,431.0,533.0,536.0,679.0,270.0,661.0,495.0,631.0,549.0,498.0,662.0
2243,20250720,0,553.0,423.0,524.0,573.0,481.0,443.0,487.0,410.0,436.0,509.0,540.0,512.0,535.0,699.0,523.0,587.0,415.0,527.0,493.0
2244,20251005,0,508.0,381.0,413.0,440.0,357.0,481.0,419.0,514.0,506.0,479.0,585.0,687.0,532.0,691.0,476.0,542.0,546.0,465.0,611.0
2245,20250614,0,495.0,385.0,405.0,508.0,340.0,405.0,441.0,339.0,485.0,470.0,571.0,685.0,793.0,684.0,480.0,534.0,570.0,494.0,649.0
2246,20251008,0,518.0,425.0,448.0,527.0,369.0,538.0,440.0,571.0,395.0,528.0,551.0,677.0,372.0,659.0,505.0,596.0,550.0,466.0,639.0
2247,20250929,0,559.0,417.0,560.0,546.0,367.0,486.0,486.0,718.0,375.0,552.0,541.0,683.0,689.0,673.0,506.0,594.0,575.0,508.0,647.0
2248,20250708,0,503.0,429.0,321.0,440.0,363.0,522.0,417.0,432.0,458.0,495.0,583.0,673.0,324.0,683.0,492.0,546.0,518.0,407.0,560.0
2249,20250705,0,,,,,,,,,,,,,,,,,,,
2250,20250921,0,509.0,397.0,300.0,438.0,349.0,494.0,406.0,366.0,302.0,544.0,589.0,675.0,718.0,680.0,487.0,537.0,526.0,466.0,645.0
2251,20250428,0,510.0,417.0,491.0,568.0,393.0,445.0,432.0,577.0,649.0,474.0,526.0,561.0,304.0,698.0,493.0,621.0,513.0,538.0,571.0
2252,20250412,0,558.0,379.0,409.0,482.0,353.0,366.0,444.0,580.0,499.0,520.0,571.0,647.0,752.0,683.0,474.0,654.0,517.0,521.0,576.0
2253,20251106,0,527.0,460.0,457.0,503.0,338.0,393.0,472.0,628.0,380.0,509.0,566.0,661.0,882.0,688.0,476.0,630.0,582.0,512.0,610.0
2254,20250515,0,504.0,421.0,352.0,438.0,384.0,508.0,422.0,438.0,415.0,488.0,579.0,685.0,454.0,693.0,497.0,612.0,599.0,479.0,627.0
2255,20250823,0,512.0,405.0,321.0,458.0,390.0,537.0,428.0,459.0,450.0,516.0,568.0,657.0,395.0,673.0,501.0,511.0,503.0,466.0,572.0
2256,20251027,0,499.0,359.0,324.0,311.0,326.0,300.0,383.0,350.0,495.0,429.0,613.0,667.0,931.0,701.0,455.0,456.0,523.0,520.0,562.0
2257,20251016,0,535.0,447.0,521.0,579.0,404.0,540.0,483.0,714.0,468.0,552.0,530.0,685.0,391.0,644.0,488.0,629.0,520.0,494.0,635.0
2258,20250919,0,506.0,401.0,435.0,400.0,337.0,421.0,412.0,455.0,403.0,505.0,583.0,700.0,711.0,681.0,483.0,573.0,584.0,470.0,645.0
2259,20250707,0,477.0,374.0,334.0,463.0,337.0,439.0,388.0,294.0,468.0,455.0,565.0,666.0,693.0,692.0,485.0,487.0,550.0,527.0,572.0
2260,20250620,0,,,,,,,,,,,,,,,,,,,
2261,20250416,0,490.0,375.0,301.0,313.0,352.0,321.0,378.0,422.0,565.0,424.0,608.0,635.0,951.0,706.0,465.0,469.0,572.0,534.0,546.0
2262,20250513,0,537.0,408.0,457.0,449.0,347.0,390.0,424.0,507.0,459.0,463.0,568.0,615.0,470.0,689.0,463.0,601.0,620.0,588.0,640.0
2263,20250530,0,550.0,399.0,514.0,565.0,437.0,572.0,467.0,540.0,401.0,577.0,528.0,690.0,205.0,656.0,506.0,674.0,553.0,431.0,626.0
2264,20250925,0,521.0,403.0,428.0,411.0,323.0,347.0,437.0,458.0,410.0,474.0,586.0,660.0,962.0,697.0,461.0,594.0,601.0,557.0,644.0
2265,20250522,0,509.0,357.0,436.0,338.0,343.0,361.0,420.0,412.0,453.0,463.0,593.0,637.0,917.0,703.0,452.0,589.0,620.0,591.0,607.0
2266,20250327,0,524.0,388.0,436.0,388.0,337.0,371.0,439.0,421.0,401.0,481.0,590.0,672.0,859.0,699.0,493.0,567.0,623.0,562.0,654.0
2267,20250521,0,527.0,403.0,491.0,587.0,413.0,426.0,461.0,635.0,522.0,534.0,539.0,652.0,543.0,681.0,474.0,582.0,582.0,530.0,592.0
2268,20250925,0,486.0,415.0,439.0,457.0,340.0,397.0,427.0,399.0,400.0,458.0,568.0,624.0,979.0,723.0,444.0,585.0,658.0,591.0,626.0
2269,20251001,0,548.0,455.0,491.0,504.0,449.0,391.0,483.0,580.0,433.0,534.0,542.0,596.0,409.0,710.0,532.0,677.0,414.0,566.0,493.0
2270,20250813,0,519.0,397.0,535.0,490.0,452.0,456.0,456.0,479.0,660.0,450.0,567.0,521.0,271.0,693.0,491.0,598.0,350.0,567.0,482.0
2271,20251005,0,501.0,400.0,429.0,602.0,352.0,451.0,444.0,410.0,375.0,477.0,550.0,689.0,877.0,682.0,496.0,603.0,603.0,540.0,616.0
2272,20251103,0,509.0,438.0,491.0,529.0,361.0,391.0,443.0,617.0,626.0,467.0,541.0,659.0,862.0,696.0,488.0,613.0,594.0,550.0,625.0
2273,20251003,0,520.0,407.0,399.0,519.0,380.0,561.0,443.0,661.0,409.0,566.0,562.0,700.0,673.0,653.0,480.0,646.0,556.0,451.0,643.0
2274,20251107,0,492.0,365.0,354.0,367.0,333.0,375.0,396.0,411.0,308.0,446.0,613.0,700.0,780.0,686.0,468.0,499.0,582.0,506.0,646.0
2275,20250514,0,536.0,424.0,400.0,476.0,371.0,462.0,450.0,500.0,355.0,496.0,558.0,688.0,882.0,679.0,453.0,579.0,567.0,538.0,645.0
2276,20250927,0,494.0,454.0,391.0,465.0,393.0,565.0,455.0,396.0,404.0,524.0,542.0,700.0,448.0,676.0,488.0,560.0,541.0,429.0,622.0
2277,20251105,0,456.0,430.0,384.0,313.0,362.0,369.0,416.0,438.0,460.0,419.0,598.0,647.0,941.0,715.0,482.0,537.0,558.0,593.0,589.0
2278,20250602,0,510.0,434.0,322.0,469.0,437.0,587.0,418.0,423.0,267.0,551.0,548.0,663.0,562.0,667.0,489.0,557.0,536.0,443.0,620.0
2279,20250609,0,527.0,443.0,565.0,554.0,428.0,518.0,484.0,651.0,440.0,547.0,548.0,650.0,554.0,673.0,487.0,592.0,567.0,541.0,644.0
2280,20250702,0,491.0,416.0,301.0,347.0,343.0,449.0,380.0,459.0,377.0,469.0,593.0,700.0,774.0,686.0,449.0,534.0,555.0,488.0,612.0
2281,20250320,0,518.0,341.0,388.0,317.0,332.0,329.0,366.0,394.0,547.0,431.0,601.0,637.0,936.0,702.0,439.0,510.0,589.0,566.0,613.0
2282,20250501,0,530.0,394.0,406.0,442.0,375.0,477.0,439.0,576.0,430.0,506.0,580.0,679.0,723.0,676.0,479.0,621.0,551.0,463.0,639.0
2283,20250925,0,509.0,418.0,423.0,531.0,382.0,552.0,451.0,658.0,401.0,512.0,559.0,697.0,446.0,676.0,493.0,665.0,535.0,411.0,590.0
2284,20250912,0,512.0,332.0,426.0,300.0,328.0,317.0,368.0,322.0,425.0,341.0,628.0,682.0,989.0,732.0,416.0,536.0,652.0,586.0,649.0
2285,20250825,0,503.0,406.0,421.0,512.0,448.0,577.0,457.0,551.0,434.0,508.0,544.0,681.0,239.0,644.0,493.0,620.0,614.0,484.0,658.0
2286,20251008,0,515.0,434.0,526.0,410.0,343.0,372.0,470.0,433.0,345.0,512.0,577.0,664.0,844.0,683.0,453.0,598.0,579.0,558.0,617.0
2287,20250821,0,456.0,383.0,436.0,314.0,355.0,357.0,392.0,313.0,602.0,424.0,597.0,574.0,992.0,724.0,458.0,549.0,668.0,632.0,648.0
2288,20251019,0,480.0,403.0,429.0,396.0,315.0,379.0,426.0,531.0,421.0,448.0,578.0,690.0,912.0,699.0,474.0,615.0,543.0,538.0,558.0
2289,20250914,0,542.0,455.0,409.0,519.0,407.0,554.0,456.0,457.0,398.0,573.0,559.0,631.0,442.0,665.0,485.0,615.0,588.0,449.0,623.0
2290,20250815,0,502.0,432.0,457.0,497.0,337.0,383.0,425.0,422.0,460.0,467.0,565.0,626.0,928.0,698.0,454.0,630.0,605.0,560.0,620.0
2291,20251012,0,530.0,405.0,445.0,504.0,401.0,546.0,430.0,554.0,430.0,516.0,556.0,696.0,79.0,674.0,528.0,578.0,502.0,435.0,592.0
2292,20250502,0,523.0,414.0,322.0,440.0,355.0,519.0,400.0,540.0,452.0,562.0,583.0,642.0,510.0,678.0,498.0,567.0,582.0,461.0,650.0
2293,20251114,0,478.0,406.0,376.0,384.0,354.0,396.0,411.0,602.0,378.0,445.0,588.0,694.0,872.0,691.0,473.0,612.0,585.0,551.0,598.0
2294,20250828,0,458.0,369.0,375.0,316.0,324.0,342.0,385.0,214.0,401.0,449.0,599.0,607.0,976.0,699.0,443.0,418.0,635.0,584.0,641.0
2295,20251002,0,539.0,475.0,451.0,517.0,413.0,562.0,460.0,432.0,353.0,520.0,508.0,579.0,473.0,676.0,497.0,573.0,479.0,474.0,618.0
2296,20251030,0,546.0,512.0,592.0,578.0,438.0,573.0,497.0,737.0,546.0,601.0,432.0,666.0,48.0,665.0,539.0,629.0,456.0,449.0,536.0
2297,20251015,0,516.0,403.0,334.0,486.0,346.0,350.0,405.0,352.0,450.0,442.0,574.0,685.0,981.0,698.0,476.0,532.0,558.0,520.0,634.0
2298,20250405,0,519.0,409.0,322.0,486.0,358.0,534.0,403.0,502.0,433.0,538.0,575.0,684.0,538.0,669.0,505.0,547.0,595.0,468.0,640.0
2299,20250515,0,497.0,355.0,418.0,307.0,326.0,300.0,420.0,459.0,462.0,452.0,614.0,658.0,990.0,712.0,418.0,562.0,647.0,593.0,645.0
2300,20250909,0,535.0,430.0,524.0,479.0,430.0,445.0,476.0,571.0,696.0,527.0,539.0,555.0,256.0,689.0,482.0,648.0,296.0,575.0,463.0
2301,20251030,0,529.0,436.0,457.0,397.0,333.0,375.0,448.0,668.0,521.0,504.0,582.0,679.0,899.0,689.0,472.0,580.0,614.0,572.0,617.0
2302,20250322,0,519.0,381.0,424.0,438.0,361.0,409.0,424.0,537.0,481.0,477.0,580.0,625.0,833.0,683.0,488.0,581.0,595.0,481.0,646.0
2303,20250531,0,509.0,367.0,301.0,369.0,350.0,440.0,396.0,373.0,533.0,462.0,594.0,611.0,844.0,687.0,465.0,527.0,573.0,514.0,639.0
2304,20250524,0,498.0,382.0,331.0,316.0,365.0,396.0,371.0,288.0,475.0,493.0,604.0,700.0,720.0,678.0,471.0,471.0,654.0,526.0,621.0
2305,20251028,0,542.0,450.0,532.0,673.0,436.0,565.0,490.0,640.0,349.0,569.0,540.0,653.0,148.0,647.0,499.0,627.0,554.0,419.0,631.0
2306,20250921,0,537.0,478.0,389.0,481.0,388.0,498.0,457.0,393.0,345.0,541.0,500.0,700.0,823.0,668.0,499.0,516.0,623.0,530.0,644.0
2307,20250919,0,509.0,407.0,408.0,324.0,337.0,324.0,426.0,406.0,409.0,432.0,608.0,672.0,896.0,695.0,449.0,598.0,572.0,490.0,635.0
2308,20250405,0,520.0,399.0,322.0,460.0,375.0,497.0,376.0,409.0,373.0,530.0,576.0,655.0,675.0,680.0,479.0,500.0,571.0,480.0,645.0
2309,20250602,0,502.0,378.0,301.0,320.0,335.0,352.0,376.0,392.0,472.0,447.0,601.0,686.0,943.0,695.0,452.0,511.0,628.0,570.0,606.0
2310,20251030,0,520.0,422.0,321.0,506.0,381.0,566.0,416.0,447.0,401.0,506.0,570.0,700.0,549.0,674.0,479.0,527.0,652.0,512.0,650.0
2311,20250810,0,496.0,380.0,400.0,407.0,356.0,446.0,450.0,547.0,440.0,465.0,577.0,657.0,877.0,690.0,474.0,572.0,595.0,504.0,616.0
2312,20250816,0,484.0,376.0,496.0,474.0,338.0,401.0,443.0,342.0,448.0,459.0,568.0,652.0,975.0,717.0,436.0,613.0,619.0,586.0,616.0
2313,20251031,0,499.0,395.0,368.0,512.0,379.0,437.0,384.0,252.0,453.0,459.0,537.0,539.0,846.0,684.0,477.0,504.0,594.0,525.0,653.0
2314,20250813,0,530.0,399.0,388.0,423.0,357.0,429.0,443.0,648.0,402.0,495.0,581.0,684.0,845.0,674.0,487.0,603.0,570.0,476.0,646.0
2315,20250410,0,492.0,365.0,388.0,367.0,376.0,340.0,419.0,389.0,558.0,471.0,605.0,614.0,546.0,695.0,469.0,587.0,505.0,487.0,499.0
2316,20250321,0,473.0,375.0,424.0,320.0,410.0,342.0,362.0,580.0,776.0,369.0,599.0,548.0,978.0,727.0,440.0,544.0,667.0,609.0,601.0
2317,20250919,0,514.0,412.0,322.0,500.0,376.0,505.0,425.0,640.0,333.0,517.0,569.0,684.0,722.0,677.0,497.0,609.0,582.0,502.0,647.0
2318,20250702,0,527.0,399.0,436.0,321.0,332.0,348.0,427.0,336.0,391.0,484.0,600.0,642.0,932.0,698.0,467.0,577.0,594.0,575.0,618.0
2319,20251029,0,532.0,407.0,409.0,454.0,322.0,388.0,447.0,450.0,448.0,481.0,584.0,648.0,665.0,695.0,473.0,617.0,549.0,505.0,628.0
2320,20250519,0,512.0,382.0,496.0,425.0,343.0,344.0,432.0,469.0,516.0,484.0,585.0,658.0,909.0,695.0,459.0,595.0,583.0,511.0,588.0
2321,20250917,0,520.0,436.0,428.0,395.0,407.0,406.0,465.0,593.0,443.0,529.0,578.0,664.0,488.0,697.0,498.0,655.0,455.0,554.0,550.0
2322,20250413,0,518.0,385.0,503.0,402.0,365.0,398.0,430.0,458.0,306.0,511.0,587.0,694.0,622.0,683.0,484.0,575.0,586.0,506.0,620.0
2323,20251025,0,524.0,420.0,487.0,561.0,362.0,537.0,455.0,672.0,472.0,539.0,570.0,689.0,500.0,658.0,490.0,634.0,529.0,442.0,632.0
2324,20250926,0,522.0,415.0,496.0,394.0,360.0,409.0,441.0,576.0,525.0,519.0,584.0,669.0,915.0,678.0,434.0,596.0,630.0,583.0,623.0
2325,20250916,0,514.0,458.0,375.0,448.0,369.0,479.0,465.0,503.0,332.0,514.0,578.0,700.0,625.0,676.0,491.0,551.0,602.0,492.0,595.0
2326,20251101,0,520.0,438.0,491.0,543.0,388.0,445.0,496.0,463.0,334.0,529.0,534.0,644.0,764.0,679.0,486.0,582.0,619.0,546.0,644.0
2327,20251004,0,499.0,345.0,351.0,319.0,348.0,323.0,399.0,350.0,503.0,467.0,614.0,636.0,920.0,697.0,470.0,497.0,521.0,529.0,556.0
2328,20251101,0,508.0,394.0,496.0,471.0,335.0,344.0,402.0,398.0,445.0,470.0,575.0,682.0,944.0,707.0,459.0,612.0,615.0,578.0,622.0
2329,20250717,0,527.0,433.0,368.0,521.0,395.0,555.0,404.0,317.0,412.0,533.0,538.0,552.0,673.0,665.0,495.0,532.0,547.0,422.0,643.0
2330,20250915,0,507.0,430.0,322.0,450.0,362.0,503.0,396.0,436.0,411.0,496.0,576.0,686.0,612.0,685.0,505.0,545.0,561.0,482.0,588.0
2331,20250708,0,523.0,405.0,321.0,517.0,396.0,591.0,404.0,364.0,445.0,544.0,560.0,700.0,454.0,660.0,472.0,566.0,517.0,390.0,537.0
2332,20251101,0,540.0,378.0,426.0,349.0,334.0,392.0,440.0,665.0,455.0,492.0,593.0,693.0,895.0,684.0,459.0,622.0,629.0,602.0,630.0
2333,20250703,0,507.0,373.0,448.0,523.0,376.0,508.0,441.0,421.0,454.0,499.0,554.0,693.0,823.0,661.0,486.0,542.0,559.0,456.0,645.0
2334,20250908,0,513.0,491.0,392.0,506.0,458.0,645.0,487.0,663.0,376.0,512.0,565.0,664.0,201.0,674.0,523.0,668.0,462.0,398.0,497.0
2335,20251109,0,471.0,357.0,312.0,313.0,308.0,311.0,340.0,259.0,466.0,417.0,605.0,700.0,948.0,694.0,450.0,445.0,592.0,553.0,647.0
2336,20250503,0,519.0,392.0,508.0,445.0,327.0,371.0,427.0,534.0,480.0,487.0,582.0,639.0,908.0,691.0,477.0,623.0,639.0,538.0,648.0
2337,20250908,0,526.0,402.0,445.0,657.0,418.0,571.0,463.0,572.0,381.0,543.0,514.0,684.0,525.0,666.0,509.0,585.0,561.0,432.0,641.0
2338,20250417,0,499.0,402.0,426.0,490.0,421.0,416.0,462.0,520.0,368.0,484.0,549.0,546.0,904.0,689.0,475.0,528.0,589.0,531.0,645.0
2339,20250428,0,531.0,436.0,342.0,348.0,356.0,408.0,456.0,429.0,228.0,551.0,592.0,679.0,772.0,679.0,494.0,564.0,561.0,516.0,660.0
2340,20250723,0,518.0,404.0,450.0,464.0,341.0,366.0,434.0,476.0,456.0,483.0,573.0,625.0,885.0,699.0,446.0,616.0,641.0,570.0,646.0
2341,20251101,0,508.0,411.0,457.0,485.0,338.0,403.0,438.0,565.0,517.0,449.0,558.0,678.0,783.0,689.0,489.0,594.0,593.0,468.0,653.0
2342,20251122,0,508.0,377.0,448.0,477.0,328.0,403.0,419.0,511.0,499.0,495.0,552.0,694.0,923.0,673.0,468.0,603.0,609.0,521.0,653.0
2343,20250305,0,542.0,471.0,355.0,517.0,411.0,588.0,454.0,514.0,415.0,570.0,484.0,700.0,154.0,653.0,511.0,542.0,575.0,432.0,603.0
2344,20251015,0,531.0,420.0,587.0,559.0,390.0,538.0,480.0,743.0,328.0,518.0,504.0,684.0,476.0,659.0,495.0,615.0,600.0,517.0,644.0
2345,20251110,0,516.0,405.0,448.0,592.0,356.0,498.0,439.0,446.0,437.0,507.0,555.0,690.0,783.0,675.0,480.0,577.0,570.0,499.0,652.0
2346,20250319,0,520.0,387.0,406.0,504.0,373.0,512.0,436.0,496.0,485.0,495.0,566.0,678.0,505.0,682.0,485.0,592.0,571.0,518.0,637.0
2347,20250530,0,528.0,454.0,396.0,517.0,497.0,678.0,515.0,542.0,330.0,547.0,520.0,669.0,152.0,662.0,503.0,576.0,533.0,416.0,640.0
2348,20250519,0,515.0,438.0,433.0,608.0,380.0,503.0,480.0,637.0,359.0,489.0,569.0,667.0,760.0,680.0,489.0,666.0,620.0,528.0,643.0
2349,20251013,0,529.0,464.0,405.0,465.0,354.0,427.0,489.0,560.0,371.0,531.0,570.0,642.0,697.0,690.0,480.0,614.0,539.0,573.0,620.0
2350,20250915,0,501.0,416.0,428.0,474.0,377.0,418.0,455.0,486.0,444.0,450.0,559.0,650.0,675.0,693.0,467.0,593.0,504.0,483.0,544.0
2351,20250821,0,519.0,389.0,491.0,520.0,365.0,417.0,470.0,698.0,545.0,471.0,539.0,676.0,800.0,685.0,464.0,598.0,564.0,505.0,652.0
2352,20250914,0,505.0,366.0,301.0,318.0,319.0,322.0,373.0,323.0,506.0,451.0,615.0,700.0,899.0,689.0,436.0,478.0,604.0,567.0,642.0
2353,20250720,0,524.0,385.0,332.0,437.0,369.0,424.0,418.0,377.0,454.0,462.0,584.0,605.0,840.0,684.0,487.0,539.0,635.0,502.0,633.0
2354,20251004,0,491.0,425.0,352.0,487.0,358.0,495.0,420.0,389.0,398.0,491.0,572.0,700.0,724.0,685.0,483.0,551.0,551.0,450.0,633.0
2355,20250613,0,522.0,393.0,321.0,478.0,377.0,474.0,406.0,492.0,427.0,467.0,561.0,627.0,835.0,689.0,454.0,555.0,564.0,519.0,638.0
2356,20250828,0,547.0,389.0,352.0,440.0,344.0,399.0,424.0,362.0,459.0,482.0,569.0,673.0,919.0,699.0,449.0,532.0,652.0,587.0,651.0
2357,20250314,0,498.0,382.0,334.0,438.0,346.0,429.0,401.0,410.0,485.0,486.0,588.0,675.0,794.0,686.0,492.0,522.0,466.0,497.0,558.0
2358,20250309,0,524.0,431.0,457.0,474.0,402.0,494.0,421.0,572.0,344.0,520.0,563.0,675.0,679.0,681.0,460.0,595.0,607.0,556.0,622.0
2359,20250826,0,517.0,413.0,429.0,528.0,358.0,449.0,441.0,441.0,388.0,460.0,563.0,676.0,726.0,686.0,485.0,610.0,593.0,490.0,605.0
2360,20251118,0,,,,,,,,,,,,,,,,,,,
2361,20250731,0,515.0,382.0,418.0,548.0,384.0,545.0,443.0,622.0,544.0,535.0,568.0,688.0,655.0,682.0,497.0,586.0,548.0,502.0,620.0
2362,20250920,0,504.0,443.0,356.0,473.0,419.0,590.0,461.0,463.0,285.0,528.0,537.0,700.0,325.0,663.0,484.0,613.0,537.0,425.0,641.0
2363,20250509,0,518.0,382.0,474.0,534.0,366.0,409.0,440.0,455.0,452.0,490.0,572.0,692.0,774.0,678.0,473.0,593.0,596.0,498.0,636.0
2364,20251109,0,509.0,398.0,364.0,450.0,367.0,529.0,424.0,493.0,450.0,525.0,571.0,682.0,578.0,671.0,494.0,578.0,553.0,435.0,645.0
2365,20251111,0,517.0,423.0,482.0,538.0,367.0,430.0,463.0,463.0,360.0,500.0,529.0,692.0,868.0,680.0,466.0,573.0,603.0,569.0,633.0
2366,20250622,0,491.0,387.0,301.0,373.0,366.0,484.0,379.0,456.0,509.0,480.0,597.0,700.0,712.0,687.0,487.0,542.0,567.0,491.0,631.0
2367,20250522,0,493.0,388.0,457.0,570.0,338.0,380.0,428.0,493.0,604.0,484.0,564.0,608.0,919.0,687.0,447.0,608.0,631.0,546.0,651.0
2368,20250828,0,520.0,419.0,400.0,515.0,360.0,482.0,442.0,450.0,426.0,535.0,567.0,657.0,730.0,665.0,484.0,556.0,568.0,474.0,645.0
2369,20250409,0,495.0,402.0,301.0,316.0,326.0,318.0,357.0,395.0,483.0,469.0,610.0,673.0,910.0,692.0,474.0,481.0,559.0,505.0,649.0
2370,20250731,0,544.0,472.0,396.0,495.0,500.0,688.0,481.0,454.0,316.0,567.0,500.0,700.0,96.0,639.0,507.0,584.0,584.0,428.0,623.0
2371,20251025,0,469.0,381.0,429.0,313.0,329.0,317.0,403.0,560.0,490.0,441.0,612.0,678.0,958.0,690.0,468.0,578.0,654.0,531.0,617.0
2372,20250903,0,546.0,568.0,419.0,533.0,483.0,618.0,529.0,748.0,375.0,636.0,549.0,692.0,189.0,651.0,512.0,662.0,564.0,491.0,642.0
2373,20250505,0,518.0,449.0,322.0,516.0,425.0,558.0,451.0,393.0,252.0,544.0,553.0,700.0,540.0,655.0,483.0,557.0,552.0,478.0,618.0
2374,20250409,0,517.0,449.0,496.0,592.0,355.0,400.0,466.0,491.0,535.0,517.0,558.0,643.0,757.0,694.0,458.0,617.0,626.0,610.0,603.0
2375,20251102,0,572.0,504.0,682.0,550.0,451.0,583.0,528.0,563.0,388.0,597.0,521.0,612.0,217.0,669.0,516.0,566.0,479.0,453.0,516.0
2376,20251102,0,513.0,400.0,406.0,471.0,380.0,547.0,428.0,485.0,378.0,516.0,560.0,688.0,554.0,673.0,489.0,557.0,540.0,468.0,623.0
2377,20251012,0,543.0,385.0,457.0,439.0,336.0,344.0,393.0,563.0,425.0,439.0,574.0,672.0,986.0,726.0,432.0,626.0,641.0,597.0,645.0
2378,20251020,0,499.0,461.0,457.0,409.0,329.0,372.0,439.0,525.0,428.0,526.0,582.0,666.0,838.0,689.0,479.0,628.0,635.0,562.0,633.0
2379,20250521,0,535.0,399.0,436.0,339.0,339.0,397.0,423.0,465.0,428.0,493.0,599.0,658.0,776.0,672.0,445.0,581.0,608.0,550.0,647.0
2380,20250704,0,542.0,406.0,457.0,580.0,353.0,446.0,457.0,488.0,408.0,532.0,560.0,668.0,614.0,679.0,478.0,606.0,613.0,523.0,649.0
2381,20250925,0,529.0,436.0,427.0,486.0,413.0,542.0,479.0,532.0,302.0,522.0,537.0,687.0,736.0,660.0,486.0,603.0,601.0,513.0,642.0
2382,20250702,0,475.0,458.0,379.0,473.0,421.0,632.0,492.0,582.0,341.0,496.0,486.0,700.0,81.0,668.0,490.0,585.0,531.0,412.0,633.0
2383,20251014,0,495.0,396.0,436.0,323.0,341.0,332.0,414.0,361.0,489.0,447.0,602.0,638.0,989.0,721.0,431.0,582.0,651.0,568.0,628.0
2384,20250328,0,534.0,379.0,371.0,327.0,350.0,351.0,407.0,319.0,366.0,497.0,602.0,664.0,918.0,692.0,481.0,545.0,574.0,607.0,630.0
2385,20250303,0,527.0,408.0,457.0,386.0,344.0,363.0,452.0,589.0,637.0,474.0,587.0,618.0,934.0,697.0,450.0,586.0,627.0,569.0,656.0
2386,20251016,0,499.0,431.0,322.0,495.0,365.0,518.0,415.0,452.0,396.0,481.0,569.0,700.0,605.0,691.0,476.0,566.0,538.0,485.0,613.0
2387,20250916,0,492.0,368.0,424.0,306.0,330.0,300.0,397.0,325.0,437.0,463.0,609.0,645.0,986.0,719.0,444.0,570.0,652.0,570.0,630.0
2388,20251102,0,502.0,399.0,429.0,470.0,335.0,409.0,415.0,382.0,429.0,463.0,557.0,681.0,901.0,687.0,449.0,572.0,620.0,537.0,643.0
2389,20250519,0,533.0,375.0,408.0,358.0,329.0,379.0,422.0,645.0,544.0,454.0,591.0,687.0,832.0,684.0,502.0,624.0,608.0,468.0,651.0
2390,20250401,0,526.0,414.0,321.0,521.0,362.0,491.0,420.0,488.0,313.0,519.0,574.0,619.0,379.0,674.0,503.0,540.0,453.0,432.0,500.0
2391,20250730,0,500.0,406.0,457.0,487.0,366.0,395.0,447.0,620.0,483.0,448.0,551.0,613.0,582.0,688.0,443.0,670.0,580.0,523.0,571.0
2392,20250810,0,483.0,369.0,405.0,303.0,320.0,315.0,378.0,307.0,450.0,421.0,616.0,671.0,977.0,708.0,445.0,500.0,646.0,598.0,636.0
2393,20250424,0,504.0,412.0,413.0,503.0,411.0,518.0,438.0,540.0,416.0,505.0,564.0,700.0,585.0,676.0,483.0,572.0,552.0,461.0,645.0
2394,20250926,0,524.0,373.0,301.0,315.0,335.0,328.0,377.0,269.0,570.0,453.0,625.0,673.0,891.0,693.0,458.0,405.0,597.0,571.0,640.0
2395,20251030,0,493.0,412.0,453.0,389.0,325.0,372.0,432.0,367.0,233.0,441.0,589.0,678.0,877.0,691.0,455.0,549.0,593.0,536.0,632.0
2396,20250531,0,534.0,407.0,409.0,477.0,356.0,420.0,463.0,488.0,374.0,462.0,563.0,652.0,880.0,692.0,459.0,590.0,591.0,579.0,644.0
2397,20250307,0,,,,,,,,,,,,,,,,,,,
2398,20250722,0,507.0,383.0,402.0,454.0,335.0,393.0,434.0,496.0,450.0,452.0,590.0,685.0,843.0,687.0,490.0,605.0,594.0,436.0,644.0
2399,20250925,0,499.0,422.0,331.0,401.0,336.0,406.0,395.0,380.0,401.0,464.0,590.0,685.0,935.0,689.0,471.0,479.0,593.0,513.0,628.0
2400,20251007,0,,,,,,,,,,,,,,,,,,,
2401,20250911,0,503.0,365.0,352.0,316.0,331.0,300.0,395.0,352.0,556.0,428.0,646.0,663.0,864.0,709.0,434.0,528.0,547.0,532.0,607.0
2402,20251031,0,500.0,427.0,443.0,476.0,379.0,565.0,433.0,476.0,423.0,507.0,533.0,689.0,400.0,664.0,488.0,579.0,508.0,480.0,630.0
2403,20250505,0,529.0,396.0,400.0,440.0,375.0,418.0,429.0,631.0,484.0,512.0,578.0,639.0,603.0,691.0,484.0,620.0,617.0,510.0,620.0
2404,20250919,0,484.0,396.0,493.0,515.0,351.0,456.0,427.0,636.0,446.0,476.0,562.0,685.0,749.0,684.0,482.0,604.0,571.0,507.0,643.0
2405,20251004,0,472.0,333.0,408.0,303.0,332.0,317.0,389.0,499.0,400.0,376.0,646.0,698.0,985.0,724.0,434.0,565.0,625.0,603.0,624.0
2406,20251030,0,549.0,429.0,496.0,490.0,399.0,562.0,460.0,623.0,361.0,570.0,540.0,694.0,580.0,663.0,497.0,628.0,527.0,452.0,626.0
2407,20250829,0,509.0,394.0,439.0,520.0,333.0,391.0,453.0,533.0,601.0,451.0,551.0,674.0,914.0,696.0,433.0,596.0,612.0,572.0,644.0
2408,20251029,0,493.0,435.0,312.0,330.0,332.0,396.0,410.0,659.0,473.0,445.0,598.0,684.0,612.0,695.0,489.0,603.0,503.0,477.0,577.0
2409,20251014,0,504.0,401.0,426.0,334.0,315.0,349.0,431.0,422.0,446.0,449.0,594.0,688.0,935.0,696.0,460.0,597.0,613.0,535.0,649.0
2410,20250519,0,523.0,418.0,436.0,335.0,363.0,377.0,439.0,481.0,398.0,489.0,599.0,657.0,948.0,697.0,438.0,606.0,643.0,608.0,638.0
2411,20250517,0,513.0,377.0,300.0,353.0,340.0,390.0,376.0,424.0,358.0,453.0,633.0,657.0,634.0,696.0,467.0,466.0,531.0,479.0,571.0
2412,20250907,0,525.0,406.0,439.0,556.0,326.0,398.0,449.0,444.0,408.0,500.0,563.0,673.0,934.0,674.0,454.0,586.0,606.0,536.0,622.0
2413,20250906,0,521.0,418.0,388.0,321.0,327.0,347.0,417.0,549.0,438.0,426.0,603.0,636.0,949.0,701.0,463.0,533.0,617.0,571.0,584.0
2414,20250901,0,547.0,361.0,433.0,309.0,345.0,322.0,409.0,423.0,389.0,493.0,609.0,668.0,953.0,700.0,474.0,597.0,642.0,545.0,623.0
2415,20250706,0,512.0,417.0,491.0,550.0,363.0,445.0,457.0,522.0,445.0,508.0,541.0,648.0,504.0,677.0,467.0,620.0,601.0,493.0,628.0
2416,20250721,0,523.0,371.0,457.0,463.0,339.0,399.0,444.0,338.0,465.0,496.0,567.0,641.0,947.0,686.0,436.0,579.0,628.0,564.0,650.0
2417,20250913,0,568.0,462.0,399.0,528.0,431.0,541.0,481.0,504.0,422.0,566.0,555.0,623.0,3.0,682.0,506.0,535.0,454.0,521.0,527.0
2418,20250624,0,549.0,347.0,426.0,313.0,332.0,321.0,414.0,600.0,562.0,458.0,620.0,685.0,930.0,694.0,453.0,613.0,602.0,562.0,618.0
2419,20250811,0,509.0,361.0,370.0,356.0,353.0,380.0,403.0,429.0,473.0,482.0,615.0,671.0,748.0,682.0,471.0,530.0,580.0,509.0,612.0
2420,20251015,0,492.0,480.0,386.0,477.0,485.0,571.0,487.0,411.0,285.0,523.0,472.0,700.0,38.0,669.0,477.0,590.0,517.0,342.0,624.0
2421,20250706,0,531.0,407.0,537.0,636.0,436.0,573.0,478.0,624.0,525.0,546.0,503.0,613.0,146.0,658.0,507.0,640.0,553.0,414.0,643.0
2422,20250428,0,509.0,451.0,560.0,512.0,411.0,451.0,482.0,505.0,351.0,524.0,522.0,622.0,665.0,680.0,481.0,631.0,592.0,544.0,548.0
2423,20250924,0,548.0,459.0,526.0,431.0,345.0,366.0,464.0,381.0,291.0,506.0,575.0,635.0,954.0,703.0,467.0,631.0,619.0,584.0,632.0
2424,20251015,0,489.0,387.0,365.0,367.0,330.0,377.0,396.0,435.0,474.0,441.0,604.0,696.0,806.0,698.0,476.0,551.0,593.0,535.0,646.0
2425,20250428,0,557.0,491.0,466.0,574.0,437.0,548.0,501.0,498.0,361.0,594.0,517.0,621.0,698.0,642.0,481.0,622.0,575.0,467.0,643.0
2426,20250613,0,541.0,425.0,524.0,485.0,533.0,472.0,458.0,356.0,317.0,469.0,540.0,505.0,318.0,696.0,500.0,511.0,417.0,542.0,525.0
2427,20250926,0,588.0,501.0,530.0,646.0,414.0,557.0,494.0,744.0,487.0,639.0,539.0,649.0,298.0,655.0,503.0,662.0,501.0,478.0,561.0
2428,20250415,0,545.0,404.0,385.0,474.0,430.0,437.0,413.0,579.0,663.0,491.0,549.0,571.0,531.0,686.0,465.0,601.0,542.0,530.0,622.0
2429,20250723,0,496.0,402.0,387.0,572.0,362.0,438.0,441.0,357.0,384.0,485.0,566.0,673.0,189.0,685.0,519.0,584.0,555.0,503.0,644.0
2430,20250704,0,563.0,440.0,537.0,501.0,415.0,540.0,501.0,646.0,328.0,547.0,514.0,686.0,495.0,645.0,478.0,620.0,585.0,530.0,631.0
2431,20251106,0,523.0,386.0,448.0,454.0,352.0,438.0,441.0,608.0,482.0,536.0,586.0,684.0,534.0,674.0,484.0,644.0,602.0,480.0,645.0
2432,20250428,0,510.0,400.0,352.0,453.0,387.0,491.0,395.0,464.0,526.0,514.0,577.0,682.0,811.0,675.0,485.0,610.0,529.0,494.0,649.0
2433,20250907,0,536.0,413.0,429.0,461.0,366.0,443.0,478.0,656.0,495.0,528.0,565.0,680.0,338.0,681.0,488.0,639.0,577.0,526.0,601.0
2434,20251211,0,491.0,413.0,356.0,470.0,383.0,551.0,418.0,363.0,272.0,489.0,545.0,700.0,488.0,674.0,477.0,525.0,567.0,475.0,642.0
2435,20251027,0,524.0,431.0,491.0,527.0,399.0,410.0,481.0,467.0,365.0,489.0,544.0,662.0,941.0,693.0,467.0,611.0,635.0,569.0,652.0
2436,20250921,0,512.0,399.0,454.0,392.0,360.0,387.0,417.0,477.0,482.0,473.0,587.0,667.0,906.0,705.0,452.0,591.0,547.0,546.0,590.0
2437,20250421,0,512.0,409.0,363.0,515.0,384.0,544.0,423.0,487.0,436.0,513.0,561.0,700.0,642.0,678.0,493.0,582.0,562.0,469.0,645.0
2438,20250913,0,482.0,342.0,301.0,308.0,327.0,317.0,364.0,366.0,485.0,427.0,614.0,669.0,948.0,698.0,436.0,477.0,532.0,572.0,630.0
2439,20250428,0,539.0,436.0,343.0,450.0,464.0,485.0,422.0,355.0,417.0,526.0,587.0,462.0,358.0,678.0,504.0,560.0,567.0,519.0,631.0
2440,20250421,0,559.0,481.0,668.0,536.0,430.0,533.0,519.0,649.0,377.0,576.0,507.0,647.0,160.0,670.0,505.0,687.0,589.0,512.0,638.0
2441,20250625,0,523.0,424.0,379.0,523.0,397.0,552.0,440.0,512.0,385.0,520.0,557.0,700.0,780.0,681.0,475.0,540.0,551.0,456.0,639.0
2442,20250703,0,517.0,385.0,312.0,356.0,352.0,419.0,388.0,388.0,455.0,515.0,609.0,700.0,801.0,680.0,457.0,531.0,527.0,495.0,628.0
2443,20250815,0,519.0,391.0,333.0,440.0,379.0,498.0,424.0,490.0,438.0,506.0,583.0,591.0,593.0,676.0,490.0,549.0,564.0,450.0,641.0
2444,20250320,0,536.0,414.0,421.0,481.0,370.0,506.0,458.0,550.0,371.0,539.0,551.0,667.0,790.0,666.0,481.0,583.0,581.0,522.0,647.0
2445,20250608,0,520.0,446.0,491.0,523.0,411.0,464.0,476.0,684.0,531.0,498.0,544.0,661.0,864.0,684.0,457.0,626.0,613.0,547.0,644.0
2446,20251030,0,482.0,427.0,457.0,463.0,362.0,397.0,444.0,612.0,451.0,461.0,559.0,674.0,569.0,685.0,506.0,657.0,624.0,538.0,636.0
2447,20251103,0,519.0,439.0,457.0,401.0,327.0,354.0,437.0,435.0,391.0,471.0,587.0,676.0,855.0,695.0,459.0,652.0,606.0,549.0,639.0
2448,20250816,0,447.0,337.0,324.0,303.0,320.0,316.0,364.0,339.0,474.0,411.0,629.0,691.0,976.0,711.0,432.0,446.0,639.0,606.0,647.0
2449,20250905,0,538.0,418.0,480.0,594.0,441.0,569.0,473.0,517.0,497.0,560.0,528.0,619.0,276.0,663.0,495.0,594.0,571.0,490.0,617.0
2450,20250318,0,516.0,433.0,396.0,350.0,341.0,387.0,443.0,475.0,438.0,491.0,593.0,651.0,933.0,694.0,449.0,567.0,638.0,571.0,646.0
2451,20250813,0,560.0,433.0,583.0,643.0,416.0,591.0,503.0,793.0,467.0,609.0,516.0,682.0,433.0,647.0,484.0,671.0,508.0,475.0,578.0
2452,20250428,0,524.0,375.0,504.0,306.0,365.0,362.0,411.0,611.0,438.0,506.0,618.0,679.0,690.0,682.0,472.0,684.0,610.0,571.0,620.0
2453,20250521,0,460.0,360.0,436.0,386.0,323.0,344.0,397.0,316.0,366.0,364.0,589.0,678.0,993.0,719.0,451.0,478.0,649.0,601.0,657.0
2454,20251103,0,460.0,412.0,436.0,338.0,322.0,344.0,408.0,465.0,402.0,441.0,593.0,652.0,977.0,705.0,442.0,601.0,630.0,603.0,614.0
2455,20250320,0,516.0,429.0,457.0,485.0,363.0,393.0,448.0,540.0,600.0,491.0,552.0,570.0,953.0,683.0,488.0,568.0,654.0,577.0,650.0
2456,20250916,0,511.0,535.0,368.0,473.0,456.0,573.0,504.0,521.0,141.0,501.0,445.0,694.0,87.0,672.0,502.0,602.0,515.0,427.0,634.0
2457,20251029,0,472.0,403.0,399.0,311.0,335.0,307.0,370.0,396.0,481.0,438.0,609.0,700.0,935.0,701.0,472.0,448.0,583.0,485.0,577.0
2458,20250406,0,521.0,436.0,475.0,323.0,395.0,362.0,476.0,674.0,645.0,500.0,595.0,615.0,590.0,706.0,462.0,661.0,421.0,563.0,546.0
2459,20250428,0,521.0,459.0,542.0,486.0,399.0,442.0,468.0,589.0,439.0,507.0,543.0,633.0,681.0,687.0,479.0,591.0,588.0,544.0,633.0
2460,20250902,0,508.0,461.0,396.0,528.0,382.0,462.0,487.0,636.0,377.0,511.0,567.0,663.0,776.0,687.0,501.0,662.0,568.0,515.0,638.0
2461,20251019,0,472.0,660.0,356.0,466.0,515.0,584.0,641.0,461.0,252.0,516.0,371.0,585.0,15.0,624.0,508.0,529.0,567.0,275.0,645.0
2462,20251030,0,501.0,430.0,363.0,460.0,354.0,357.0,413.0,383.0,250.0,449.0,576.0,666.0,490.0,695.0,492.0,506.0,594.0,534.0,586.0
2463,20251121,0,502.0,397.0,448.0,496.0,321.0,364.0,444.0,630.0,430.0,440.0,573.0,694.0,914.0,694.0,461.0,641.0,614.0,508.0,648.0
2464,20251109,0,517.0,439.0,491.0,530.0,411.0,492.0,462.0,769.0,567.0,530.0,532.0,679.0,551.0,677.0,498.0,628.0,531.0,469.0,568.0
2465,20250318,0,544.0,397.0,467.0,478.0,444.0,508.0,458.0,493.0,420.0,547.0,538.0,559.0,430.0,692.0,508.0,536.0,581.0,462.0,632.0
2466,20250902,0,490.0,374.0,301.0,329.0,326.0,384.0,395.0,647.0,599.0,469.0,600.0,645.0,644.0,689.0,485.0,598.0,589.0,511.0,632.0
2467,20250825,0,511.0,408.0,424.0,474.0,380.0,488.0,429.0,638.0,422.0,488.0,555.0,669.0,666.0,686.0,473.0,600.0,552.0,480.0,606.0
2468,20250516,0,499.0,372.0,457.0,388.0,365.0,357.0,424.0,433.0,617.0,412.0,587.0,602.0,955.0,703.0,435.0,565.0,631.0,578.0,635.0
2469,20251014,0,460.0,397.0,301.0,319.0,330.0,391.0,388.0,322.0,325.0,451.0,599.0,687.0,910.0,686.0,466.0,442.0,617.0,592.0,638.0
2470,20251027,0,492.0,394.0,331.0,321.0,337.0,350.0,379.0,287.0,499.0,424.0,625.0,700.0,872.0,702.0,464.0,518.0,573.0,560.0,603.0
2471,20250714,0,484.0,356.0,424.0,303.0,342.0,320.0,402.0,582.0,452.0,470.0,608.0,656.0,983.0,699.0,426.0,620.0,651.0,595.0,644.0
2472,20251101,0,513.0,373.0,426.0,307.0,328.0,331.0,399.0,403.0,411.0,460.0,609.0,687.0,784.0,684.0,476.0,521.0,636.0,602.0,632.0
2473,20250829,0,522.0,445.0,530.0,633.0,408.0,429.0,494.0,717.0,522.0,533.0,539.0,632.0,508.0,683.0,478.0,680.0,488.0,512.0,571.0
2474,20251102,0,527.0,412.0,413.0,478.0,385.0,584.0,423.0,326.0,306.0,551.0,532.0,700.0,637.0,661.0,484.0,531.0,544.0,447.0,646.0
2475,20250909,0,533.0,441.0,470.0,638.0,405.0,546.0,476.0,761.0,380.0,541.0,537.0,686.0,305.0,663.0,486.0,686.0,556.0,453.0,646.0
2476,20251018,0,504.0,451.0,387.0,393.0,319.0,366.0,430.0,320.0,393.0,516.0,585.0,673.0,893.0,694.0,482.0,607.0,607.0,554.0,650.0
2477,20250825,0,472.0,366.0,378.0,303.0,319.0,300.0,386.0,330.0,527.0,417.0,609.0,671.0,988.0,705.0,456.0,517.0,610.0,572.0,649.0
2478,20250529,0,529.0,445.0,396.0,515.0,405.0,594.0,428.0,631.0,393.0,522.0,536.0,657.0,486.0,660.0,487.0,619.0,557.0,484.0,609.0
2479,20250504,0,529.0,405.0,439.0,579.0,379.0,422.0,442.0,563.0,439.0,547.0,574.0,641.0,644.0,681.0,479.0,645.0,572.0,470.0,594.0
2480,20250423,0,500.0,390.0,457.0,304.0,355.0,330.0,384.0,318.0,472.0,481.0,612.0,630.0,980.0,698.0,452.0,508.0,578.0,597.0,623.0
2481,20250911,0,509.0,379.0,473.0,500.0,429.0,473.0,442.0,529.0,522.0,472.0,537.0,664.0,834.0,703.0,466.0,598.0,585.0,533.0,564.0
2482,20251027,0,,,,,,,,,,,,,,,,,,,
2483,20250725,0,520.0,386.0,388.0,350.0,332.0,421.0,452.0,340.0,417.0,459.0,593.0,659.0,808.0,691.0,456.0,525.0,604.0,560.0,630.0
2484,20250917,0,538.0,438.0,530.0,490.0,410.0,468.0,461.0,655.0,601.0,514.0,527.0,638.0,238.0,684.0,457.0,638.0,363.0,504.0,495.0
2485,20251016,0,538.0,369.0,426.0,313.0,350.0,375.0,386.0,579.0,529.0,430.0,606.0,688.0,972.0,693.0,453.0,632.0,646.0,578.0,630.0
2486,20251004,0,510.0,393.0,334.0,465.0,373.0,478.0,406.0,332.0,404.0,490.0,562.0,652.0,905.0,678.0,484.0,533.0,604.0,487.0,646.0
2487,20251014,0,488.0,386.0,352.0,396.0,333.0,377.0,387.0,574.0,605.0,460.0,578.0,700.0,756.0,692.0,451.0,565.0,588.0,497.0,643.0
2488,20250314,0,519.0,415.0,363.0,348.0,367.0,424.0,431.0,488.0,420.0,520.0,591.0,621.0,797.0,681.0,454.0,550.0,608.0,567.0,607.0
2489,20251108,0,516.0,439.0,423.0,495.0,378.0,561.0,458.0,610.0,347.0,516.0,554.0,685.0,798.0,666.0,487.0,600.0,552.0,512.0,612.0
2490,20250506,0,532.0,391.0,350.0,509.0,398.0,570.0,403.0,372.0,310.0,526.0,567.0,700.0,106.0,660.0,496.0,495.0,523.0,467.0,597.0
2491,20250827,0,515.0,401.0,429.0,388.0,330.0,349.0,428.0,402.0,380.0,455.0,587.0,684.0,888.0,685.0,450.0,598.0,597.0,561.0,637.0
2492,20251112,0,487.0,395.0,457.0,489.0,345.0,412.0,428.0,573.0,383.0,454.0,570.0,660.0,970.0,705.0,442.0,616.0,618.0,585.0,621.0
2493,20250526,0,472.0,355.0,384.0,303.0,355.0,300.0,370.0,410.0,442.0,407.0,622.0,686.0,988.0,710.0,437.0,530.0,674.0,604.0,628.0
2494,20251006,0,512.0,373.0,370.0,367.0,372.0,483.0,400.0,525.0,546.0,509.0,604.0,700.0,569.0,676.0,472.0,587.0,586.0,504.0,652.0
2495,20250313,0,502.0,386.0,439.0,402.0,346.0,369.0,427.0,377.0,524.0,479.0,587.0,590.0,874.0,687.0,460.0,560.0,552.0,527.0,567.0
2496,20250411,0,524.0,470.0,524.0,475.0,467.0,407.0,471.0,472.0,389.0,519.0,530.0,531.0,735.0,676.0,471.0,605.0,553.0,554.0,599.0
2497,20251019,0,507.0,438.0,402.0,440.0,382.0,418.0,448.0,424.0,422.0,496.0,577.0,648.0,428.0,693.0,536.0,557.0,523.0,468.0,540.0
2498,20250317,0,526.0,469.0,496.0,521.0,460.0,435.0,482.0,772.0,610.0,487.0,558.0,584.0,606.0,695.0,491.0,668.0,444.0,555.0,526.0
2499,20250815,0,517.0,368.0,354.0,381.0,361.0,425.0,430.0,516.0,454.0,531.0,603.0,678.0,398.0,681.0,489.0,559.0,445.0,411.0,525.0
2500,20250811,0,502.0,372.0,451.0,472.0,336.0,388.0,437.0,218.0,479.0,475.0,560.0,653.0,934.0,692.0,437.0,555.0,577.0,546.0,634.0
2501,20250403,0,520.0,396.0,406.0,425.0,348.0,399.0,437.0,688.0,434.0,474.0,576.0,663.0,848.0,684.0,484.0,651.0,618.0,505.0,648.0
2502,20251016,0,482.0,351.0,413.0,300.0,329.0,317.0,384.0,468.0,497.0,405.0,609.0,696.0,953.0,714.0,434.0,523.0,596.0,609.0,603.0
2503,20250319,0,531.0,424.0,457.0,532.0,403.0,503.0,451.0,608.0,351.0,547.0,562.0,638.0,630.0,663.0,488.0,671.0,581.0,486.0,649.0
2504,20250828,0,523.0,349.0,408.0,300.0,352.0,317.0,415.0,416.0,476.0,356.0,622.0,670.0,989.0,725.0,428.0,533.0,608.0,608.0,592.0
2505,20251101,0,494.0,385.0,423.0,314.0,349.0,386.0,409.0,468.0,507.0,449.0,600.0,691.0,910.0,689.0,481.0,512.0,558.0,538.0,635.0
2506,20250729,0,485.0,394.0,357.0,379.0,358.0,440.0,396.0,247.0,334.0,431.0,588.0,700.0,873.0,696.0,471.0,409.0,614.0,573.0,626.0
2507,20250411,0,512.0,412.0,409.0,460.0,333.0,372.0,450.0,392.0,421.0,488.0,574.0,646.0,802.0,691.0,472.0,581.0,576.0,507.0,609.0
2508,20250628,0,526.0,347.0,312.0,303.0,327.0,319.0,359.0,478.0,466.0,428.0,608.0,646.0,983.0,718.0,456.0,540.0,651.0,602.0,647.0
2509,20250306,0,524.0,421.0,491.0,485.0,388.0,447.0,457.0,624.0,691.0,529.0,525.0,619.0,774.0,680.0,482.0,616.0,638.0,538.0,661.0
2510,20250506,0,523.0,439.0,560.0,598.0,398.0,440.0,451.0,623.0,687.0,499.0,534.0,570.0,583.0,676.0,484.0,580.0,522.0,513.0,601.0
2511,20250907,0,494.0,411.0,301.0,334.0,338.0,406.0,404.0,483.0,356.0,455.0,600.0,658.0,847.0,691.0,483.0,542.0,543.0,494.0,616.0
2512,20250422,0,519.0,372.0,504.0,350.0,372.0,396.0,431.0,661.0,543.0,497.0,596.0,654.0,664.0,692.0,467.0,657.0,607.0,563.0,637.0
2513,20250820,0,525.0,420.0,377.0,517.0,399.0,555.0,442.0,534.0,461.0,545.0,533.0,582.0,476.0,657.0,489.0,583.0,524.0,415.0,563.0
2514,20251012,0,520.0,401.0,448.0,592.0,374.0,535.0,444.0,591.0,386.0,538.0,552.0,695.0,522.0,665.0,486.0,586.0,571.0,469.0,646.0
2515,20250904,0,486.0,387.0,312.0,355.0,335.0,304.0,412.0,421.0,432.0,420.0,605.0,684.0,959.0,702.0,481.0,564.0,561.0,594.0,631.0
2516,20250926,0,525.0,407.0,537.0,569.0,399.0,496.0,483.0,718.0,469.0,516.0,527.0,689.0,496.0,673.0,486.0,604.0,530.0,519.0,580.0
2517,20250731,0,506.0,386.0,375.0,445.0,338.0,377.0,434.0,398.0,437.0,451.0,571.0,663.0,675.0,693.0,469.0,558.0,593.0,539.0,630.0
2518,20250313,0,541.0,352.0,360.0,303.0,353.0,349.0,379.0,472.0,485.0,487.0,610.0,649.0,820.0,686.0,464.0,576.0,652.0,586.0,651.0
2519,20250929,0,515.0,409.0,496.0,528.0,392.0,507.0,468.0,608.0,624.0,526.0,552.0,646.0,243.0,677.0,480.0,632.0,512.0,508.0,631.0
2520,20250627,0,527.0,427.0,530.0,591.0,427.0,510.0,460.0,427.0,460.0,561.0,540.0,593.0,468.0,664.0,502.0,588.0,498.0,495.0,620.0
2521,20250313,0,495.0,377.0,433.0,380.0,343.0,374.0,416.0,451.0,610.0,486.0,581.0,602.0,969.0,707.0,441.0,551.0,648.0,575.0,647.0
2522,20251003,0,494.0,398.0,409.0,482.0,334.0,380.0,438.0,449.0,557.0,456.0,563.0,626.0,947.0,707.0,426.0,606.0,615.0,590.0,645.0
2523,20251026,0,499.0,410.0,423.0,462.0,328.0,403.0,432.0,411.0,262.0,469.0,583.0,684.0,826.0,687.0,476.0,540.0,610.0,512.0,625.0
2524,20250602,0,508.0,372.0,429.0,585.0,376.0,435.0,432.0,480.0,440.0,458.0,560.0,674.0,572.0,686.0,476.0,630.0,567.0,506.0,640.0
2525,20250720,0,516.0,487.0,382.0,451.0,423.0,513.0,473.0,578.0,244.0,507.0,569.0,700.0,248.0,692.0,485.0,548.0,540.0,500.0,583.0
2526,20250504,0,517.0,418.0,321.0,467.0,377.0,504.0,425.0,360.0,276.0,543.0,562.0,677.0,870.0,667.0,479.0,476.0,604.0,544.0,640.0
2527,20250806,0,535.0,415.0,384.0,314.0,335.0,365.0,450.0,429.0,405.0,431.0,595.0,677.0,902.0,705.0,464.0,602.0,601.0,559.0,637.0
2528,20250311,0,527.0,407.0,322.0,516.0,410.0,517.0,382.0,398.0,330.0,509.0,547.0,600.0,316.0,691.0,486.0,488.0,554.0,527.0,617.0
2529,20250719,0,524.0,357.0,426.0,324.0,324.0,304.0,414.0,435.0,387.0,482.0,607.0,677.0,906.0,692.0,466.0,610.0,593.0,576.0,648.0
2530,20250607,0,529.0,425.0,421.0,515.0,383.0,561.0,392.0,497.0,366.0,523.0,556.0,700.0,596.0,673.0,483.0,551.0,572.0,494.0,641.0
2531,20251111,0,510.0,380.0,301.0,307.0,327.0,315.0,372.0,356.0,538.0,489.0,611.0,686.0,886.0,687.0,467.0,488.0,579.0,505.0,646.0
2532,20251101,0,526.0,401.0,462.0,539.0,401.0,564.0,470.0,526.0,389.0,539.0,523.0,694.0,360.0,661.0,481.0,607.0,565.0,415.0,643.0
2533,20251013,0,556.0,431.0,471.0,416.0,381.0,444.0,457.0,562.0,563.0,519.0,578.0,607.0,107.0,684.0,512.0,615.0,372.0,505.0,507.0
2534,20250816,0,506.0,426.0,322.0,491.0,371.0,480.0,391.0,404.0,354.0,474.0,574.0,700.0,538.0,692.0,481.0,523.0,503.0,465.0,568.0
2535,20250917,0,548.0,451.0,488.0,645.0,445.0,567.0,493.0,666.0,333.0,561.0,539.0,666.0,309.0,658.0,504.0,693.0,576.0,497.0,620.0
2536,20250905,0,523.0,396.0,408.0,359.0,324.0,366.0,442.0,570.0,412.0,539.0,592.0,684.0,859.0,681.0,464.0,616.0,591.0,528.0,627.0
2537,20251101,0,493.0,409.0,457.0,478.0,374.0,442.0,454.0,540.0,393.0,450.0,563.0,654.0,760.0,687.0,485.0,597.0,562.0,518.0,602.0
2538,20251103,0,562.0,444.0,476.0,528.0,564.0,463.0,500.0,634.0,453.0,568.0,527.0,506.0,214.0,693.0,536.0,599.0,415.0,524.0,524.0
2539,20250628,0,517.0,399.0,417.0,592.0,386.0,527.0,466.0,536.0,377.0,515.0,550.0,671.0,723.0,672.0,479.0,578.0,568.0,463.0,645.0
2540,20251101,0,495.0,371.0,312.0,303.0,333.0,317.0,385.0,313.0,418.0,404.0,629.0,683.0,975.0,706.0,459.0,398.0,640.0,577.0,647.0
2541,20250320,0,574.0,435.0,364.0,454.0,433.0,481.0,493.0,580.0,256.0,553.0,564.0,689.0,745.0,653.0,465.0,564.0,610.0,578.0,654.0
2542,20250428,0,515.0,404.0,379.0,474.0,394.0,549.0,447.0,488.0,377.0,533.0,541.0,700.0,700.0,676.0,488.0,601.0,551.0,424.0,643.0
2543,20250915,0,538.0,486.0,350.0,448.0,413.0,544.0,473.0,523.0,322.0,566.0,578.0,689.0,169.0,653.0,512.0,607.0,431.0,427.0,503.0
2544,20250412,0,513.0,410.0,457.0,391.0,335.0,361.0,421.0,483.0,438.0,484.0,586.0,614.0,956.0,703.0,441.0,622.0,640.0,575.0,594.0
2545,20250513,0,518.0,393.0,322.0,503.0,383.0,542.0,400.0,568.0,528.0,508.0,566.0,637.0,787.0,676.0,488.0,584.0,607.0,481.0,645.0
2546,20250806,0,546.0,400.0,526.0,507.0,376.0,416.0,451.0,573.0,512.0,503.0,547.0,654.0,954.0,691.0,459.0,606.0,670.0,590.0,620.0
2547,20250901,0,484.0,419.0,365.0,339.0,330.0,338.0,431.0,387.0,354.0,447.0,600.0,677.0,900.0,685.0,482.0,557.0,637.0,540.0,625.0
2548,20250410,0,526.0,374.0,448.0,396.0,339.0,376.0,414.0,436.0,439.0,479.0,583.0,667.0,898.0,694.0,464.0,595.0,581.0,538.0,623.0
2549,20251105,0,590.0,461.0,563.0,485.0,486.0,492.0,482.0,567.0,356.0,606.0,540.0,623.0,583.0,676.0,544.0,572.0,480.0,519.0,577.0
2550,20251002,0,512.0,372.0,426.0,333.0,329.0,361.0,385.0,417.0,438.0,401.0,594.0,681.0,985.0,702.0,438.0,573.0,623.0,606.0,661.0
2551,20250408,0,523.0,398.0,380.0,485.0,361.0,492.0,471.0,386.0,390.0,550.0,550.0,675.0,556.0,671.0,504.0,578.0,558.0,453.0,650.0
2552,20251007,0,508.0,419.0,379.0,512.0,371.0,496.0,404.0,286.0,420.0,527.0,547.0,700.0,828.0,677.0,471.0,531.0,564.0,511.0,635.0
2553,20250826,0,505.0,437.0,400.0,416.0,335.0,390.0,442.0,614.0,370.0,459.0,576.0,653.0,628.0,689.0,467.0,644.0,629.0,491.0,642.0
2554,20251012,0,488.0,422.0,421.0,507.0,360.0,458.0,436.0,453.0,380.0,467.0,574.0,685.0,564.0,690.0,484.0,598.0,534.0,483.0,548.0
2555,20250908,0,530.0,395.0,473.0,485.0,379.0,453.0,454.0,467.0,418.0,485.0,540.0,667.0,731.0,678.0,450.0,574.0,591.0,523.0,629.0
2556,20251104,0,509.0,446.0,530.0,530.0,402.0,558.0,465.0,729.0,509.0,513.0,534.0,658.0,326.0,669.0,497.0,631.0,511.0,475.0,583.0
2557,20251013,0,473.0,393.0,331.0,334.0,317.0,379.0,370.0,263.0,441.0,416.0,592.0,680.0,968.0,697.0,450.0,454.0,680.0,592.0,640.0
2558,20250717,0,520.0,406.0,485.0,512.0,373.0,490.0,437.0,579.0,408.0,520.0,566.0,687.0,574.0,682.0,478.0,575.0,530.0,515.0,596.0
2559,20250619,0,,,,,,,,,,,,,,,,,,,
2560,20250707,0,535.0,523.0,391.0,475.0,445.0,654.0,511.0,509.0,350.0,560.0,506.0,700.0,171.0,653.0,494.0,569.0,529.0,400.0,640.0
2561,20250306,0,482.0,390.0,409.0,438.0,359.0,453.0,406.0,438.0,483.0,460.0,579.0,675.0,745.0,690.0,481.0,505.0,562.0,492.0,626.0
2562,20250604,0,526.0,351.0,410.0,300.0,324.0,334.0,395.0,333.0,409.0,466.0,615.0,642.0,978.0,700.0,429.0,458.0,662.0,602.0,649.0
2563,20251031,0,513.0,435.0,421.0,511.0,377.0,496.0,439.0,508.0,403.0,516.0,564.0,695.0,391.0,667.0,499.0,543.0,497.0,462.0,503.0
2564,20251002,0,510.0,406.0,428.0,449.0,333.0,362.0,440.0,366.0,405.0,450.0,573.0,668.0,909.0,689.0,460.0,595.0,590.0,552.0,640.0
2565,20251008,0,533.0,430.0,417.0,517.0,451.0,560.0,438.0,466.0,363.0,554.0,550.0,700.0,334.0,652.0,495.0,575.0,613.0,469.0,645.0
2566,20250402,0,534.0,454.0,530.0,648.0,439.0,556.0,501.0,515.0,480.0,576.0,534.0,618.0,88.0,669.0,500.0,634.0,490.0,441.0,600.0
2567,20251008,0,477.0,390.0,300.0,353.0,345.0,361.0,364.0,382.0,461.0,436.0,632.0,668.0,501.0,694.0,474.0,498.0,536.0,508.0,575.0
2568,20250911,0,531.0,448.0,435.0,521.0,389.0,545.0,456.0,767.0,366.0,510.0,554.0,680.0,130.0,672.0,496.0,641.0,547.0,492.0,628.0
2569,20250807,0,504.0,430.0,446.0,458.0,363.0,398.0,428.0,516.0,381.0,448.0,567.0,644.0,839.0,689.0,448.0,617.0,607.0,514.0,615.0
2570,20251101,0,500.0,392.0,342.0,328.0,353.0,391.0,389.0,418.0,400.0,458.0,598.0,671.0,649.0,684.0,480.0,522.0,602.0,546.0,617.0
2571,20250805,0,512.0,400.0,448.0,397.0,318.0,349.0,429.0,377.0,367.0,450.0,587.0,682.0,834.0,706.0,448.0,622.0,610.0,553.0,645.0
2572,20251112,0,564.0,453.0,490.0,549.0,412.0,403.0,490.0,497.0,460.0,585.0,550.0,611.0,533.0,677.0,480.0,582.0,438.0,477.0,549.0
2573,20251101,0,554.0,420.0,468.0,401.0,381.0,369.0,460.0,564.0,438.0,544.0,589.0,641.0,688.0,701.0,504.0,597.0,362.0,529.0,503.0
2574,20251006,0,531.0,415.0,405.0,509.0,385.0,542.0,448.0,546.0,301.0,579.0,571.0,694.0,248.0,652.0,493.0,604.0,521.0,438.0,640.0
2575,20250317,0,506.0,377.0,426.0,331.0,327.0,329.0,422.0,391.0,379.0,475.0,603.0,672.0,966.0,701.0,454.0,555.0,598.0,535.0,626.0
2576,20250713,0,521.0,359.0,448.0,395.0,335.0,361.0,459.0,455.0,411.0,433.0,586.0,671.0,980.0,701.0,437.0,606.0,623.0,601.0,637.0
2577,20250910,0,523.0,380.0,436.0,471.0,382.0,513.0,421.0,550.0,445.0,467.0,570.0,693.0,501.0,682.0,485.0,608.0,602.0,490.0,652.0
2578,20251108,0,490.0,377.0,331.0,360.0,350.0,356.0,381.0,426.0,376.0,457.0,606.0,663.0,878.0,690.0,473.0,473.0,596.0,490.0,645.0
2579,20250327,0,477.0,426.0,322.0,456.0,365.0,448.0,472.0,516.0,225.0,454.0,569.0,675.0,785.0,686.0,486.0,540.0,443.0,503.0,532.0
2580,20250915,0,513.0,413.0,352.0,497.0,368.0,529.0,426.0,371.0,380.0,515.0,570.0,700.0,401.0,678.0,476.0,534.0,573.0,491.0,635.0
2581,20250919,0,521.0,421.0,322.0,435.0,354.0,477.0,420.0,494.0,414.0,487.0,587.0,673.0,445.0,684.0,489.0,509.0,588.0,471.0,648.0
2582,20251015,0,507.0,432.0,402.0,392.0,408.0,481.0,429.0,386.0,366.0,441.0,577.0,682.0,357.0,702.0,496.0,515.0,369.0,536.0,359.0
2583,20250617,0,521.0,456.0,450.0,493.0,373.0,472.0,482.0,687.0,326.0,520.0,554.0,669.0,620.0,681.0,453.0,670.0,571.0,510.0,522.0
2584,20250407,0,511.0,429.0,475.0,538.0,415.0,492.0,491.0,693.0,381.0,542.0,535.0,662.0,686.0,672.0,485.0,683.0,550.0,523.0,637.0
2585,20250404,0,516.0,362.0,426.0,327.0,326.0,339.0,421.0,622.0,580.0,486.0,600.0,678.0,938.0,689.0,474.0,624.0,582.0,517.0,649.0
2586,20251113,0,500.0,337.0,436.0,303.0,330.0,300.0,403.0,446.0,413.0,461.0,608.0,680.0,941.0,711.0,444.0,504.0,590.0,543.0,557.0
2587,20250829,0,528.0,415.0,393.0,535.0,413.0,593.0,438.0,578.0,368.0,550.0,546.0,700.0,370.0,664.0,491.0,598.0,548.0,474.0,572.0
2588,20251005,0,518.0,412.0,526.0,469.0,335.0,397.0,446.0,505.0,508.0,484.0,570.0,667.0,889.0,700.0,465.0,626.0,575.0,574.0,619.0
2589,20251110,0,530.0,443.0,563.0,570.0,451.0,418.0,481.0,599.0,456.0,493.0,542.0,567.0,523.0,698.0,482.0,620.0,503.0,539.0,563.0
2590,20251005,0,483.0,404.0,418.0,541.0,351.0,440.0,431.0,603.0,387.0,451.0,557.0,687.0,599.0,690.0,455.0,657.0,592.0,534.0,611.0
2591,20251008,0,511.0,420.0,445.0,474.0,365.0,456.0,438.0,450.0,409.0,485.0,551.0,690.0,872.0,679.0,439.0,598.0,550.0,493.0,590.0
2592,20251015,0,529.0,403.0,385.0,451.0,367.0,488.0,415.0,446.0,404.0,526.0,588.0,690.0,476.0,674.0,480.0,546.0,584.0,524.0,642.0
2593,20250409,0,538.0,371.0,331.0,311.0,356.0,356.0,380.0,393.0,418.0,531.0,607.0,610.0,834.0,685.0,453.0,436.0,615.0,576.0,658.0
2594,20250910,0,545.0,456.0,463.0,634.0,432.0,582.0,493.0,805.0,392.0,564.0,527.0,685.0,270.0,664.0,497.0,712.0,509.0,481.0,561.0
2595,20250526,0,495.0,381.0,382.0,437.0,327.0,408.0,414.0,342.0,359.0,485.0,584.0,656.0,756.0,684.0,471.0,505.0,581.0,529.0,649.0
2596,20251104,0,494.0,369.0,354.0,316.0,330.0,300.0,385.0,414.0,396.0,475.0,623.0,681.0,964.0,709.0,462.0,462.0,587.0,524.0,608.0
2597,20251009,0,533.0,468.0,496.0,520.0,383.0,424.0,473.0,556.0,420.0,500.0,553.0,649.0,604.0,704.0,445.0,671.0,332.0,570.0,472.0
2598,20250428,0,521.0,404.0,312.0,397.0,357.0,449.0,419.0,380.0,425.0,465.0,589.0,687.0,692.0,683.0,476.0,544.0,572.0,505.0,613.0
2599,20250428,0,523.0,432.0,435.0,343.0,348.0,371.0,460.0,603.0,511.0,485.0,592.0,623.0,929.0,710.0,449.0,621.0,643.0,585.0,651.0
2600,20250711,0,498.0,361.0,331.0,315.0,319.0,322.0,356.0,348.0,440.0,461.0,613.0,700.0,938.0,685.0,449.0,464.0,603.0,554.0,641.0
2601,20251018,0,506.0,392.0,300.0,321.0,353.0,374.0,416.0,473.0,395.0,488.0,609.0,689.0,861.0,683.0,488.0,519.0,560.0,484.0,640.0
2602,20250428,0,532.0,409.0,301.0,327.0,349.0,400.0,409.0,471.0,347.0,492.0,594.0,636.0,744.0,678.0,461.0,487.0,616.0,579.0,640.0
2603,20250715,0,531.0,395.0,370.0,503.0,391.0,565.0,419.0,518.0,458.0,563.0,566.0,677.0,462.0,663.0,500.0,528.0,510.0,427.0,581.0
2604,20250809,0,551.0,427.0,512.0,497.0,431.0,559.0,480.0,589.0,353.0,578.0,550.0,658.0,454.0,669.0,488.0,587.0,532.0,509.0,617.0
2605,20251027,0,464.0,384.0,475.0,304.0,339.0,317.0,416.0,399.0,382.0,403.0,613.0,670.0,977.0,719.0,433.0,577.0,592.0,607.0,639.0
2606,20250428,0,500.0,418.0,321.0,493.0,381.0,461.0,460.0,472.0,279.0,487.0,571.0,700.0,718.0,674.0,489.0,533.0,567.0,441.0,645.0
2607,20250711,0,523.0,382.0,439.0,396.0,327.0,376.0,441.0,442.0,450.0,430.0,584.0,669.0,950.0,699.0,441.0,603.0,628.0,584.0,655.0
2608,20250423,0,540.0,426.0,491.0,504.0,412.0,469.0,464.0,659.0,546.0,561.0,542.0,649.0,709.0,668.0,476.0,638.0,591.0,510.0,647.0
2609,20250304,0,524.0,400.0,350.0,519.0,375.0,591.0,405.0,371.0,280.0,521.0,558.0,677.0,440.0,673.0,489.0,558.0,553.0,477.0,662.0
2610,20250401,0,554.0,551.0,451.0,517.0,504.0,668.0,532.0,526.0,253.0,560.0,498.0,600.0,300.0,649.0,521.0,621.0,578.0,390.0,626.0
2611,20250602,0,531.0,430.0,424.0,576.0,403.0,546.0,453.0,686.0,362.0,535.0,548.0,692.0,567.0,661.0,495.0,632.0,533.0,433.0,640.0
2612,20250721,0,480.0,374.0,301.0,317.0,318.0,369.0,381.0,275.0,526.0,444.0,602.0,682.0,975.0,695.0,459.0,446.0,611.0,537.0,634.0
2613,20250728,0,515.0,548.0,370.0,415.0,442.0,485.0,510.0,588.0,316.0,520.0,584.0,700.0,641.0,671.0,481.0,621.0,601.0,484.0,645.0
2614,20250910,0,502.0,385.0,408.0,330.0,325.0,332.0,421.0,448.0,470.0,480.0,599.0,678.0,886.0,697.0,470.0,644.0,624.0,547.0,641.0
2615,20250901,0,524.0,415.0,301.0,373.0,356.0,514.0,420.0,609.0,484.0,502.0,597.0,633.0,601.0,672.0,493.0,560.0,558.0,464.0,645.0
2616,20250613,0,508.0,374.0,334.0,469.0,357.0,426.0,384.0,232.0,376.0,480.0,552.0,566.0,922.0,685.0,448.0,475.0,622.0,532.0,637.0
2617,20250528,0,508.0,410.0,331.0,373.0,335.0,376.0,391.0,479.0,424.0,458.0,597.0,678.0,701.0,689.0,480.0,557.0,553.0,539.0,621.0
2618,20251025,0,525.0,438.0,381.0,469.0,393.0,493.0,494.0,600.0,325.0,534.0,553.0,673.0,540.0,669.0,477.0,576.0,554.0,509.0,625.0
2619,20251129,0,486.0,378.0,372.0,313.0,312.0,339.0,380.0,543.0,522.0,412.0,598.0,689.0,971.0,712.0,482.0,557.0,641.0,589.0,646.0
2620,20250428,0,566.0,389.0,530.0,530.0,444.0,466.0,472.0,518.0,378.0,537.0,542.0,639.0,672.0,678.0,493.0,646.0,432.0,586.0,531.0
2621,20250417,0,527.0,438.0,368.0,475.0,418.0,576.0,454.0,306.0,270.0,530.0,498.0,700.0,695.0,637.0,485.0,523.0,549.0,445.0,645.0
2622,20250807,0,504.0,419.0,312.0,393.0,338.0,501.0,384.0,410.0,409.0,527.0,591.0,700.0,687.0,674.0,474.0,521.0,538.0,465.0,639.0
2623,20250318,0,499.0,355.0,436.0,300.0,343.0,300.0,380.0,429.0,476.0,432.0,607.0,641.0,968.0,709.0,453.0,493.0,597.0,599.0,628.0
2624,20250818,0,534.0,398.0,457.0,465.0,347.0,428.0,426.0,532.0,560.0,509.0,562.0,623.0,415.0,684.0,473.0,632.0,613.0,592.0,643.0
2625,20250706,0,547.0,470.0,521.0,590.0,434.0,607.0,488.0,608.0,335.0,573.0,515.0,685.0,167.0,650.0,494.0,618.0,462.0,433.0,570.0
2626,20250712,0,598.0,431.0,490.0,584.0,410.0,475.0,468.0,678.0,452.0,583.0,551.0,622.0,396.0,691.0,501.0,649.0,447.0,443.0,510.0
2627,20251030,0,529.0,434.0,465.0,498.0,379.0,463.0,451.0,540.0,225.0,493.0,589.0,688.0,243.0,680.0,502.0,621.0,583.0,494.0,582.0
2628,20250528,0,500.0,377.0,322.0,465.0,354.0,449.0,401.0,476.0,505.0,474.0,575.0,623.0,423.0,690.0,504.0,508.0,468.0,463.0,457.0
2629,20250403,0,484.0,420.0,376.0,386.0,369.0,365.0,443.0,467.0,464.0,486.0,583.0,664.0,955.0,711.0,496.0,606.0,430.0,543.0,537.0
2630,20251027,0,495.0,386.0,324.0,329.0,338.0,397.0,376.0,496.0,504.0,457.0,601.0,700.0,817.0,691.0,467.0,549.0,582.0,475.0,646.0
2631,20250502,0,,,,,,,,,,,,,,,,,,,
2632,20250817,0,464.0,390.0,436.0,355.0,320.0,344.0,377.0,397.0,442.0,398.0,594.0,632.0,990.0,721.0,430.0,613.0,627.0,562.0,609.0
2633,20250413,0,497.0,402.0,496.0,434.0,342.0,347.0,439.0,460.0,427.0,485.0,575.0,645.0,803.0,705.0,480.0,620.0,555.0,538.0,610.0
2634,20251029,0,488.0,377.0,417.0,403.0,328.0,344.0,433.0,470.0,471.0,438.0,581.0,653.0,869.0,693.0,458.0,584.0,552.0,514.0,602.0
2635,20250716,0,478.0,364.0,301.0,312.0,322.0,320.0,412.0,468.0,548.0,417.0,633.0,644.0,911.0,706.0,483.0,624.0,635.0,561.0,626.0
2636,20250612,0,567.0,691.0,443.0,474.0,487.0,446.0,686.0,427.0,227.0,576.0,332.0,300.0,58.0,649.0,496.0,571.0,567.0,275.0,645.0
2637,20251010,0,480.0,401.0,301.0,324.0,338.0,354.0,409.0,305.0,420.0,450.0,594.0,613.0,946.0,688.0,469.0,512.0,633.0,544.0,643.0
2638,20250318,0,510.0,430.0,352.0,468.0,420.0,539.0,444.0,659.0,369.0,486.0,558.0,689.0,804.0,687.0,493.0,580.0,596.0,514.0,605.0
2639,20251009,0,526.0,425.0,532.0,621.0,381.0,438.0,455.0,684.0,523.0,514.0,537.0,686.0,702.0,670.0,477.0,620.0,594.0,504.0,653.0
2640,20250704,0,503.0,407.0,383.0,440.0,362.0,444.0,436.0,384.0,353.0,482.0,585.0,651.0,709.0,691.0,467.0,562.0,553.0,511.0,644.0
2641,20250928,0,497.0,409.0,364.0,390.0,324.0,420.0,411.0,428.0,414.0,463.0,583.0,700.0,910.0,691.0,445.0,492.0,570.0,473.0,658.0
2642,20250620,0,510.0,415.0,301.0,392.0,334.0,398.0,388.0,364.0,256.0,458.0,593.0,663.0,923.0,693.0,475.0,463.0,585.0,522.0,647.0
2643,20250306,0,524.0,419.0,321.0,458.0,376.0,580.0,420.0,461.0,375.0,522.0,568.0,700.0,463.0,673.0,491.0,586.0,541.0,415.0,589.0
2644,20251020,0,512.0,426.0,448.0,504.0,363.0,442.0,455.0,531.0,373.0,456.0,583.0,684.0,776.0,692.0,483.0,646.0,604.0,522.0,639.0
2645,20250611,0,493.0,413.0,374.0,452.0,324.0,354.0,418.0,510.0,384.0,465.0,579.0,685.0,826.0,687.0,483.0,560.0,503.0,496.0,573.0
2646,20251004,0,512.0,371.0,448.0,396.0,315.0,373.0,408.0,289.0,418.0,430.0,584.0,691.0,942.0,715.0,444.0,558.0,586.0,588.0,628.0
2647,20251102,0,494.0,417.0,334.0,437.0,351.0,425.0,379.0,244.0,425.0,467.0,586.0,600.0,785.0,687.0,477.0,506.0,540.0,520.0,618.0
2648,20250925,0,532.0,382.0,448.0,407.0,322.0,352.0,433.0,631.0,460.0,485.0,584.0,692.0,927.0,687.0,450.0,603.0,614.0,545.0,619.0
2649,20250522,0,502.0,395.0,334.0,458.0,358.0,421.0,390.0,303.0,479.0,489.0,576.0,700.0,905.0,684.0,474.0,506.0,614.0,482.0,652.0
2650,20250930,0,500.0,387.0,301.0,394.0,322.0,376.0,418.0,388.0,324.0,471.0,590.0,689.0,941.0,687.0,487.0,451.0,607.0,556.0,637.0
2651,20251103,0,553.0,394.0,433.0,459.0,374.0,457.0,420.0,532.0,417.0,509.0,561.0,668.0,865.0,683.0,486.0,586.0,592.0,536.0,639.0
2652,20250715,0,525.0,454.0,488.0,516.0,387.0,555.0,443.0,623.0,373.0,546.0,549.0,652.0,413.0,683.0,532.0,582.0,583.0,534.0,619.0
2653,20250829,0,441.0,341.0,312.0,303.0,320.0,315.0,358.0,257.0,443.0,392.0,642.0,692.0,979.0,717.0,432.0,442.0,643.0,599.0,647.0
2654,20250530,0,517.0,390.0,503.0,474.0,411.0,555.0,448.0,446.0,329.0,519.0,552.0,673.0,379.0,670.0,515.0,579.0,565.0,431.0,589.0
2655,20251108,0,492.0,420.0,406.0,446.0,339.0,393.0,414.0,503.0,385.0,471.0,573.0,692.0,838.0,687.0,486.0,560.0,549.0,499.0,656.0
2656,20250713,0,504.0,444.0,496.0,524.0,350.0,383.0,443.0,668.0,571.0,495.0,570.0,609.0,783.0,693.0,450.0,630.0,577.0,526.0,596.0
2657,20250523,0,525.0,428.0,560.0,597.0,400.0,472.0,475.0,656.0,539.0,519.0,544.0,624.0,421.0,682.0,484.0,612.0,499.0,422.0,466.0
2658,20250430,0,523.0,447.0,396.0,561.0,423.0,599.0,431.0,305.0,273.0,551.0,504.0,700.0,258.0,641.0,491.0,552.0,465.0,479.0,637.0
2659,20250512,0,521.0,466.0,343.0,511.0,488.0,618.0,504.0,526.0,345.0,528.0,559.0,566.0,482.0,663.0,499.0,611.0,540.0,453.0,644.0
2660,20250513,0,535.0,384.0,364.0,398.0,363.0,407.0,422.0,494.0,530.0,441.0,585.0,657.0,909.0,687.0,444.0,564.0,588.0,584.0,632.0
2661,20250918,0,499.0,416.0,486.0,364.0,327.0,394.0,459.0,573.0,391.0,439.0,591.0,666.0,945.0,694.0,445.0,651.0,610.0,571.0,642.0
2662,20250509,0,511.0,378.0,530.0,572.0,415.0,459.0,467.0,578.0,572.0,495.0,528.0,601.0,434.0,681.0,480.0,579.0,580.0,549.0,605.0
2663,20250625,0,534.0,378.0,436.0,342.0,347.0,400.0,445.0,538.0,406.0,530.0,599.0,680.0,804.0,674.0,478.0,647.0,602.0,534.0,633.0
2664,20250506,0,497.0,396.0,408.0,371.0,320.0,388.0,427.0,607.0,447.0,452.0,596.0,675.0,898.0,693.0,454.0,672.0,608.0,533.0,651.0
2665,20251102,0,521.0,412.0,457.0,461.0,376.0,405.0,462.0,653.0,529.0,525.0,588.0,657.0,632.0,693.0,485.0,651.0,451.0,516.0,542.0
2666,20251109,0,484.0,379.0,301.0,324.0,333.0,381.0,377.0,330.0,487.0,424.0,599.0,700.0,860.0,695.0,472.0,495.0,585.0,511.0,598.0
2667,20250420,0,528.0,423.0,451.0,552.0,447.0,553.0,488.0,541.0,399.0,505.0,551.0,655.0,642.0,664.0,502.0,632.0,566.0,452.0,643.0
2668,20251015,0,489.0,401.0,312.0,384.0,359.0,407.0,405.0,365.0,387.0,473.0,601.0,678.0,877.0,688.0,488.0,531.0,581.0,470.0,641.0
2669,20250707,0,537.0,415.0,354.0,351.0,342.0,381.0,411.0,584.0,417.0,515.0,593.0,666.0,830.0,682.0,468.0,594.0,602.0,526.0,632.0
2670,20250926,0,512.0,405.0,439.0,497.0,345.0,459.0,440.0,513.0,624.0,451.0,554.0,671.0,634.0,687.0,491.0,604.0,566.0,501.0,617.0
2671,20251102,0,484.0,408.0,370.0,373.0,340.0,426.0,408.0,337.0,485.0,446.0,597.0,692.0,890.0,699.0,474.0,516.0,557.0,556.0,585.0
2672,20250626,0,521.0,416.0,400.0,521.0,407.0,548.0,433.0,513.0,428.0,534.0,556.0,676.0,333.0,685.0,497.0,531.0,519.0,459.0,545.0
2673,20250722,0,523.0,384.0,457.0,397.0,350.0,366.0,441.0,547.0,546.0,484.0,579.0,673.0,932.0,698.0,462.0,611.0,605.0,609.0,638.0
2674,20251009,0,534.0,457.0,473.0,538.0,420.0,407.0,497.0,604.0,463.0,547.0,534.0,652.0,746.0,684.0,498.0,632.0,568.0,581.0,632.0
2675,20250321,0,488.0,401.0,405.0,334.0,369.0,331.0,429.0,488.0,523.0,467.0,601.0,597.0,851.0,704.0,469.0,550.0,545.0,537.0,597.0
2676,20250824,0,538.0,435.0,519.0,594.0,380.0,505.0,471.0,705.0,463.0,556.0,517.0,651.0,341.0,669.0,488.0,648.0,608.0,510.0,636.0
2677,20250805,0,493.0,386.0,331.0,316.0,341.0,367.0,392.0,325.0,431.0,450.0,609.0,700.0,919.0,688.0,482.0,487.0,587.0,509.0,640.0
2678,20251025,0,495.0,387.0,418.0,303.0,350.0,368.0,406.0,390.0,375.0,395.0,604.0,662.0,932.0,705.0,460.0,474.0,580.0,526.0,621.0
2679,20250823,0,532.0,395.0,429.0,503.0,385.0,507.0,472.0,633.0,432.0,502.0,551.0,681.0,863.0,667.0,508.0,638.0,593.0,495.0,646.0
2680,20250819,0,512.0,374.0,408.0,393.0,312.0,344.0,428.0,284.0,452.0,440.0,593.0,673.0,974.0,701.0,441.0,572.0,612.0,561.0,639.0
2681,20250603,0,535.0,438.0,352.0,505.0,385.0,495.0,442.0,672.0,371.0,518.0,562.0,657.0,215.0,680.0,513.0,599.0,519.0,451.0,568.0
2682,20250412,0,502.0,426.0,334.0,437.0,356.0,494.0,401.0,440.0,415.0,502.0,583.0,680.0,668.0,681.0,503.0,572.0,550.0,474.0,604.0
2683,20250310,0,521.0,401.0,491.0,588.0,410.0,429.0,468.0,589.0,530.0,511.0,532.0,579.0,393.0,683.0,477.0,608.0,620.0,494.0,659.0
2684,20250324,0,497.0,376.0,448.0,436.0,325.0,350.0,429.0,502.0,426.0,486.0,586.0,663.0,841.0,688.0,475.0,596.0,644.0,582.0,626.0
2685,20250622,0,529.0,398.0,427.0,516.0,398.0,508.0,440.0,574.0,409.0,522.0,539.0,688.0,716.0,674.0,481.0,578.0,602.0,504.0,638.0
2686,20251009,0,520.0,399.0,448.0,527.0,338.0,444.0,446.0,581.0,402.0,515.0,552.0,689.0,877.0,682.0,492.0,579.0,601.0,504.0,646.0
2687,20250914,0,548.0,472.0,518.0,471.0,368.0,434.0,480.0,743.0,506.0,586.0,551.0,648.0,556.0,672.0,472.0,621.0,580.0,556.0,636.0
2688,20250605,0,547.0,458.0,507.0,327.0,381.0,349.0,432.0,548.0,591.0,486.0,595.0,550.0,559.0,697.0,477.0,609.0,531.0,584.0,594.0
2689,20251016,0,491.0,389.0,346.0,407.0,327.0,418.0,399.0,362.0,520.0,451.0,582.0,700.0,842.0,688.0,478.0,557.0,593.0,510.0,645.0
2690,20251015,0,507.0,400.0,395.0,334.0,337.0,374.0,387.0,517.0,434.0,483.0,593.0,676.0,966.0,705.0,441.0,558.0,585.0,578.0,591.0
2691,20250715,0,526.0,447.0,457.0,472.0,364.0,408.0,465.0,661.0,398.0,540.0,562.0,631.0,805.0,699.0,448.0,664.0,612.0,553.0,610.0
2692,20250410,0,489.0,359.0,429.0,316.0,348.0,310.0,408.0,451.0,510.0,436.0,625.0,663.0,947.0,693.0,475.0,526.0,576.0,542.0,613.0
2693,20250411,0,491.0,401.0,334.0,333.0,339.0,372.0,406.0,457.0,482.0,431.0,594.0,629.0,882.0,695.0,473.0,567.0,627.0,537.0,635.0
2694,20250302,0,531.0,436.0,349.0,381.0,390.0,521.0,415.0,592.0,397.0,511.0,594.0,674.0,335.0,674.0,491.0,577.0,549.0,454.0,642.0
2695,20250917,0,498.0,389.0,475.0,306.0,378.0,347.0,407.0,439.0,535.0,446.0,614.0,631.0,993.0,721.0,466.0,616.0,606.0,577.0,618.0
2696,20250524,0,555.0,444.0,398.0,431.0,365.0,368.0,443.0,283.0,455.0,555.0,575.0,653.0,840.0,703.0,497.0,535.0,614.0,567.0,650.0
2697,20250702,0,533.0,432.0,482.0,492.0,376.0,469.0,471.0,505.0,323.0,509.0,529.0,670.0,778.0,672.0,459.0,581.0,572.0,531.0,643.0
2698,20251110,0,509.0,439.0,475.0,473.0,363.0,474.0,469.0,552.0,302.0,497.0,537.0,674.0,915.0,672.0,488.0,600.0,596.0,542.0,632.0
2699,20250803,0,475.0,351.0,378.0,307.0,327.0,319.0,421.0,462.0,432.0,425.0,607.0,687.0,938.0,703.0,434.0,586.0,661.0,584.0,651.0
2700,20250520,0,506.0,459.0,526.0,475.0,390.0,443.0,479.0,469.0,330.0,534.0,548.0,655.0,948.0,685.0,452.0,625.0,586.0,530.0,614.0
2701,20250530,0,542.0,415.0,412.0,455.0,394.0,512.0,472.0,541.0,376.0,519.0,571.0,678.0,567.0,649.0,490.0,611.0,544.0,437.0,645.0
2702,20250530,0,540.0,522.0,356.0,470.0,411.0,562.0,487.0,560.0,411.0,593.0,525.0,539.0,218.0,644.0,510.0,564.0,539.0,423.0,637.0
2703,20251004,0,532.0,445.0,423.0,525.0,396.0,533.0,470.0,375.0,367.0,521.0,483.0,700.0,676.0,663.0,491.0,578.0,554.0,464.0,637.0
2704,20250415,0,578.0,447.0,406.0,512.0,441.0,521.0,466.0,533.0,441.0,602.0,558.0,596.0,340.0,683.0,515.0,589.0,554.0,449.0,558.0
2705,20250627,0,,,,,,,,,,,,,,,,,,,
2706,20250307,0,535.0,434.0,605.0,522.0,428.0,538.0,476.0,641.0,357.0,549.0,533.0,639.0,538.0,676.0,490.0,606.0,601.0,501.0,631.0
2707,20250925,0,504.0,410.0,387.0,485.0,387.0,539.0,439.0,624.0,377.0,512.0,550.0,696.0,207.0,670.0,487.0,570.0,598.0,489.0,619.0
2708,20250428,0,518.0,403.0,530.0,594.0,400.0,475.0,453.0,486.0,408.0,524.0,511.0,665.0,547.0,671.0,472.0,623.0,588.0,522.0,629.0
2709,20250920,0,526.0,437.0,388.0,495.0,357.0,495.0,442.0,570.0,380.0,524.0,577.0,696.0,688.0,672.0,491.0,592.0,597.0,480.0,659.0
2710,20250901,0,509.0,401.0,370.0,387.0,355.0,461.0,407.0,322.0,314.0,447.0,589.0,690.0,820.0,689.0,470.0,452.0,583.0,543.0,611.0
2711,20251003,0,488.0,427.0,488.0,486.0,407.0,496.0,467.0,683.0,491.0,442.0,513.0,653.0,376.0,690.0,482.0,653.0,529.0,555.0,583.0
2712,20250824,0,521.0,404.0,446.0,442.0,349.0,363.0,418.0,400.0,398.0,448.0,572.0,636.0,914.0,692.0,436.0,562.0,648.0,577.0,643.0
2713,20251004,0,507.0,392.0,480.0,511.0,357.0,415.0,432.0,642.0,470.0,477.0,573.0,678.0,603.0,686.0,497.0,610.0,502.0,433.0,561.0
2714,20250625,0,521.0,395.0,457.0,467.0,361.0,420.0,429.0,491.0,518.0,484.0,552.0,639.0,891.0,688.0,434.0,589.0,601.0,543.0,641.0
2715,20250626,0,495.0,387.0,475.0,323.0,353.0,346.0,382.0,569.0,608.0,426.0,603.0,608.0,980.0,711.0,429.0,608.0,648.0,612.0,632.0
2716,20251005,0,521.0,553.0,355.0,466.0,502.0,630.0,528.0,461.0,190.0,539.0,534.0,700.0,284.0,650.0,496.0,588.0,519.0,422.0,631.0
2717,20250720,0,497.0,379.0,406.0,454.0,350.0,430.0,399.0,508.0,440.0,441.0,574.0,683.0,899.0,687.0,470.0,602.0,593.0,550.0,629.0
2718,20250728,0,545.0,370.0,457.0,400.0,339.0,361.0,410.0,638.0,701.0,489.0,583.0,622.0,934.0,685.0,454.0,596.0,648.0,594.0,641.0
2719,20250727,0,539.0,397.0,432.0,475.0,353.0,390.0,436.0,591.0,538.0,562.0,572.0,660.0,890.0,680.0,471.0,616.0,600.0,473.0,634.0
2720,20250906,0,500.0,419.0,409.0,605.0,353.0,393.0,453.0,311.0,378.0,493.0,556.0,670.0,937.0,685.0,439.0,663.0,623.0,567.0,621.0
2721,20251015,0,564.0,447.0,382.0,376.0,361.0,480.0,432.0,420.0,255.0,581.0,586.0,656.0,480.0,679.0,477.0,518.0,577.0,530.0,581.0
2722,20250406,0,541.0,408.0,491.0,533.0,376.0,408.0,444.0,549.0,587.0,549.0,524.0,615.0,851.0,671.0,451.0,559.0,582.0,526.0,644.0
2723,20250401,0,529.0,421.0,457.0,647.0,419.0,523.0,460.0,686.0,591.0,558.0,554.0,636.0,352.0,673.0,488.0,639.0,541.0,483.0,630.0
2724,20251014,0,507.0,410.0,496.0,497.0,344.0,414.0,462.0,678.0,658.0,481.0,558.0,671.0,878.0,687.0,441.0,653.0,530.0,522.0,590.0
2725,20250605,0,511.0,381.0,312.0,306.0,354.0,354.0,401.0,461.0,435.0,420.0,620.0,664.0,980.0,697.0,470.0,518.0,647.0,594.0,641.0
2726,20251022,0,550.0,440.0,475.0,504.0,424.0,552.0,484.0,779.0,460.0,542.0,519.0,682.0,155.0,659.0,533.0,637.0,566.0,521.0,603.0
2727,20251011,0,503.0,394.0,465.0,318.0,336.0,334.0,423.0,577.0,497.0,470.0,602.0,693.0,966.0,701.0,455.0,629.0,567.0,550.0,610.0
2728,20250728,0,534.0,417.0,429.0,402.0,322.0,410.0,442.0,535.0,384.0,506.0,586.0,685.0,901.0,674.0,470.0,658.0,606.0,530.0,644.0
2729,20250904,0,563.0,430.0,343.0,350.0,470.0,436.0,452.0,459.0,320.0,562.0,591.0,500.0,271.0,691.0,506.0,450.0,479.0,477.0,574.0
2730,20250529,0,482.0,379.0,301.0,430.0,344.0,432.0,396.0,330.0,453.0,471.0,589.0,700.0,857.0,687.0,445.0,533.0,610.0,513.0,616.0
2731,20250704,0,481.0,378.0,390.0,369.0,356.0,389.0,403.0,396.0,478.0,458.0,594.0,693.0,850.0,692.0,474.0,560.0,597.0,525.0,641.0
2732,20251014,0,460.0,349.0,426.0,303.0,320.0,302.0,371.0,355.0,466.0,401.0,610.0,688.0,987.0,708.0,442.0,530.0,609.0,576.0,597.0
2733,20250314,0,549.0,540.0,352.0,506.0,490.0,619.0,514.0,618.0,295.0,588.0,567.0,649.0,221.0,663.0,515.0,600.0,526.0,463.0,611.0
2734,20250912,0,454.0,385.0,375.0,309.0,351.0,300.0,404.0,502.0,485.0,447.0,612.0,667.0,992.0,734.0,444.0,607.0,469.0,575.0,535.0
2735,20250410,0,550.0,419.0,301.0,328.0,337.0,371.0,408.0,343.0,450.0,507.0,602.0,550.0,908.0,681.0,477.0,480.0,610.0,578.0,666.0
2736,20250615,0,554.0,475.0,487.0,564.0,405.0,549.0,504.0,795.0,453.0,603.0,564.0,676.0,466.0,653.0,500.0,667.0,434.0,438.0,589.0
2737,20250929,0,489.0,414.0,475.0,314.0,349.0,344.0,451.0,510.0,520.0,473.0,595.0,659.0,992.0,721.0,441.0,608.0,588.0,600.0,622.0
2738,20251009,0,513.0,396.0,421.0,516.0,367.0,486.0,444.0,462.0,454.0,515.0,551.0,684.0,852.0,681.0,494.0,562.0,590.0,496.0,647.0
2739,20251101,0,513.0,415.0,352.0,515.0,374.0,573.0,430.0,448.0,395.0,524.0,560.0,700.0,495.0,678.0,497.0,549.0,555.0,458.0,644.0
2740,20251002,0,496.0,389.0,354.0,372.0,372.0,432.0,414.0,456.0,459.0,483.0,605.0,692.0,587.0,687.0,500.0,562.0,534.0,487.0,583.0
2741,20251030,0,517.0,395.0,321.0,459.0,355.0,515.0,423.0,472.0,428.0,521.0,586.0,700.0,420.0,680.0,496.0,532.0,565.0,421.0,649.0
2742,20251022,0,529.0,423.0,441.0,449.0,352.0,471.0,445.0,567.0,367.0,482.0,584.0,690.0,503.0,684.0,495.0,625.0,538.0,428.0,574.0
2743,20251101,0,510.0,404.0,376.0,504.0,358.0,505.0,425.0,414.0,377.0,501.0,565.0,700.0,782.0,677.0,482.0,548.0,545.0,506.0,640.0
2744,20250327,0,516.0,411.0,322.0,493.0,354.0,502.0,402.0,443.0,441.0,527.0,571.0,659.0,796.0,678.0,487.0,472.0,579.0,458.0,645.0
2745,20250909,0,533.0,386.0,378.0,323.0,320.0,300.0,410.0,358.0,395.0,532.0,613.0,667.0,971.0,691.0,473.0,587.0,622.0,582.0,606.0
2746,20250906,0,539.0,409.0,415.0,344.0,363.0,397.0,452.0,637.0,401.0,469.0,596.0,678.0,869.0,682.0,445.0,642.0,581.0,548.0,634.0
2747,20250602,0,481.0,400.0,439.0,393.0,346.0,365.0,417.0,350.0,382.0,439.0,583.0,700.0,903.0,703.0,451.0,550.0,517.0,523.0,581.0
2748,20250703,0,492.0,397.0,439.0,442.0,363.0,466.0,390.0,500.0,404.0,497.0,582.0,686.0,741.0,685.0,480.0,522.0,590.0,505.0,641.0
2749,20250505,0,516.0,395.0,491.0,536.0,388.0,429.0,468.0,627.0,433.0,478.0,541.0,678.0,938.0,675.0,465.0,629.0,567.0,528.0,641.0
2750,20250308,0,566.0,450.0,631.0,474.0,550.0,476.0,458.0,562.0,549.0,516.0,495.0,420.0,229.0,699.0,500.0,570.0,348.0,530.0,491.0
2751,20250910,0,567.0,471.0,488.0,580.0,466.0,587.0,500.0,741.0,468.0,606.0,529.0,655.0,156.0,654.0,505.0,672.0,519.0,462.0,623.0
2752,20251103,0,522.0,404.0,490.0,472.0,493.0,459.0,420.0,518.0,648.0,442.0,560.0,480.0,649.0,697.0,481.0,547.0,530.0,574.0,570.0
2753,20251012,0,522.0,426.0,375.0,448.0,368.0,515.0,448.0,498.0,403.0,533.0,576.0,689.0,409.0,661.0,488.0,563.0,567.0,465.0,645.0
2754,20251113,0,500.0,412.0,445.0,438.0,358.0,440.0,418.0,445.0,382.0,519.0,581.0,694.0,667.0,681.0,490.0,559.0,585.0,507.0,633.0
2755,20251002,0,534.0,401.0,423.0,469.0,372.0,472.0,443.0,422.0,313.0,514.0,570.0,671.0,733.0,685.0,488.0,534.0,542.0,466.0,576.0
2756,20250428,0,499.0,399.0,388.0,329.0,363.0,448.0,379.0,497.0,428.0,483.0,600.0,700.0,528.0,684.0,450.0,565.0,546.0,533.0,622.0
2757,20250912,0,513.0,393.0,451.0,567.0,359.0,474.0,457.0,430.0,402.0,508.0,566.0,673.0,744.0,691.0,476.0,588.0,548.0,504.0,646.0
2758,20251010,0,500.0,439.0,349.0,357.0,358.0,438.0,448.0,478.0,367.0,490.0,593.0,619.0,779.0,697.0,453.0,587.0,628.0,487.0,628.0
2759,20250804,0,526.0,425.0,525.0,491.0,381.0,469.0,473.0,739.0,460.0,508.0,541.0,686.0,437.0,676.0,507.0,638.0,600.0,495.0,629.0
2760,20250615,0,525.0,401.0,424.0,391.0,329.0,371.0,418.0,428.0,429.0,537.0,587.0,685.0,947.0,680.0,463.0,530.0,562.0,559.0,601.0
2761,20250324,0,540.0,400.0,457.0,482.0,387.0,477.0,430.0,556.0,494.0,542.0,559.0,589.0,651.0,672.0,475.0,582.0,551.0,493.0,653.0
2762,20250321,0,507.0,397.0,372.0,447.0,377.0,481.0,435.0,491.0,345.0,504.0,572.0,673.0,491.0,689.0,492.0,519.0,451.0,434.0,477.0
2763,20250902,0,515.0,408.0,498.0,524.0,381.0,559.0,446.0,477.0,426.0,500.0,555.0,683.0,404.0,685.0,485.0,591.0,533.0,495.0,588.0
2764,20251110,0,593.0,501.0,530.0,558.0,422.0,591.0,521.0,795.0,537.0,592.0,489.0,669.0,558.0,665.0,508.0,669.0,508.0,495.0,571.0
2765,20250316,0,518.0,359.0,436.0,314.0,325.0,329.0,418.0,448.0,439.0,474.0,599.0,657.0,993.0,719.0,443.0,520.0,645.0,599.0,647.0
2766,20251029,0,529.0,392.0,516.0,487.0,363.0,451.0,452.0,542.0,387.0,492.0,569.0,695.0,661.0,674.0,502.0,592.0,657.0,491.0,623.0
2767,20251102,0,518.0,414.0,368.0,514.0,388.0,492.0,409.0,259.0,489.0,527.0,534.0,700.0,890.0,669.0,472.0,475.0,572.0,468.0,645.0
2768,20251106,0,518.0,397.0,382.0,527.0,361.0,475.0,434.0,445.0,294.0,541.0,560.0,670.0,823.0,681.0,480.0,533.0,559.0,491.0,644.0
2769,20251009,0,512.0,413.0,352.0,436.0,398.0,437.0,446.0,601.0,448.0,478.0,573.0,604.0,704.0,682.0,457.0,580.0,593.0,516.0,629.0
2770,20250615,0,527.0,394.0,331.0,330.0,363.0,463.0,406.0,451.0,449.0,512.0,600.0,687.0,680.0,678.0,488.0,587.0,587.0,476.0,642.0
2771,20250717,0,518.0,436.0,457.0,511.0,358.0,409.0,474.0,511.0,403.0,481.0,556.0,657.0,898.0,698.0,431.0,638.0,619.0,560.0,642.0
2772,20250602,0,515.0,382.0,370.0,516.0,389.0,524.0,414.0,381.0,374.0,522.0,550.0,700.0,658.0,665.0,466.0,569.0,559.0,468.0,644.0
2773,20250328,0,486.0,373.0,333.0,324.0,341.0,300.0,404.0,277.0,529.0,475.0,611.0,627.0,948.0,697.0,447.0,516.0,586.0,575.0,623.0
2774,20251112,0,536.0,406.0,432.0,445.0,347.0,393.0,414.0,448.0,465.0,497.0,574.0,696.0,794.0,680.0,474.0,531.0,583.0,509.0,647.0
2775,20250918,0,501.0,386.0,475.0,321.0,331.0,339.0,401.0,412.0,561.0,431.0,598.0,662.0,936.0,712.0,443.0,623.0,573.0,620.0,617.0
2776,20250608,0,509.0,381.0,448.0,508.0,362.0,538.0,435.0,457.0,437.0,541.0,565.0,687.0,673.0,664.0,484.0,585.0,545.0,482.0,639.0
2777,20251020,0,488.0,365.0,423.0,332.0,338.0,411.0,405.0,380.0,505.0,435.0,603.0,695.0,728.0,693.0,476.0,556.0,527.0,501.0,608.0
2778,20250905,0,578.0,507.0,491.0,535.0,441.0,485.0,501.0,566.0,315.0,627.0,501.0,616.0,97.0,663.0,527.0,653.0,545.0,510.0,575.0
2779,20250925,0,517.0,441.0,457.0,536.0,367.0,434.0,457.0,548.0,447.0,523.0,553.0,674.0,797.0,685.0,453.0,635.0,576.0,570.0,557.0
2780,20250701,0,542.0,393.0,433.0,527.0,372.0,499.0,456.0,565.0,405.0,517.0,561.0,656.0,741.0,660.0,472.0,625.0,562.0,431.0,656.0
2781,20250612,0,517.0,401.0,436.0,300.0,336.0,317.0,423.0,561.0,628.0,442.0,620.0,636.0,991.0,728.0,439.0,612.0,664.0,586.0,633.0
2782,20250606,0,518.0,373.0,402.0,323.0,337.0,339.0,413.0,430.0,447.0,477.0,601.0,680.0,933.0,703.0,468.0,537.0,597.0,536.0,647.0
2783,20250802,0,523.0,449.0,436.0,395.0,355.0,344.0,450.0,593.0,545.0,509.0,588.0,633.0,817.0,707.0,493.0,677.0,623.0,589.0,642.0
2784,20250911,0,497.0,382.0,365.0,330.0,309.0,339.0,399.0,343.0,481.0,442.0,600.0,676.0,934.0,696.0,471.0,525.0,598.0,509.0,650.0
2785,20250602,0,503.0,442.0,356.0,474.0,487.0,573.0,441.0,398.0,271.0,502.0,517.0,633.0,186.0,663.0,500.0,543.0,512.0,427.0,638.0
2786,20250703,0,557.0,451.0,592.0,518.0,453.0,533.0,496.0,679.0,676.0,600.0,504.0,593.0,24.0,678.0,509.0,626.0,458.0,485.0,566.0
2787,20250916,0,505.0,433.0,423.0,375.0,353.0,383.0,458.0,594.0,359.0,502.0,592.0,682.0,550.0,686.0,459.0,665.0,603.0,511.0,600.0
2788,20251101,0,495.0,383.0,502.0,538.0,386.0,514.0,475.0,489.0,461.0,482.0,532.0,681.0,333.0,685.0,484.0,618.0,595.0,433.0,638.0
2789,20250907,0,528.0,414.0,443.0,598.0,413.0,559.0,464.0,751.0,471.0,530.0,514.0,653.0,367.0,669.0,501.0,630.0,576.0,474.0,665.0
2790,20251028,0,499.0,396.0,498.0,512.0,352.0,369.0,444.0,480.0,419.0,481.0,573.0,700.0,790.0,678.0,465.0,611.0,579.0,539.0,624.0
2791,20250423,0,519.0,380.0,448.0,388.0,337.0,363.0,432.0,344.0,480.0,447.0,582.0,666.0,956.0,693.0,466.0,534.0,612.0,556.0,655.0
2792,20251002,0,517.0,429.0,410.0,473.0,396.0,550.0,440.0,548.0,400.0,544.0,552.0,697.0,707.0,657.0,462.0,610.0,531.0,499.0,647.0
2793,20250718,0,505.0,434.0,457.0,509.0,336.0,401.0,445.0,589.0,434.0,469.0,563.0,642.0,976.0,701.0,434.0,650.0,635.0,603.0,652.0
2794,20250330,0,518.0,410.0,560.0,640.0,442.0,503.0,468.0,642.0,465.0,534.0,541.0,604.0,455.0,680.0,493.0,629.0,511.0,421.0,564.0
2795,20251030,0,498.0,406.0,500.0,592.0,364.0,459.0,456.0,674.0,445.0,459.0,551.0,655.0,456.0,695.0,482.0,633.0,531.0,486.0,505.0
2796,20250820,0,535.0,451.0,530.0,627.0,411.0,570.0,494.0,775.0,436.0,563.0,527.0,663.0,386.0,674.0,500.0,662.0,542.0,446.0,582.0
2797,20250303,0,512.0,365.0,352.0,383.0,363.0,371.0,408.0,423.0,478.0,448.0,588.0,591.0,912.0,690.0,476.0,435.0,597.0,564.0,639.0
2798,20250312,0,505.0,426.0,331.0,438.0,328.0,429.0,404.0,433.0,340.0,491.0,589.0,659.0,864.0,686.0,483.0,483.0,566.0,448.0,645.0
2799,20250717,0,528.0,477.0,537.0,577.0,425.0,542.0,506.0,748.0,365.0,561.0,541.0,646.0,106.0,650.0,485.0,688.0,507.0,486.0,586.0
2800,20250723,0,523.0,411.0,312.0,321.0,369.0,371.0,383.0,380.0,458.0,519.0,609.0,587.0,744.0,685.0,477.0,510.0,512.0,489.0,540.0
2801,20250428,0,496.0,375.0,331.0,307.0,336.0,321.0,358.0,356.0,305.0,475.0,607.0,700.0,913.0,693.0,429.0,439.0,600.0,589.0,630.0
2802,20250413,0,510.0,408.0,334.0,516.0,390.0,531.0,384.0,397.0,439.0,486.0,552.0,642.0,669.0,682.0,491.0,529.0,499.0,446.0,465.0
2803,20251109,0,483.0,432.0,413.0,327.0,331.0,361.0,429.0,742.0,338.0,427.0,597.0,680.0,953.0,702.0,462.0,688.0,600.0,529.0,617.0
2804,20250602,0,514.0,382.0,352.0,398.0,346.0,382.0,408.0,587.0,591.0,469.0,586.0,672.0,808.0,684.0,480.0,552.0,588.0,527.0,640.0
2805,20250509,0,527.0,426.0,457.0,532.0,391.0,561.0,468.0,485.0,245.0,573.0,553.0,667.0,586.0,667.0,501.0,576.0,565.0,494.0,649.0
2806,20250916,0,512.0,423.0,364.0,454.0,342.0,443.0,425.0,423.0,412.0,507.0,577.0,679.0,734.0,686.0,482.0,559.0,601.0,521.0,640.0
2807,20250520,0,518.0,393.0,560.0,559.0,372.0,401.0,459.0,551.0,521.0,481.0,535.0,649.0,607.0,697.0,475.0,633.0,554.0,525.0,558.0
2808,20250908,0,,,,,,,,,,,,,,,,,,,
2809,20251004,0,493.0,403.0,505.0,437.0,350.0,411.0,424.0,502.0,441.0,476.0,586.0,684.0,475.0,688.0,477.0,577.0,562.0,518.0,598.0
2810,20250716,0,525.0,407.0,457.0,397.0,352.0,361.0,423.0,553.0,601.0,458.0,587.0,615.0,965.0,705.0,443.0,639.0,636.0,593.0,636.0
2811,20250504,0,545.0,449.0,393.0,511.0,444.0,472.0,439.0,477.0,409.0,534.0,562.0,607.0,223.0,694.0,516.0,590.0,443.0,408.0,429.0
2812,20250513,0,483.0,380.0,331.0,308.0,350.0,317.0,408.0,460.0,508.0,402.0,635.0,643.0,988.0,711.0,423.0,501.0,666.0,618.0,640.0
2813,20251017,0,523.0,416.0,321.0,490.0,373.0,524.0,405.0,439.0,347.0,534.0,571.0,700.0,434.0,673.0,487.0,512.0,553.0,452.0,645.0
2814,20250428,0,503.0,401.0,301.0,373.0,389.0,448.0,385.0,404.0,517.0,463.0,601.0,659.0,357.0,689.0,493.0,562.0,565.0,497.0,613.0
2815,20250507,0,519.0,417.0,455.0,470.0,441.0,565.0,439.0,457.0,419.0,517.0,526.0,670.0,197.0,649.0,507.0,585.0,540.0,434.0,638.0
2816,20250830,0,501.0,407.0,364.0,467.0,357.0,414.0,430.0,466.0,425.0,471.0,563.0,692.0,712.0,682.0,484.0,559.0,629.0,512.0,640.0
2817,20251006,0,481.0,421.0,322.0,389.0,352.0,443.0,394.0,421.0,413.0,467.0,584.0,675.0,807.0,685.0,462.0,504.0,610.0,593.0,640.0
2818,20250530,0,501.0,383.0,349.0,312.0,324.0,310.0,376.0,340.0,429.0,437.0,611.0,689.0,967.0,696.0,467.0,485.0,592.0,540.0,649.0
2819,20250825,0,,,,,,,,,,,,,,,,,,,
2820,20250501,0,517.0,405.0,439.0,496.0,367.0,408.0,435.0,451.0,463.0,490.0,574.0,591.0,296.0,686.0,482.0,594.0,552.0,529.0,619.0
2821,20251007,0,482.0,410.0,468.0,519.0,357.0,461.0,445.0,710.0,392.0,452.0,575.0,700.0,792.0,695.0,474.0,638.0,505.0,489.0,562.0
2822,20251006,0,504.0,460.0,329.0,425.0,385.0,523.0,450.0,569.0,413.0,526.0,590.0,677.0,497.0,673.0,510.0,530.0,493.0,457.0,531.0
2823,20250806,0,499.0,400.0,496.0,403.0,325.0,344.0,461.0,606.0,420.0,463.0,582.0,658.0,889.0,702.0,432.0,630.0,560.0,573.0,604.0
2824,20250406,0,488.0,371.0,301.0,390.0,346.0,383.0,378.0,418.0,514.0,470.0,593.0,675.0,740.0,690.0,479.0,503.0,593.0,526.0,624.0
2825,20251009,0,514.0,427.0,437.0,476.0,368.0,411.0,491.0,625.0,308.0,515.0,575.0,675.0,529.0,670.0,457.0,682.0,615.0,561.0,629.0
2826,20251113,0,498.0,429.0,464.0,388.0,337.0,371.0,445.0,504.0,377.0,471.0,589.0,667.0,720.0,699.0,478.0,576.0,481.0,460.0,519.0
2827,20250924,0,,,,,,,,,,,,,,,,,,,
2828,20250822,0,515.0,400.0,382.0,495.0,356.0,475.0,443.0,504.0,398.0,493.0,568.0,671.0,585.0,682.0,492.0,564.0,431.0,445.0,489.0
2829,20251101,0,508.0,416.0,334.0,516.0,406.0,634.0,427.0,511.0,411.0,533.0,552.0,700.0,497.0,659.0,490.0,601.0,550.0,489.0,629.0
2830,20250312,0,514.0,449.0,457.0,528.0,394.0,389.0,458.0,612.0,459.0,494.0,554.0,569.0,588.0,688.0,472.0,644.0,585.0,558.0,617.0
2831,20250727,0,539.0,386.0,457.0,460.0,339.0,387.0,441.0,539.0,450.0,475.0,560.0,559.0,967.0,729.0,441.0,666.0,630.0,601.0,636.0
2832,20250918,0,488.0,405.0,409.0,399.0,347.0,361.0,452.0,520.0,479.0,455.0,578.0,646.0,856.0,717.0,449.0,627.0,573.0,616.0,576.0
2833,20250512,0,511.0,379.0,526.0,415.0,332.0,354.0,445.0,515.0,417.0,496.0,576.0,680.0,920.0,690.0,461.0,602.0,614.0,554.0,644.0
2834,20250301,0,513.0,357.0,384.0,385.0,344.0,344.0,392.0,447.0,517.0,400.0,588.0,682.0,971.0,696.0,445.0,498.0,650.0,589.0,649.0
2835,20250705,0,510.0,446.0,485.0,455.0,368.0,401.0,469.0,410.0,395.0,481.0,567.0,600.0,900.0,700.0,453.0,596.0,606.0,590.0,646.0
2836,20251103,0,495.0,405.0,475.0,346.0,327.0,366.0,435.0,464.0,435.0,468.0,595.0,636.0,891.0,701.0,485.0,621.0,600.0,545.0,626.0
2837,20250510,0,515.0,380.0,334.0,461.0,373.0,400.0,390.0,262.0,477.0,449.0,575.0,648.0,905.0,693.0,475.0,466.0,601.0,494.0,650.0
2838,20250927,0,504.0,396.0,436.0,449.0,335.0,418.0,427.0,524.0,382.0,474.0,586.0,688.0,736.0,683.0,482.0,560.0,566.0,492.0,647.0
2839,20250905,0,556.0,412.0,322.0,452.0,354.0,488.0,420.0,391.0,364.0,580.0,572.0,684.0,764.0,670.0,492.0,518.0,569.0,447.0,645.0
2840,20250715,0,508.0,439.0,503.0,502.0,347.0,417.0,440.0,586.0,565.0,438.0,563.0,653.0,924.0,699.0,433.0,637.0,590.0,614.0,626.0
2841,20250502,0,,,,,,,,,,,,,,,,,,,
2842,20250909,0,484.0,391.0,457.0,464.0,362.0,399.0,426.0,375.0,451.0,455.0,547.0,659.0,973.0,710.0,494.0,566.0,657.0,592.0,656.0
2843,20250901,0,521.0,394.0,418.0,440.0,379.0,435.0,431.0,614.0,395.0,496.0,572.0,679.0,729.0,674.0,496.0,553.0,551.0,456.0,540.0
2844,20250922,0,,,,,,,,,,,,,,,,,,,
2845,20250904,0,530.0,381.0,413.0,387.0,351.0,371.0,439.0,418.0,345.0,495.0,582.0,676.0,922.0,680.0,448.0,505.0,608.0,553.0,644.0
2846,20250712,0,529.0,472.0,439.0,479.0,384.0,528.0,469.0,504.0,297.0,523.0,545.0,700.0,824.0,679.0,478.0,559.0,571.0,504.0,629.0
2847,20251101,0,511.0,388.0,322.0,506.0,376.0,550.0,415.0,372.0,446.0,531.0,564.0,700.0,656.0,664.0,491.0,524.0,563.0,444.0,643.0
2848,20250827,0,535.0,381.0,324.0,387.0,348.0,438.0,415.0,421.0,403.0,527.0,596.0,671.0,754.0,681.0,488.0,536.0,628.0,483.0,653.0
2849,20250929,0,508.0,367.0,400.0,462.0,344.0,390.0,409.0,470.0,502.0,447.0,573.0,673.0,887.0,693.0,444.0,605.0,640.0,542.0,638.0
2850,20250412,0,517.0,381.0,301.0,334.0,342.0,460.0,402.0,420.0,483.0,477.0,598.0,666.0,880.0,685.0,484.0,539.0,629.0,490.0,651.0
2851,20251009,0,541.0,455.0,490.0,527.0,413.0,452.0,479.0,560.0,451.0,544.0,552.0,595.0,151.0,696.0,511.0,597.0,584.0,499.0,562.0
2852,20251001,0,526.0,396.0,400.0,397.0,341.0,422.0,447.0,662.0,421.0,482.0,578.0,678.0,606.0,677.0,465.0,672.0,602.0,554.0,638.0
2853,20250819,0,517.0,425.0,373.0,519.0,388.0,520.0,442.0,553.0,399.0,531.0,543.0,656.0,691.0,665.0,489.0,573.0,592.0,500.0,646.0
2854,20250930,0,535.0,382.0,437.0,471.0,320.0,363.0,438.0,454.0,410.0,477.0,573.0,690.0,947.0,684.0,467.0,554.0,589.0,485.0,646.0
2855,20251102,0,514.0,419.0,352.0,468.0,368.0,520.0,406.0,577.0,413.0,508.0,563.0,686.0,701.0,672.0,488.0,583.0,530.0,509.0,643.0
2856,20250902,0,506.0,431.0,448.0,469.0,398.0,500.0,473.0,590.0,344.0,461.0,559.0,687.0,801.0,687.0,450.0,608.0,581.0,538.0,636.0
2857,20250705,0,520.0,362.0,453.0,325.0,331.0,339.0,399.0,470.0,459.0,512.0,601.0,665.0,923.0,685.0,467.0,563.0,604.0,538.0,652.0
2858,20250606,0,529.0,426.0,350.0,519.0,423.0,595.0,406.0,458.0,267.0,549.0,547.0,700.0,130.0,655.0,492.0,539.0,545.0,468.0,628.0
2859,20251004,0,493.0,388.0,322.0,483.0,373.0,496.0,402.0,348.0,429.0,481.0,575.0,672.0,366.0,686.0,494.0,521.0,554.0,524.0,624.0
2860,20251028,0,491.0,379.0,342.0,304.0,356.0,339.0,373.0,419.0,507.0,434.0,615.0,682.0,874.0,701.0,486.0,469.0,554.0,533.0,625.0
2861,20251018,0,525.0,468.0,457.0,508.0,428.0,580.0,483.0,587.0,339.0,547.0,508.0,691.0,235.0,658.0,502.0,609.0,564.0,487.0,643.0
2862,20250406,0,497.0,387.0,411.0,360.0,364.0,364.0,410.0,384.0,446.0,484.0,606.0,651.0,459.0,694.0,500.0,530.0,521.0,489.0,605.0
2863,20250917,0,489.0,365.0,357.0,300.0,331.0,334.0,364.0,355.0,535.0,414.0,628.0,629.0,955.0,700.0,443.0,416.0,619.0,569.0,617.0
2864,20250709,0,509.0,406.0,400.0,522.0,413.0,580.0,438.0,549.0,404.0,493.0,558.0,683.0,547.0,689.0,495.0,550.0,484.0,472.0,503.0
2865,20250412,0,559.0,416.0,526.0,411.0,362.0,414.0,460.0,576.0,343.0,556.0,583.0,657.0,661.0,673.0,499.0,661.0,617.0,541.0,640.0
2866,20250825,0,517.0,400.0,409.0,479.0,367.0,397.0,444.0,548.0,446.0,506.0,556.0,651.0,880.0,682.0,438.0,628.0,638.0,553.0,644.0
2867,20251121,0,489.0,362.0,301.0,307.0,320.0,351.0,346.0,395.0,550.0,397.0,617.0,688.0,917.0,704.0,450.0,447.0,628.0,597.0,649.0
2868,20250815,0,516.0,466.0,576.0,569.0,463.0,510.0,508.0,816.0,467.0,526.0,541.0,628.0,336.0,684.0,479.0,673.0,447.0,462.0,474.0
2869,20250926,0,566.0,444.0,491.0,485.0,429.0,455.0,506.0,448.0,424.0,618.0,491.0,649.0,357.0,672.0,498.0,586.0,471.0,506.0,562.0
2870,20250909,0,496.0,426.0,334.0,440.0,328.0,383.0,406.0,492.0,414.0,468.0,585.0,683.0,880.0,684.0,474.0,518.0,613.0,543.0,650.0
2871,20250919,0,537.0,414.0,418.0,511.0,380.0,479.0,456.0,582.0,394.0,558.0,573.0,686.0,559.0,661.0,489.0,573.0,579.0,477.0,593.0
2872,20251107,0,482.0,361.0,436.0,300.0,362.0,316.0,388.0,409.0,433.0,423.0,623.0,663.0,961.0,726.0,468.0,526.0,632.0,546.0,640.0
2873,20250922,0,503.0,447.0,457.0,410.0,333.0,361.0,436.0,335.0,380.0,496.0,581.0,662.0,955.0,689.0,450.0,629.0,615.0,575.0,618.0
2874,20250504,0,521.0,422.0,423.0,478.0,374.0,453.0,462.0,471.0,367.0,500.0,563.0,660.0,899.0,677.0,457.0,568.0,600.0,547.0,654.0
2875,20250410,0,516.0,436.0,530.0,601.0,400.0,449.0,475.0,370.0,497.0,510.0,535.0,598.0,56.0,668.0,505.0,603.0,520.0,533.0,594.0
2876,20250531,0,532.0,432.0,394.0,402.0,374.0,455.0,445.0,452.0,346.0,509.0,582.0,665.0,527.0,681.0,460.0,580.0,543.0,499.0,581.0
2877,20250501,0,528.0,399.0,301.0,331.0,361.0,444.0,383.0,454.0,393.0,490.0,597.0,658.0,824.0,675.0,488.0,528.0,605.0,551.0,634.0
2878,20250604,0,499.0,324.0,426.0,323.0,330.0,348.0,387.0,337.0,417.0,444.0,603.0,680.0,937.0,703.0,444.0,550.0,589.0,564.0,621.0
2879,20250412,0,530.0,411.0,395.0,442.0,395.0,528.0,437.0,564.0,527.0,514.0,580.0,642.0,753.0,675.0,491.0,600.0,600.0,464.0,649.0
2880,20250918,0,505.0,401.0,322.0,470.0,374.0,513.0,391.0,370.0,487.0,517.0,547.0,619.0,862.0,672.0,481.0,517.0,573.0,441.0,645.0
2881,20250504,0,508.0,462.0,368.0,473.0,439.0,583.0,484.0,468.0,370.0,502.0,513.0,686.0,37.0,690.0,485.0,536.0,561.0,510.0,590.0
2882,20250530,0,532.0,408.0,448.0,551.0,362.0,453.0,443.0,410.0,324.0,500.0,573.0,684.0,613.0,672.0,480.0,577.0,539.0,477.0,636.0
2883,20250927,0,504.0,427.0,334.0,487.0,375.0,538.0,428.0,507.0,397.0,472.0,548.0,700.0,850.0,686.0,468.0,593.0,572.0,461.0,645.0
2884,20250801,0,530.0,392.0,404.0,438.0,323.0,415.0,431.0,373.0,484.0,514.0,589.0,624.0,767.0,683.0,478.0,512.0,573.0,527.0,646.0
2885,20250606,0,519.0,425.0,491.0,551.0,368.0,416.0,475.0,610.0,389.0,518.0,544.0,671.0,792.0,680.0,455.0,627.0,623.0,554.0,637.0
2886,20250428,0,490.0,455.0,355.0,465.0,393.0,561.0,439.0,410.0,403.0,556.0,544.0,700.0,493.0,648.0,483.0,537.0,537.0,430.0,639.0
2887,20250710,0,507.0,349.0,475.0,307.0,315.0,302.0,400.0,535.0,453.0,445.0,607.0,660.0,924.0,705.0,453.0,713.0,576.0,562.0,654.0
2888,20251106,0,519.0,401.0,389.0,405.0,349.0,437.0,437.0,516.0,355.0,491.0,592.0,681.0,884.0,684.0,492.0,573.0,577.0,526.0,644.0
2889,20250814,0,520.0,429.0,321.0,562.0,380.0,586.0,427.0,373.0,423.0,546.0,548.0,700.0,668.0,661.0,489.0,555.0,525.0,443.0,640.0
2890,20250528,0,500.0,367.0,436.0,321.0,320.0,344.0,406.0,519.0,476.0,446.0,596.0,675.0,963.0,701.0,472.0,636.0,627.0,610.0,648.0
2891,20250926,0,535.0,467.0,446.0,545.0,440.0,596.0,487.0,696.0,316.0,566.0,528.0,694.0,72.0,644.0,528.0,655.0,494.0,445.0,547.0
2892,20250529,0,495.0,401.0,301.0,325.0,333.0,380.0,366.0,379.0,504.0,446.0,599.0,700.0,947.0,693.0,465.0,488.0,566.0,528.0,633.0
2893,20250702,0,593.0,474.0,464.0,477.0,582.0,598.0,532.0,403.0,362.0,570.0,470.0,490.0,29.0,673.0,582.0,556.0,486.0,390.0,528.0
2894,20250914,0,568.0,432.0,490.0,513.0,426.0,444.0,482.0,517.0,631.0,544.0,551.0,591.0,443.0,683.0,494.0,644.0,321.0,580.0,427.0
2895,20250318,0,543.0,381.0,360.0,306.0,343.0,342.0,386.0,500.0,439.0,515.0,610.0,691.0,593.0,681.0,475.0,541.0,660.0,594.0,654.0
2896,20250616,0,510.0,410.0,560.0,482.0,370.0,416.0,468.0,551.0,430.0,468.0,529.0,639.0,726.0,696.0,448.0,647.0,578.0,523.0,629.0
2897,20251106,0,,,,,,,,,,,,,,,,,,,
2898,20250925,0,537.0,411.0,409.0,498.0,366.0,456.0,452.0,704.0,509.0,524.0,557.0,663.0,716.0,672.0,452.0,623.0,625.0,555.0,638.0
2899,20251027,0,525.0,441.0,400.0,513.0,378.0,554.0,447.0,439.0,263.0,533.0,553.0,665.0,377.0,672.0,488.0,550.0,547.0,469.0,589.0
2900,20250423,0,508.0,398.0,376.0,438.0,321.0,346.0,419.0,396.0,447.0,479.0,581.0,654.0,927.0,700.0,481.0,531.0,560.0,530.0,614.0
2901,20250720,0,528.0,395.0,376.0,440.0,353.0,407.0,413.0,430.0,480.0,497.0,586.0,643.0,642.0,691.0,471.0,546.0,513.0,523.0,543.0
2902,20251101,0,524.0,432.0,464.0,611.0,407.0,588.0,498.0,550.0,333.0,570.0,530.0,691.0,478.0,643.0,500.0,614.0,576.0,479.0,642.0
2903,20250326,0,515.0,419.0,451.0,594.0,396.0,461.0,466.0,640.0,397.0,541.0,557.0,643.0,702.0,680.0,469.0,630.0,608.0,500.0,638.0
2904,20250408,0,489.0,381.0,301.0,317.0,322.0,340.0,371.0,342.0,365.0,455.0,616.0,700.0,798.0,697.0,473.0,397.0,621.0,464.0,648.0
2905,20250829,0,508.0,388.0,436.0,495.0,344.0,443.0,444.0,515.0,413.0,485.0,566.0,686.0,846.0,680.0,465.0,536.0,551.0,535.0,636.0
2906,20250302,0,494.0,412.0,322.0,403.0,342.0,454.0,395.0,373.0,344.0,449.0,583.0,700.0,891.0,688.0,471.0,460.0,581.0,476.0,639.0
2907,20251106,0,,,,,,,,,,,,,,,,,,,
2908,20251104,0,507.0,404.0,334.0,436.0,355.0,463.0,392.0,541.0,419.0,479.0,578.0,669.0,715.0,685.0,488.0,565.0,610.0,517.0,606.0
2909,20250602,0,522.0,374.0,301.0,312.0,333.0,319.0,368.0,374.0,374.0,457.0,604.0,675.0,890.0,689.0,480.0,433.0,564.0,523.0,622.0
2910,20250718,0,539.0,413.0,414.0,431.0,369.0,420.0,444.0,420.0,380.0,542.0,581.0,657.0,670.0,679.0,453.0,573.0,563.0,556.0,597.0
2911,20251006,0,532.0,454.0,322.0,496.0,358.0,533.0,389.0,461.0,355.0,545.0,572.0,700.0,572.0,666.0,489.0,517.0,599.0,470.0,651.0
2912,20250409,0,518.0,405.0,417.0,327.0,366.0,411.0,406.0,524.0,399.0,504.0,608.0,679.0,622.0,687.0,495.0,548.0,576.0,501.0,638.0
2913,20250908,0,508.0,448.0,478.0,511.0,373.0,469.0,466.0,623.0,378.0,493.0,568.0,641.0,390.0,688.0,487.0,627.0,603.0,516.0,610.0
2914,20250809,0,530.0,423.0,530.0,642.0,421.0,489.0,448.0,681.0,545.0,552.0,537.0,625.0,519.0,662.0,474.0,660.0,566.0,494.0,626.0
2915,20251114,0,493.0,402.0,360.0,321.0,328.0,370.0,407.0,453.0,346.0,443.0,598.0,700.0,938.0,699.0,455.0,491.0,613.0,545.0,610.0
2916,20251009,0,430.0,368.0,426.0,300.0,349.0,345.0,354.0,398.0,443.0,384.0,636.0,694.0,992.0,714.0,448.0,507.0,631.0,543.0,594.0
2917,20250829,0,512.0,410.0,432.0,455.0,360.0,428.0,434.0,481.0,422.0,493.0,574.0,685.0,443.0,683.0,487.0,530.0,483.0,406.0,543.0
2918,20250703,0,487.0,359.0,301.0,315.0,303.0,310.0,339.0,365.0,458.0,455.0,609.0,700.0,913.0,688.0,443.0,471.0,604.0,519.0,643.0
2919,20250926,0,494.0,417.0,457.0,407.0,355.0,361.0,414.0,407.0,419.0,416.0,581.0,633.0,966.0,724.0,449.0,579.0,548.0,578.0,580.0
2920,20250825,0,501.0,387.0,388.0,529.0,334.0,432.0,409.0,401.0,481.0,474.0,576.0,683.0,868.0,684.0,481.0,509.0,585.0,518.0,644.0
2921,20250905,0,504.0,399.0,322.0,451.0,351.0,511.0,400.0,340.0,316.0,512.0,571.0,700.0,755.0,677.0,486.0,514.0,531.0,437.0,641.0
2922,20250406,0,488.0,435.0,457.0,423.0,327.0,349.0,449.0,350.0,417.0,453.0,577.0,641.0,903.0,699.0,427.0,616.0,517.0,517.0,542.0
2923,20250908,0,560.0,401.0,470.0,523.0,389.0,503.0,447.0,606.0,360.0,524.0,534.0,687.0,751.0,669.0,488.0,586.0,580.0,514.0,649.0
2924,20251028,0,502.0,388.0,379.0,369.0,314.0,364.0,383.0,380.0,406.0,464.0,600.0,683.0,923.0,696.0,478.0,504.0,631.0,523.0,659.0
2925,20250708,0,525.0,428.0,457.0,457.0,332.0,405.0,482.0,525.0,361.0,537.0,570.0,676.0,914.0,672.0,449.0,654.0,584.0,564.0,632.0
2926,20250521,0,,,,,,,,,,,,,,,,,,,
2927,20250608,0,515.0,393.0,496.0,388.0,347.0,405.0,444.0,587.0,392.0,454.0,577.0,648.0,926.0,687.0,440.0,602.0,643.0,574.0,644.0
2928,20250422,0,512.0,413.0,457.0,510.0,360.0,380.0,462.0,477.0,621.0,463.0,568.0,583.0,870.0,689.0,436.0,612.0,607.0,554.0,602.0
2929,20251104,0,524.0,441.0,457.0,471.0,365.0,393.0,442.0,596.0,487.0,499.0,571.0,661.0,841.0,678.0,484.0,639.0,533.0,495.0,535.0
2930,20250927,0,553.0,441.0,496.0,535.0,354.0,411.0,483.0,669.0,515.0,505.0,561.0,663.0,910.0,684.0,481.0,661.0,574.0,576.0,616.0
2931,20250824,0,523.0,426.0,429.0,460.0,338.0,427.0,447.0,497.0,458.0,502.0,573.0,685.0,716.0,675.0,476.0,617.0,593.0,474.0,607.0
2932,20250925,0,496.0,392.0,356.0,440.0,361.0,500.0,412.0,429.0,469.0,475.0,585.0,657.0,533.0,686.0,490.0,551.0,561.0,473.0,629.0
2933,20250430,0,522.0,408.0,496.0,430.0,353.0,361.0,470.0,626.0,484.0,469.0,576.0,636.0,467.0,701.0,463.0,657.0,644.0,585.0,643.0
2934,20250918,0,515.0,411.0,439.0,464.0,350.0,415.0,441.0,420.0,447.0,509.0,563.0,663.0,837.0,684.0,461.0,602.0,638.0,582.0,628.0
2935,20250817,0,541.0,452.0,457.0,524.0,419.0,495.0,458.0,703.0,432.0,546.0,558.0,660.0,84.0,664.0,466.0,654.0,567.0,537.0,589.0
2936,20250613,0,514.0,407.0,547.0,476.0,377.0,466.0,436.0,686.0,485.0,507.0,562.0,648.0,498.0,688.0,465.0,651.0,510.0,546.0,575.0
2937,20250708,0,524.0,421.0,409.0,493.0,373.0,526.0,425.0,563.0,386.0,518.0,571.0,675.0,548.0,671.0,491.0,618.0,580.0,488.0,637.0
2938,20250806,0,505.0,406.0,429.0,560.0,356.0,502.0,460.0,458.0,395.0,484.0,555.0,681.0,785.0,686.0,487.0,574.0,573.0,503.0,650.0
2939,20250925,0,513.0,386.0,457.0,399.0,339.0,354.0,390.0,509.0,482.0,456.0,578.0,634.0,863.0,708.0,447.0,606.0,578.0,568.0,577.0
2940,20250428,0,507.0,371.0,399.0,463.0,371.0,450.0,440.0,447.0,452.0,528.0,575.0,682.0,642.0,684.0,488.0,591.0,559.0,500.0,590.0
2941,20250531,0,514.0,444.0,368.0,481.0,436.0,560.0,435.0,407.0,450.0,509.0,527.0,619.0,763.0,656.0,487.0,534.0,523.0,430.0,637.0
2942,20250408,0,553.0,434.0,451.0,573.0,416.0,582.0,467.0,545.0,471.0,575.0,551.0,652.0,289.0,666.0,512.0,612.0,568.0,452.0,643.0
2943,20250927,0,551.0,439.0,404.0,526.0,400.0,582.0,439.0,564.0,351.0,590.0,551.0,687.0,245.0,650.0,509.0,608.0,561.0,424.0,645.0
2944,20250608,0,520.0,382.0,450.0,484.0,348.0,416.0,443.0,449.0,472.0,482.0,557.0,641.0,941.0,700.0,433.0,589.0,626.0,593.0,643.0
2945,20250428,0,541.0,393.0,481.0,534.0,421.0,598.0,454.0,573.0,398.0,547.0,514.0,690.0,478.0,662.0,490.0,612.0,580.0,455.0,644.0
2946,20250420,0,492.0,403.0,301.0,350.0,324.0,370.0,358.0,364.0,458.0,458.0,591.0,666.0,955.0,690.0,474.0,484.0,598.0,503.0,646.0
2947,20251102,0,497.0,397.0,341.0,321.0,317.0,364.0,388.0,342.0,332.0,438.0,600.0,700.0,978.0,695.0,460.0,475.0,611.0,502.0,629.0
2948,20250511,0,523.0,452.0,491.0,575.0,403.0,396.0,475.0,646.0,709.0,517.0,533.0,597.0,575.0,695.0,489.0,630.0,414.0,555.0,474.0
2949,20250621,0,492.0,379.0,331.0,373.0,349.0,441.0,410.0,460.0,442.0,471.0,598.0,673.0,780.0,692.0,486.0,538.0,582.0,507.0,632.0
2950,20251023,0,499.0,467.0,452.0,342.0,331.0,360.0,447.0,565.0,317.0,462.0,600.0,686.0,811.0,693.0,475.0,677.0,609.0,544.0,644.0
2951,20251028,0,508.0,418.0,331.0,373.0,358.0,524.0,389.0,357.0,361.0,496.0,598.0,679.0,637.0,685.0,502.0,515.0,543.0,447.0,624.0
2952,20250401,0,495.0,404.0,487.0,394.0,348.0,361.0,424.0,476.0,444.0,395.0,582.0,671.0,960.0,709.0,460.0,610.0,597.0,588.0,610.0
2953,20250918,0,519.0,362.0,388.0,307.0,356.0,325.0,415.0,441.0,420.0,443.0,627.0,648.0,938.0,700.0,445.0,606.0,614.0,587.0,600.0
2954,20251030,0,510.0,405.0,363.0,440.0,354.0,447.0,418.0,494.0,410.0,507.0,584.0,684.0,682.0,675.0,474.0,531.0,552.0,495.0,640.0
2955,20251109,0,515.0,355.0,331.0,300.0,331.0,300.0,349.0,406.0,392.0,439.0,630.0,690.0,967.0,719.0,445.0,378.0,627.0,590.0,633.0
2956,20250806,0,551.0,444.0,496.0,523.0,383.0,414.0,450.0,612.0,553.0,470.0,556.0,639.0,913.0,697.0,443.0,623.0,554.0,617.0,578.0
2957,20250707,0,494.0,351.0,388.0,304.0,336.0,300.0,412.0,361.0,483.0,467.0,605.0,662.0,947.0,715.0,458.0,494.0,611.0,585.0,604.0
2958,20251108,0,503.0,404.0,387.0,464.0,346.0,464.0,437.0,523.0,386.0,506.0,578.0,686.0,571.0,676.0,486.0,597.0,554.0,476.0,646.0
2959,20250730,0,515.0,393.0,487.0,407.0,360.0,370.0,436.0,447.0,383.0,486.0,587.0,651.0,793.0,688.0,460.0,592.0,515.0,529.0,581.0
2960,20250706,0,494.0,379.0,436.0,309.0,370.0,300.0,392.0,429.0,593.0,446.0,604.0,589.0,992.0,710.0,471.0,635.0,655.0,602.0,650.0
2961,20250317,0,550.0,454.0,583.0,637.0,450.0,570.0,482.0,601.0,484.0,570.0,532.0,625.0,176.0,666.0,492.0,619.0,515.0,399.0,538.0
2962,20250725,0,512.0,428.0,321.0,440.0,371.0,531.0,404.0,334.0,420.0,503.0,584.0,700.0,693.0,677.0,482.0,487.0,527.0,472.0,647.0
2963,20251027,0,562.0,442.0,468.0,474.0,400.0,565.0,474.0,812.0,388.0,576.0,570.0,662.0,99.0,676.0,482.0,680.0,338.0,414.0,447.0
2964,20251007,0,500.0,396.0,424.0,389.0,344.0,413.0,423.0,442.0,401.0,472.0,581.0,700.0,906.0,683.0,455.0,583.0,584.0,526.0,588.0
2965,20251022,0,525.0,411.0,350.0,512.0,460.0,597.0,434.0,462.0,403.0,553.0,548.0,671.0,316.0,671.0,516.0,595.0,526.0,416.0,606.0
2966,20250308,0,487.0,421.0,382.0,399.0,367.0,432.0,434.0,486.0,435.0,472.0,580.0,663.0,828.0,686.0,504.0,512.0,553.0,492.0,640.0
2967,20250704,0,,,,,,,,,,,,,,,,,,,
2968,20250410,0,540.0,456.0,376.0,531.0,418.0,513.0,468.0,505.0,331.0,531.0,562.0,669.0,544.0,666.0,494.0,602.0,533.0,471.0,640.0
2969,20250906,0,519.0,426.0,479.0,573.0,419.0,575.0,472.0,509.0,395.0,521.0,544.0,675.0,496.0,675.0,495.0,615.0,478.0,429.0,548.0
2970,20250602,0,525.0,395.0,448.0,535.0,376.0,524.0,436.0,689.0,511.0,519.0,561.0,689.0,779.0,666.0,478.0,647.0,578.0,494.0,649.0
2971,20250613,0,529.0,378.0,409.0,401.0,367.0,419.0,443.0,550.0,502.0,520.0,583.0,640.0,564.0,666.0,488.0,569.0,518.0,491.0,574.0
2972,20250323,0,502.0,388.0,496.0,549.0,376.0,355.0,467.0,702.0,453.0,489.0,574.0,650.0,895.0,687.0,478.0,662.0,611.0,501.0,619.0
2973,20251012,0,522.0,428.0,457.0,436.0,341.0,374.0,449.0,469.0,400.0,492.0,574.0,639.0,944.0,702.0,456.0,589.0,613.0,572.0,574.0
2974,20250701,0,541.0,398.0,379.0,434.0,376.0,482.0,423.0,453.0,456.0,527.0,587.0,663.0,586.0,683.0,473.0,543.0,575.0,470.0,626.0
2975,20250905,0,549.0,431.0,439.0,385.0,343.0,361.0,465.0,438.0,344.0,492.0,587.0,643.0,919.0,686.0,466.0,654.0,581.0,584.0,611.0
2976,20250904,0,522.0,423.0,417.0,515.0,384.0,556.0,442.0,659.0,506.0,531.0,559.0,700.0,489.0,657.0,478.0,608.0,538.0,463.0,640.0
2977,20250528,0,527.0,431.0,388.0,414.0,381.0,472.0,456.0,573.0,321.0,538.0,593.0,664.0,596.0,675.0,493.0,596.0,572.0,487.0,593.0
2978,20250708,0,530.0,438.0,416.0,522.0,452.0,592.0,438.0,517.0,383.0,568.0,533.0,682.0,216.0,646.0,510.0,581.0,546.0,415.0,632.0
2979,20250618,0,530.0,442.0,334.0,516.0,408.0,572.0,403.0,354.0,464.0,536.0,548.0,566.0,502.0,666.0,495.0,505.0,557.0,486.0,632.0
2980,20250314,0,460.0,335.0,358.0,300.0,335.0,300.0,353.0,344.0,522.0,367.0,631.0,617.0,993.0,726.0,443.0,477.0,655.0,606.0,645.0
2981,20250301,0,496.0,395.0,424.0,483.0,375.0,397.0,444.0,506.0,434.0,461.0,582.0,670.0,638.0,693.0,480.0,624.0,582.0,496.0,566.0
2982,20250418,0,538.0,444.0,485.0,494.0,411.0,466.0,471.0,475.0,510.0,557.0,527.0,607.0,689.0,667.0,477.0,594.0,598.0,513.0,629.0
2983,20250905,0,515.0,386.0,322.0,442.0,362.0,508.0,414.0,404.0,471.0,514.0,582.0,669.0,693.0,680.0,491.0,537.0,556.0,430.0,639.0
2984,20250826,0,527.0,383.0,300.0,303.0,357.0,373.0,388.0,471.0,505.0,491.0,623.0,669.0,867.0,692.0,484.0,474.0,615.0,542.0,624.0
2985,20251004,0,523.0,434.0,478.0,645.0,387.0,448.0,464.0,505.0,452.0,530.0,553.0,645.0,303.0,674.0,478.0,657.0,533.0,518.0,592.0
2986,20251116,0,513.0,423.0,435.0,486.0,409.0,526.0,463.0,581.0,367.0,508.0,549.0,684.0,546.0,664.0,476.0,598.0,567.0,540.0,540.0
2987,20250912,0,536.0,461.0,473.0,492.0,387.0,442.0,482.0,438.0,376.0,562.0,531.0,600.0,462.0,675.0,487.0,659.0,595.0,532.0,623.0
2988,20251022,0,535.0,436.0,457.0,476.0,411.0,505.0,475.0,703.0,433.0,515.0,548.0,664.0,720.0,670.0,477.0,610.0,642.0,543.0,631.0
2989,20250829,0,481.0,324.0,457.0,309.0,343.0,300.0,392.0,247.0,467.0,433.0,611.0,640.0,993.0,715.0,422.0,527.0,646.0,593.0,612.0
2990,20250622,0,,,,,,,,,,,,,,,,,,,
2991,20250827,0,490.0,386.0,399.0,390.0,341.0,466.0,423.0,326.0,448.0,460.0,591.0,700.0,670.0,684.0,469.0,541.0,591.0,485.0,645.0
2992,20250901,0,504.0,374.0,322.0,440.0,339.0,438.0,373.0,329.0,553.0,498.0,585.0,611.0,852.0,686.0,479.0,519.0,587.0,446.0,646.0
2993,20250606,0,546.0,400.0,450.0,418.0,331.0,396.0,441.0,612.0,580.0,513.0,580.0,666.0,838.0,680.0,433.0,601.0,589.0,539.0,656.0
2994,20250429,0,513.0,404.0,312.0,335.0,325.0,364.0,399.0,401.0,460.0,449.0,601.0,672.0,903.0,695.0,483.0,536.0,609.0,519.0,652.0
2995,20250709,0,495.0,422.0,418.0,330.0,337.0,349.0,436.0,265.0,406.0,469.0,596.0,597.0,923.0,701.0,473.0,598.0,601.0,565.0,582.0
2996,20250308,0,476.0,435.0,438.0,307.0,373.0,300.0,405.0,410.0,460.0,452.0,627.0,637.0,973.0,721.0,487.0,522.0,500.0,577.0,576.0
2997,20250802,0,485.0,391.0,446.0,463.0,346.0,400.0,412.0,407.0,411.0,357.0,559.0,661.0,989.0,725.0,439.0,524.0,615.0,618.0,636.0
2998,20250818,0,481.0,359.0,441.0,323.0,360.0,371.0,401.0,447.0,433.0,446.0,607.0,689.0,672.0,693.0,484.0,539.0,502.0,511.0,563.0
2999,20250926,0,517.0,406.0,370.0,399.0,350.0,494.0,397.0,513.0,399.0,529.0,579.0,700.0,706.0,680.0,461.0,507.0,517.0,412.0,575.0
3000,20250827,0,539.0,413.0,362.0,522.0,407.0,571.0,454.0,486.0,371.0,559.0,562.0,665.0,439.0,659.0,506.0,539.0,597.0,455.0,645.0
3001,20251007,0,493.0,399.0,352.0,469.0,332.0,450.0,410.0,433.0,433.0,452.0,562.0,700.0,892.0,687.0,460.0,510.0,613.0,509.0,644.0
3002,20250329,0,523.0,395.0,423.0,537.0,396.0,562.0,459.0,676.0,548.0,533.0,552.0,682.0,602.0,669.0,492.0,655.0,516.0,474.0,620.0
3003,20250918,0,504.0,406.0,364.0,442.0,352.0,440.0,415.0,598.0,425.0,489.0,581.0,693.0,694.0,685.0,478.0,586.0,528.0,478.0,582.0
3004,20250913,0,532.0,380.0,400.0,465.0,349.0,403.0,436.0,477.0,431.0,488.0,564.0,687.0,932.0,699.0,450.0,559.0,611.0,588.0,641.0
3005,20250803,0,521.0,434.0,331.0,321.0,352.0,422.0,430.0,560.0,430.0,446.0,601.0,678.0,617.0,689.0,463.0,674.0,615.0,548.0,631.0
3006,20250316,0,498.0,405.0,409.0,474.0,385.0,549.0,425.0,402.0,408.0,468.0,562.0,682.0,713.0,687.0,492.0,550.0,578.0,456.0,618.0
3007,20250610,0,508.0,412.0,441.0,474.0,343.0,461.0,457.0,513.0,343.0,477.0,568.0,694.0,929.0,682.0,459.0,585.0,584.0,478.0,654.0
3008,20250402,0,544.0,426.0,526.0,411.0,371.0,418.0,462.0,470.0,391.0,544.0,580.0,623.0,573.0,676.0,484.0,612.0,595.0,512.0,640.0
3009,20250415,0,520.0,456.0,457.0,511.0,400.0,501.0,464.0,747.0,264.0,520.0,554.0,660.0,370.0,659.0,461.0,721.0,615.0,580.0,629.0
3010,20250314,0,564.0,444.0,418.0,381.0,394.0,397.0,453.0,550.0,455.0,602.0,596.0,636.0,680.0,672.0,503.0,653.0,576.0,517.0,651.0
3011,20250824,0,450.0,370.0,457.0,410.0,319.0,344.0,402.0,361.0,498.0,410.0,576.0,645.0,991.0,717.0,435.0,587.0,607.0,592.0,620.0
3012,20250901,0,570.0,423.0,332.0,450.0,425.0,379.0,444.0,548.0,374.0,542.0,574.0,584.0,384.0,686.0,512.0,470.0,613.0,518.0,650.0
3013,20251001,0,535.0,393.0,400.0,454.0,339.0,415.0,446.0,447.0,403.0,521.0,565.0,679.0,853.0,684.0,467.0,587.0,609.0,557.0,646.0
3014,20250521,0,504.0,426.0,432.0,442.0,378.0,503.0,421.0,339.0,317.0,500.0,580.0,688.0,696.0,683.0,481.0,547.0,580.0,557.0,608.0
3015,20250707,0,481.0,387.0,322.0,494.0,351.0,510.0,412.0,483.0,455.0,469.0,569.0,690.0,742.0,686.0,489.0,521.0,615.0,468.0,656.0
3016,20250615,0,510.0,400.0,400.0,435.0,326.0,469.0,410.0,591.0,434.0,479.0,578.0,685.0,457.0,686.0,485.0,588.0,530.0,438.0,569.0
3017,20250927,0,508.0,442.0,409.0,484.0,336.0,420.0,457.0,599.0,411.0,456.0,560.0,674.0,574.0,688.0,487.0,638.0,572.0,517.0,601.0
3018,20250725,0,505.0,387.0,436.0,330.0,341.0,329.0,424.0,521.0,465.0,473.0,601.0,639.0,913.0,718.0,443.0,632.0,622.0,597.0,646.0
3019,20250611,0,520.0,374.0,508.0,391.0,378.0,502.0,442.0,586.0,510.0,493.0,599.0,627.0,442.0,682.0,484.0,621.0,518.0,461.0,568.0
3020,20250606,0,499.0,360.0,300.0,321.0,417.0,444.0,388.0,437.0,429.0,479.0,614.0,552.0,678.0,690.0,489.0,473.0,552.0,404.0,632.0
3021,20250703,0,500.0,373.0,378.0,341.0,339.0,360.0,391.0,543.0,549.0,431.0,593.0,665.0,952.0,698.0,448.0,613.0,525.0,502.0,533.0
3022,20251017,0,473.0,373.0,378.0,311.0,310.0,300.0,410.0,607.0,470.0,432.0,605.0,676.0,962.0,702.0,470.0,580.0,630.0,553.0,621.0
3023,20250501,0,511.0,401.0,364.0,443.0,366.0,462.0,392.0,533.0,438.0,515.0,578.0,700.0,722.0,681.0,471.0,555.0,569.0,484.0,643.0
3024,20250918,0,499.0,393.0,429.0,442.0,338.0,407.0,450.0,460.0,379.0,447.0,570.0,696.0,883.0,702.0,448.0,572.0,596.0,547.0,650.0
3025,20251105,0,486.0,385.0,388.0,316.0,363.0,380.0,413.0,481.0,402.0,402.0,598.0,670.0,897.0,713.0,489.0,544.0,576.0,494.0,603.0
3026,20250316,0,538.0,413.0,448.0,487.0,340.0,433.0,439.0,464.0,382.0,508.0,557.0,687.0,845.0,675.0,456.0,524.0,577.0,502.0,635.0
3027,20250919,0,525.0,437.0,393.0,483.0,350.0,462.0,443.0,539.0,345.0,552.0,555.0,693.0,830.0,672.0,484.0,692.0,581.0,507.0,649.0
3028,20251016,0,521.0,400.0,429.0,536.0,381.0,548.0,449.0,599.0,408.0,558.0,561.0,692.0,501.0,669.0,496.0,626.0,564.0,463.0,642.0
3029,20250828,0,515.0,423.0,424.0,411.0,375.0,434.0,456.0,696.0,514.0,489.0,576.0,692.0,645.0,682.0,456.0,657.0,550.0,491.0,604.0
3030,20250601,0,525.0,436.0,322.0,509.0,371.0,565.0,410.0,448.0,307.0,526.0,554.0,700.0,640.0,672.0,487.0,547.0,538.0,447.0,643.0
3031,20250725,0,499.0,365.0,354.0,334.0,317.0,339.0,396.0,451.0,455.0,441.0,603.0,683.0,930.0,696.0,479.0,553.0,560.0,530.0,628.0
3032,20250822,0,510.0,430.0,496.0,505.0,350.0,423.0,440.0,520.0,535.0,507.0,562.0,673.0,909.0,685.0,435.0,635.0,543.0,587.0,593.0
3033,20251017,0,513.0,379.0,411.0,339.0,331.0,367.0,425.0,512.0,501.0,507.0,596.0,649.0,928.0,685.0,478.0,559.0,603.0,486.0,638.0
3034,20251017,0,502.0,454.0,491.0,519.0,372.0,412.0,467.0,538.0,546.0,480.0,538.0,651.0,925.0,687.0,470.0,592.0,647.0,580.0,650.0
3035,20250906,0,455.0,393.0,424.0,391.0,335.0,344.0,391.0,429.0,392.0,427.0,588.0,627.0,992.0,720.0,445.0,594.0,643.0,574.0,647.0
3036,20250428,0,554.0,419.0,404.0,448.0,393.0,502.0,430.0,551.0,343.0,532.0,574.0,659.0,798.0,666.0,521.0,518.0,612.0,537.0,647.0
3037,20251012,0,451.0,369.0,426.0,300.0,350.0,366.0,361.0,527.0,505.0,403.0,614.0,700.0,992.0,723.0,436.0,584.0,607.0,555.0,637.0
3038,20250701,0,514.0,375.0,426.0,329.0,330.0,300.0,429.0,552.0,476.0,435.0,607.0,673.0,784.0,696.0,464.0,648.0,522.0,489.0,541.0
3039,20250608,0,536.0,477.0,410.0,477.0,389.0,548.0,480.0,503.0,279.0,543.0,563.0,678.0,635.0,661.0,485.0,612.0,592.0,504.0,648.0
3040,20250320,0,527.0,389.0,478.0,470.0,367.0,485.0,447.0,434.0,316.0,559.0,575.0,634.0,565.0,678.0,487.0,577.0,581.0,472.0,639.0
3041,20250310,0,525.0,448.0,485.0,630.0,423.0,448.0,503.0,719.0,417.0,533.0,525.0,619.0,844.0,679.0,481.0,660.0,633.0,558.0,644.0
3042,20250402,0,505.0,405.0,322.0,451.0,377.0,508.0,417.0,572.0,472.0,498.0,576.0,700.0,325.0,677.0,472.0,602.0,553.0,457.0,644.0
3043,20250314,0,518.0,382.0,322.0,516.0,381.0,507.0,415.0,424.0,527.0,510.0,556.0,654.0,581.0,672.0,479.0,524.0,531.0,480.0,543.0
3044,20250530,0,503.0,421.0,457.0,468.0,414.0,406.0,470.0,300.0,391.0,455.0,549.0,590.0,966.0,706.0,447.0,600.0,636.0,611.0,632.0
3045,20250730,0,557.0,422.0,370.0,519.0,389.0,596.0,442.0,670.0,402.0,593.0,551.0,663.0,494.0,645.0,512.0,643.0,532.0,425.0,645.0
3046,20251001,0,532.0,383.0,448.0,511.0,344.0,404.0,462.0,560.0,412.0,516.0,564.0,689.0,887.0,685.0,435.0,617.0,620.0,541.0,646.0
3047,20250522,0,532.0,438.0,322.0,476.0,354.0,537.0,392.0,428.0,248.0,520.0,556.0,663.0,794.0,667.0,480.0,459.0,569.0,521.0,619.0
3048,20250827,0,508.0,359.0,390.0,313.0,344.0,346.0,375.0,416.0,502.0,347.0,598.0,664.0,993.0,735.0,454.0,591.0,632.0,578.0,632.0
3049,20250924,0,513.0,437.0,409.0,503.0,365.0,516.0,429.0,362.0,384.0,518.0,564.0,690.0,304.0,678.0,499.0,581.0,525.0,452.0,596.0
3050,20250831,0,541.0,428.0,443.0,476.0,401.0,520.0,464.0,604.0,422.0,554.0,533.0,603.0,470.0,659.0,471.0,572.0,585.0,507.0,637.0
3051,20251020,0,534.0,438.0,418.0,492.0,392.0,551.0,445.0,588.0,341.0,532.0,559.0,674.0,477.0,661.0,493.0,594.0,579.0,511.0,637.0
3052,20251014,0,470.0,347.0,331.0,307.0,342.0,300.0,334.0,263.0,432.0,369.0,622.0,682.0,988.0,727.0,434.0,432.0,646.0,616.0,629.0
3053,20251104,0,535.0,414.0,423.0,487.0,340.0,490.0,446.0,608.0,350.0,513.0,566.0,689.0,472.0,659.0,493.0,604.0,544.0,472.0,646.0
3054,20250507,0,540.0,410.0,490.0,614.0,398.0,516.0,480.0,541.0,383.0,582.0,514.0,670.0,602.0,663.0,476.0,628.0,553.0,446.0,640.0
3055,20250322,0,493.0,479.0,530.0,539.0,444.0,458.0,477.0,575.0,521.0,495.0,523.0,578.0,37.0,689.0,470.0,640.0,384.0,489.0,511.0
3056,20250517,0,516.0,426.0,429.0,447.0,350.0,451.0,437.0,400.0,399.0,542.0,582.0,657.0,838.0,689.0,490.0,623.0,590.0,506.0,650.0
3057,20250603,0,516.0,457.0,485.0,523.0,391.0,425.0,485.0,566.0,470.0,509.0,542.0,641.0,919.0,687.0,446.0,627.0,596.0,567.0,634.0
3058,20250917,0,454.0,398.0,478.0,399.0,344.0,371.0,414.0,478.0,415.0,436.0,579.0,678.0,911.0,692.0,431.0,682.0,605.0,598.0,599.0
3059,20250806,0,513.0,458.0,530.0,587.0,407.0,512.0,467.0,529.0,451.0,489.0,539.0,636.0,162.0,682.0,485.0,627.0,518.0,473.0,606.0
3060,20251205,0,512.0,404.0,406.0,562.0,361.0,538.0,439.0,670.0,400.0,510.0,558.0,685.0,589.0,675.0,491.0,586.0,572.0,508.0,659.0
3061,20250919,0,505.0,410.0,429.0,473.0,337.0,465.0,440.0,515.0,398.0,494.0,583.0,691.0,768.0,674.0,488.0,622.0,589.0,477.0,627.0
3062,20250606,0,535.0,420.0,456.0,458.0,364.0,407.0,478.0,351.0,410.0,516.0,564.0,603.0,875.0,706.0,443.0,589.0,576.0,574.0,621.0
3063,20250613,0,529.0,397.0,424.0,430.0,358.0,440.0,429.0,519.0,479.0,490.0,577.0,684.0,814.0,679.0,478.0,598.0,556.0,519.0,627.0
3064,20251015,0,486.0,417.0,463.0,422.0,363.0,449.0,427.0,473.0,408.0,462.0,575.0,700.0,691.0,686.0,483.0,581.0,555.0,496.0,599.0
3065,20250811,0,545.0,447.0,490.0,517.0,417.0,453.0,487.0,630.0,380.0,562.0,564.0,647.0,328.0,692.0,522.0,616.0,549.0,500.0,517.0
3066,20250724,0,527.0,442.0,578.0,586.0,408.0,529.0,482.0,685.0,308.0,533.0,549.0,634.0,229.0,669.0,483.0,706.0,523.0,511.0,611.0
3067,20250613,0,523.0,388.0,419.0,300.0,340.0,359.0,422.0,529.0,406.0,436.0,621.0,681.0,974.0,702.0,446.0,631.0,640.0,569.0,644.0
3068,20251108,0,492.0,409.0,322.0,401.0,343.0,491.0,385.0,324.0,289.0,478.0,581.0,700.0,722.0,686.0,481.0,463.0,601.0,460.0,640.0
3069,20250827,0,536.0,402.0,484.0,648.0,398.0,529.0,478.0,531.0,434.0,506.0,530.0,664.0,444.0,679.0,498.0,610.0,558.0,489.0,629.0
3070,20251005,0,514.0,409.0,352.0,516.0,451.0,530.0,431.0,514.0,471.0,524.0,546.0,700.0,261.0,671.0,488.0,574.0,588.0,447.0,644.0
3071,20250615,0,486.0,397.0,496.0,543.0,364.0,389.0,461.0,686.0,367.0,438.0,556.0,668.0,528.0,696.0,473.0,659.0,512.0,529.0,589.0
3072,20250723,0,499.0,373.0,321.0,359.0,382.0,412.0,424.0,617.0,697.0,500.0,607.0,606.0,482.0,679.0,487.0,611.0,599.0,476.0,636.0
3073,20250812,0,516.0,399.0,448.0,523.0,325.0,365.0,431.0,487.0,372.0,476.0,574.0,685.0,865.0,684.0,472.0,594.0,591.0,525.0,634.0
3074,20250803,0,472.0,375.0,465.0,408.0,337.0,366.0,416.0,352.0,440.0,433.0,589.0,682.0,881.0,697.0,466.0,517.0,534.0,527.0,598.0
3075,20250427,0,519.0,426.0,443.0,476.0,421.0,527.0,459.0,682.0,402.0,504.0,533.0,690.0,425.0,663.0,489.0,621.0,530.0,438.0,642.0
3076,20250918,0,546.0,476.0,476.0,585.0,472.0,512.0,500.0,356.0,392.0,538.0,533.0,579.0,349.0,682.0,480.0,640.0,513.0,542.0,563.0
3077,20251006,0,521.0,432.0,350.0,441.0,364.0,514.0,423.0,473.0,364.0,541.0,584.0,655.0,514.0,669.0,490.0,501.0,583.0,499.0,640.0
3078,20250501,0,507.0,433.0,451.0,477.0,431.0,489.0,427.0,350.0,414.0,470.0,551.0,664.0,94.0,689.0,498.0,564.0,623.0,475.0,630.0
3079,20250312,0,536.0,386.0,327.0,384.0,347.0,382.0,428.0,357.0,326.0,454.0,586.0,672.0,804.0,696.0,451.0,496.0,657.0,573.0,657.0
3080,20251030,0,507.0,389.0,403.0,480.0,387.0,543.0,449.0,607.0,477.0,524.0,547.0,662.0,539.0,672.0,494.0,610.0,560.0,444.0,645.0
3081,20251031,0,560.0,430.0,412.0,317.0,446.0,347.0,452.0,489.0,457.0,532.0,595.0,574.0,51.0,701.0,543.0,590.0,558.0,598.0,559.0
3082,20250711,0,496.0,338.0,331.0,315.0,317.0,310.0,364.0,347.0,381.0,441.0,616.0,668.0,947.0,699.0,462.0,434.0,616.0,530.0,642.0
3083,20250908,0,481.0,400.0,363.0,390.0,317.0,354.0,389.0,402.0,324.0,444.0,586.0,684.0,943.0,705.0,471.0,464.0,598.0,471.0,646.0
3084,20250816,0,510.0,362.0,334.0,389.0,330.0,367.0,415.0,279.0,368.0,452.0,585.0,670.0,983.0,694.0,447.0,456.0,611.0,588.0,641.0
3085,20250714,0,528.0,398.0,470.0,646.0,418.0,533.0,460.0,661.0,395.0,515.0,529.0,689.0,842.0,674.0,494.0,622.0,567.0,461.0,645.0
3086,20250625,0,484.0,379.0,331.0,316.0,325.0,328.0,397.0,378.0,367.0,460.0,641.0,673.0,941.0,691.0,468.0,454.0,600.0,526.0,653.0
3087,20251006,0,519.0,434.0,526.0,555.0,369.0,459.0,484.0,775.0,462.0,467.0,549.0,670.0,796.0,682.0,492.0,632.0,621.0,520.0,646.0
3088,20251115,0,484.0,400.0,301.0,366.0,325.0,390.0,367.0,369.0,377.0,444.0,603.0,700.0,803.0,693.0,478.0,502.0,542.0,484.0,575.0
3089,20251110,0,522.0,420.0,457.0,413.0,338.0,344.0,454.0,734.0,379.0,431.0,576.0,629.0,987.0,728.0,454.0,630.0,615.0,591.0,572.0
3090,20251110,0,509.0,376.0,448.0,384.0,361.0,404.0,411.0,394.0,447.0,480.0,587.0,691.0,886.0,679.0,454.0,572.0,609.0,516.0,634.0
3091,20250407,0,503.0,383.0,491.0,498.0,421.0,392.0,399.0,408.0,589.0,460.0,545.0,553.0,916.0,698.0,461.0,563.0,624.0,549.0,642.0
3092,20250515,0,467.0,383.0,457.0,492.0,351.0,389.0,432.0,312.0,445.0,443.0,558.0,655.0,975.0,709.0,443.0,519.0,640.0,594.0,644.0
3093,20250930,0,519.0,459.0,423.0,532.0,402.0,583.0,445.0,490.0,396.0,543.0,557.0,686.0,461.0,668.0,491.0,582.0,537.0,492.0,660.0
3094,20251009,0,503.0,437.0,418.0,468.0,404.0,561.0,458.0,536.0,389.0,533.0,505.0,686.0,105.0,669.0,491.0,675.0,610.0,473.0,629.0
3095,20250408,0,515.0,410.0,376.0,434.0,346.0,415.0,415.0,521.0,396.0,457.0,584.0,692.0,698.0,689.0,485.0,551.0,515.0,524.0,588.0
3096,20250701,0,502.0,411.0,300.0,356.0,343.0,385.0,389.0,266.0,470.0,488.0,614.0,636.0,778.0,685.0,486.0,519.0,583.0,474.0,647.0
3097,20250630,0,505.0,404.0,322.0,513.0,351.0,520.0,386.0,563.0,480.0,481.0,563.0,700.0,945.0,688.0,484.0,575.0,588.0,463.0,649.0
3098,20250628,0,508.0,386.0,426.0,334.0,324.0,360.0,410.0,337.0,401.0,481.0,599.0,673.0,932.0,693.0,452.0,582.0,641.0,546.0,639.0
3099,20250705,0,538.0,422.0,450.0,507.0,372.0,425.0,435.0,570.0,420.0,524.0,551.0,652.0,742.0,678.0,450.0,650.0,593.0,544.0,593.0
3100,20251002,0,492.0,384.0,406.0,443.0,325.0,354.0,411.0,442.0,486.0,456.0,573.0,691.0,854.0,692.0,475.0,551.0,588.0,530.0,651.0
3101,20250517,0,516.0,409.0,334.0,470.0,405.0,555.0,431.0,492.0,453.0,562.0,550.0,645.0,672.0,679.0,501.0,605.0,570.0,451.0,646.0
3102,20250922,0,504.0,386.0,331.0,311.0,356.0,378.0,349.0,346.0,498.0,439.0,614.0,700.0,919.0,692.0,448.0,477.0,596.0,585.0,632.0
3103,20250608,0,488.0,345.0,436.0,317.0,341.0,346.0,414.0,486.0,441.0,449.0,603.0,660.0,964.0,713.0,440.0,601.0,634.0,602.0,648.0
3104,20250411,0,558.0,424.0,490.0,645.0,472.0,600.0,486.0,645.0,351.0,573.0,551.0,663.0,338.0,648.0,513.0,668.0,536.0,448.0,642.0
3105,20250404,0,480.0,407.0,475.0,391.0,330.0,347.0,443.0,406.0,406.0,473.0,591.0,631.0,913.0,693.0,471.0,649.0,627.0,552.0,660.0
3106,20250915,0,509.0,388.0,322.0,396.0,354.0,499.0,408.0,447.0,447.0,528.0,584.0,690.0,641.0,669.0,490.0,531.0,542.0,457.0,633.0
3107,20251002,0,482.0,393.0,475.0,314.0,362.0,395.0,452.0,427.0,474.0,506.0,598.0,617.0,935.0,712.0,441.0,588.0,598.0,504.0,616.0
3108,20250719,0,465.0,360.0,378.0,307.0,322.0,300.0,403.0,477.0,484.0,393.0,618.0,662.0,993.0,719.0,448.0,535.0,634.0,606.0,644.0
3109,20251003,0,509.0,395.0,370.0,356.0,335.0,492.0,403.0,392.0,348.0,505.0,592.0,684.0,709.0,673.0,483.0,531.0,532.0,427.0,636.0
3110,20250702,0,523.0,407.0,457.0,320.0,379.0,359.0,438.0,632.0,450.0,456.0,607.0,651.0,708.0,695.0,469.0,685.0,499.0,554.0,569.0
3111,20250912,0,529.0,476.0,413.0,486.0,390.0,584.0,403.0,318.0,361.0,551.0,532.0,700.0,446.0,658.0,490.0,566.0,552.0,442.0,642.0
3112,20250420,0,531.0,415.0,530.0,538.0,396.0,435.0,481.0,452.0,454.0,535.0,535.0,641.0,741.0,676.0,512.0,609.0,593.0,499.0,633.0
3113,20250810,0,519.0,403.0,429.0,472.0,341.0,435.0,434.0,664.0,352.0,512.0,565.0,689.0,847.0,684.0,489.0,678.0,598.0,538.0,637.0
3114,20250910,0,522.0,425.0,485.0,547.0,384.0,471.0,478.0,622.0,548.0,557.0,535.0,649.0,660.0,658.0,468.0,607.0,605.0,521.0,646.0
3115,20250823,0,501.0,387.0,408.0,347.0,339.0,368.0,417.0,653.0,510.0,450.0,600.0,687.0,820.0,697.0,475.0,690.0,567.0,499.0,567.0
3116,20251031,0,515.0,417.0,485.0,486.0,370.0,539.0,429.0,454.0,403.0,532.0,556.0,688.0,618.0,672.0,490.0,589.0,639.0,472.0,655.0
3117,20251007,0,545.0,500.0,546.0,665.0,421.0,558.0,530.0,725.0,380.0,555.0,495.0,674.0,327.0,649.0,480.0,666.0,579.0,482.0,639.0
3118,20251024,0,537.0,407.0,334.0,456.0,351.0,457.0,440.0,442.0,322.0,494.0,568.0,673.0,817.0,682.0,475.0,530.0,611.0,526.0,643.0
3119,20250714,0,527.0,394.0,402.0,413.0,375.0,452.0,434.0,589.0,410.0,522.0,590.0,695.0,786.0,662.0,486.0,579.0,623.0,531.0,628.0
3120,20251003,0,491.0,394.0,400.0,581.0,358.0,487.0,453.0,518.0,429.0,499.0,568.0,700.0,622.0,684.0,488.0,575.0,583.0,493.0,656.0
3121,20250706,0,519.0,458.0,496.0,510.0,354.0,397.0,468.0,596.0,531.0,556.0,563.0,627.0,728.0,694.0,454.0,652.0,479.0,545.0,549.0
3122,20250320,0,529.0,413.0,322.0,492.0,375.0,521.0,414.0,389.0,424.0,517.0,569.0,664.0,733.0,681.0,478.0,527.0,579.0,491.0,644.0
3123,20251004,0,526.0,440.0,457.0,532.0,365.0,457.0,467.0,551.0,375.0,531.0,556.0,676.0,830.0,685.0,511.0,647.0,560.0,494.0,651.0
3124,20250707,0,543.0,438.0,457.0,606.0,418.0,530.0,474.0,717.0,492.0,546.0,553.0,633.0,234.0,667.0,486.0,642.0,497.0,489.0,568.0
3125,20251103,0,494.0,418.0,417.0,447.0,335.0,394.0,457.0,660.0,361.0,473.0,572.0,695.0,957.0,682.0,484.0,630.0,593.0,486.0,641.0
3126,20250524,0,506.0,359.0,312.0,391.0,322.0,369.0,403.0,333.0,487.0,482.0,589.0,673.0,969.0,699.0,456.0,521.0,597.0,552.0,650.0
3127,20250804,0,520.0,390.0,429.0,388.0,335.0,373.0,434.0,336.0,424.0,490.0,587.0,668.0,847.0,681.0,459.0,555.0,580.0,526.0,646.0
3128,20250621,0,517.0,383.0,465.0,402.0,373.0,416.0,432.0,676.0,516.0,486.0,593.0,665.0,181.0,688.0,474.0,653.0,466.0,499.0,526.0
3129,20250907,0,560.0,429.0,457.0,475.0,340.0,363.0,467.0,617.0,393.0,514.0,573.0,647.0,817.0,682.0,470.0,648.0,546.0,525.0,571.0
3130,20250717,0,522.0,405.0,406.0,518.0,393.0,543.0,443.0,598.0,386.0,531.0,564.0,691.0,503.0,667.0,491.0,585.0,579.0,491.0,629.0
3131,20251014,0,518.0,449.0,496.0,514.0,332.0,398.0,460.0,670.0,521.0,470.0,565.0,673.0,717.0,688.0,456.0,665.0,538.0,502.0,631.0
3132,20250313,0,523.0,420.0,475.0,537.0,383.0,498.0,458.0,546.0,354.0,527.0,544.0,666.0,815.0,674.0,478.0,579.0,571.0,458.0,643.0
3133,20250910,0,568.0,446.0,400.0,475.0,365.0,466.0,482.0,522.0,328.0,605.0,581.0,665.0,387.0,660.0,498.0,567.0,583.0,513.0,599.0
3134,20250429,0,462.0,384.0,436.0,317.0,328.0,329.0,394.0,515.0,534.0,435.0,599.0,612.0,991.0,728.0,441.0,569.0,596.0,598.0,582.0
3135,20250714,0,586.0,495.0,443.0,545.0,529.0,552.0,550.0,536.0,203.0,579.0,505.0,300.0,441.0,613.0,515.0,613.0,554.0,433.0,644.0
3136,20250802,0,500.0,378.0,436.0,309.0,331.0,300.0,393.0,412.0,475.0,433.0,604.0,639.0,992.0,727.0,444.0,562.0,623.0,611.0,624.0
3137,20250611,0,517.0,341.0,475.0,313.0,365.0,300.0,388.0,604.0,556.0,394.0,613.0,604.0,969.0,718.0,437.0,609.0,563.0,628.0,587.0
3138,20251025,0,499.0,470.0,322.0,437.0,363.0,508.0,446.0,605.0,447.0,508.0,583.0,642.0,514.0,680.0,481.0,568.0,532.0,431.0,639.0
3139,20251010,0,512.0,426.0,409.0,504.0,340.0,404.0,446.0,420.0,457.0,458.0,552.0,673.0,919.0,684.0,476.0,577.0,583.0,524.0,648.0
3140,20251005,0,549.0,416.0,462.0,532.0,399.0,556.0,449.0,667.0,476.0,567.0,555.0,649.0,390.0,661.0,484.0,644.0,558.0,527.0,630.0
3141,20250822,0,505.0,404.0,457.0,390.0,318.0,366.0,424.0,244.0,415.0,482.0,583.0,658.0,875.0,693.0,442.0,602.0,607.0,575.0,625.0
3142,20251019,0,508.0,400.0,457.0,503.0,363.0,434.0,443.0,495.0,403.0,436.0,559.0,679.0,622.0,690.0,466.0,602.0,585.0,554.0,612.0
3143,20250601,0,499.0,420.0,457.0,437.0,360.0,365.0,459.0,375.0,422.0,493.0,576.0,657.0,795.0,699.0,434.0,619.0,582.0,586.0,615.0
3144,20250731,0,519.0,390.0,378.0,374.0,353.0,391.0,412.0,509.0,414.0,505.0,608.0,679.0,831.0,682.0,479.0,547.0,574.0,504.0,648.0
3145,20250920,0,547.0,438.0,478.0,463.0,425.0,461.0,464.0,420.0,426.0,479.0,566.0,596.0,185.0,703.0,532.0,618.0,508.0,486.0,470.0
3146,20250822,0,509.0,345.0,418.0,317.0,330.0,300.0,401.0,285.0,433.0,416.0,606.0,644.0,986.0,719.0,421.0,515.0,643.0,580.0,649.0
3147,20251017,0,501.0,451.0,426.0,313.0,391.0,382.0,430.0,597.0,346.0,451.0,604.0,700.0,626.0,683.0,484.0,637.0,615.0,545.0,562.0
3148,20250704,0,547.0,430.0,463.0,532.0,408.0,558.0,477.0,681.0,400.0,543.0,545.0,672.0,207.0,670.0,510.0,688.0,546.0,500.0,645.0
3149,20250318,0,513.0,392.0,301.0,317.0,351.0,358.0,379.0,424.0,411.0,460.0,638.0,641.0,844.0,689.0,482.0,483.0,602.0,526.0,645.0
3150,20250908,0,520.0,408.0,376.0,413.0,330.0,404.0,441.0,398.0,369.0,529.0,576.0,685.0,906.0,678.0,459.0,578.0,576.0,524.0,648.0
3151,20250507,0,541.0,414.0,322.0,440.0,376.0,520.0,404.0,430.0,339.0,554.0,584.0,613.0,276.0,681.0,490.0,527.0,555.0,497.0,642.0
3152,20251104,0,499.0,405.0,441.0,528.0,345.0,448.0,448.0,704.0,497.0,468.0,555.0,693.0,712.0,683.0,488.0,637.0,587.0,444.0,647.0
3153,20250710,0,524.0,393.0,418.0,329.0,319.0,343.0,411.0,611.0,540.0,512.0,599.0,634.0,941.0,684.0,445.0,607.0,584.0,552.0,654.0
3154,20250520,0,536.0,425.0,451.0,482.0,393.0,441.0,495.0,546.0,323.0,528.0,568.0,680.0,671.0,673.0,475.0,688.0,633.0,546.0,619.0
3155,20250312,0,493.0,399.0,324.0,333.0,365.0,475.0,397.0,420.0,449.0,464.0,597.0,640.0,644.0,686.0,482.0,511.0,562.0,446.0,643.0
3156,20251028,0,514.0,410.0,439.0,407.0,319.0,350.0,420.0,540.0,567.0,474.0,581.0,655.0,871.0,690.0,457.0,592.0,650.0,573.0,635.0
3157,20250408,0,532.0,388.0,310.0,383.0,355.0,364.0,425.0,440.0,521.0,500.0,588.0,613.0,922.0,693.0,473.0,455.0,626.0,578.0,657.0
3158,20250519,0,518.0,412.0,322.0,390.0,364.0,414.0,433.0,377.0,462.0,497.0,593.0,613.0,412.0,692.0,473.0,551.0,545.0,473.0,593.0
3159,20250327,0,500.0,430.0,491.0,507.0,410.0,407.0,439.0,571.0,653.0,482.0,543.0,574.0,901.0,690.0,477.0,595.0,596.0,581.0,617.0
3160,20250624,0,514.0,440.0,355.0,506.0,410.0,571.0,417.0,443.0,310.0,516.0,564.0,669.0,333.0,689.0,501.0,517.0,596.0,527.0,602.0
3161,20250505,0,503.0,381.0,469.0,437.0,368.0,408.0,448.0,454.0,367.0,494.0,584.0,611.0,432.0,691.0,486.0,551.0,483.0,492.0,504.0
3162,20250702,0,499.0,395.0,412.0,437.0,321.0,395.0,436.0,453.0,460.0,475.0,583.0,700.0,862.0,687.0,457.0,627.0,592.0,504.0,644.0
3163,20251020,0,526.0,401.0,530.0,579.0,369.0,401.0,448.0,500.0,561.0,524.0,534.0,630.0,778.0,683.0,473.0,577.0,571.0,540.0,624.0
3164,20251110,0,508.0,395.0,331.0,373.0,341.0,486.0,411.0,485.0,375.0,504.0,595.0,678.0,594.0,678.0,478.0,484.0,587.0,487.0,640.0
3165,20251022,0,513.0,411.0,334.0,511.0,375.0,544.0,432.0,526.0,373.0,501.0,567.0,675.0,557.0,678.0,499.0,598.0,517.0,498.0,632.0
3166,20250610,0,542.0,433.0,560.0,490.0,396.0,482.0,473.0,702.0,390.0,560.0,523.0,636.0,322.0,670.0,481.0,664.0,588.0,521.0,639.0
3167,20251112,0,478.0,402.0,417.0,459.0,328.0,407.0,436.0,407.0,344.0,444.0,560.0,676.0,816.0,702.0,441.0,582.0,613.0,579.0,638.0
3168,20250501,0,514.0,390.0,457.0,491.0,372.0,414.0,453.0,513.0,516.0,488.0,551.0,611.0,780.0,689.0,440.0,603.0,609.0,533.0,623.0
3169,20250425,0,535.0,446.0,510.0,401.0,369.0,366.0,471.0,539.0,282.0,546.0,582.0,662.0,845.0,680.0,439.0,622.0,578.0,553.0,581.0
3170,20250831,0,531.0,465.0,429.0,546.0,364.0,419.0,481.0,643.0,286.0,548.0,567.0,676.0,534.0,688.0,492.0,707.0,624.0,548.0,640.0
3171,20250313,0,542.0,441.0,322.0,519.0,376.0,541.0,454.0,554.0,358.0,515.0,562.0,641.0,510.0,673.0,487.0,557.0,583.0,499.0,646.0
3172,20250825,0,517.0,423.0,321.0,308.0,411.0,353.0,432.0,495.0,437.0,472.0,613.0,554.0,905.0,696.0,460.0,575.0,584.0,590.0,617.0
3173,20250827,0,565.0,421.0,350.0,468.0,402.0,563.0,468.0,472.0,345.0,596.0,550.0,636.0,663.0,681.0,461.0,555.0,569.0,544.0,624.0
3174,20251028,0,490.0,363.0,408.0,314.0,355.0,414.0,396.0,494.0,399.0,466.0,602.0,698.0,867.0,687.0,457.0,545.0,641.0,557.0,649.0
3175,20250428,0,508.0,421.0,356.0,472.0,391.0,568.0,435.0,308.0,383.0,546.0,508.0,700.0,376.0,669.0,477.0,537.0,583.0,498.0,626.0
3176,20250531,0,533.0,420.0,457.0,498.0,372.0,456.0,476.0,586.0,349.0,525.0,559.0,655.0,618.0,680.0,492.0,640.0,595.0,544.0,640.0
3177,20250311,0,514.0,431.0,457.0,477.0,413.0,443.0,435.0,584.0,518.0,493.0,554.0,613.0,347.0,682.0,450.0,598.0,583.0,563.0,619.0
3178,20251111,0,528.0,424.0,321.0,439.0,343.0,486.0,418.0,530.0,363.0,523.0,578.0,692.0,640.0,680.0,482.0,567.0,544.0,443.0,642.0
3179,20251019,0,551.0,412.0,436.0,330.0,364.0,344.0,437.0,608.0,419.0,500.0,594.0,668.0,811.0,696.0,500.0,617.0,623.0,596.0,650.0
3180,20250828,0,549.0,405.0,465.0,400.0,357.0,448.0,439.0,407.0,365.0,555.0,591.0,680.0,829.0,679.0,478.0,576.0,563.0,505.0,615.0
3181,20251009,0,535.0,470.0,456.0,613.0,455.0,549.0,512.0,557.0,309.0,537.0,533.0,691.0,245.0,661.0,504.0,618.0,564.0,500.0,643.0
3182,20251115,0,503.0,426.0,426.0,321.0,344.0,412.0,422.0,649.0,312.0,446.0,597.0,694.0,899.0,686.0,512.0,618.0,588.0,562.0,644.0
3183,20251031,0,507.0,424.0,321.0,474.0,386.0,533.0,427.0,488.0,358.0,516.0,555.0,682.0,663.0,670.0,469.0,518.0,585.0,508.0,617.0
3184,20251004,0,481.0,394.0,376.0,391.0,348.0,381.0,425.0,342.0,378.0,435.0,583.0,682.0,886.0,695.0,458.0,510.0,611.0,570.0,629.0
3185,20251026,0,492.0,416.0,416.0,511.0,431.0,583.0,437.0,629.0,397.0,485.0,513.0,700.0,232.0,688.0,472.0,582.0,629.0,511.0,623.0
3186,20250519,0,535.0,417.0,409.0,508.0,362.0,394.0,451.0,480.0,504.0,530.0,568.0,631.0,216.0,685.0,472.0,576.0,597.0,538.0,619.0
3187,20250912,0,518.0,368.0,375.0,443.0,328.0,362.0,413.0,417.0,453.0,505.0,579.0,688.0,911.0,684.0,482.0,498.0,630.0,494.0,652.0
3188,20250714,0,497.0,390.0,378.0,304.0,406.0,410.0,404.0,597.0,553.0,422.0,612.0,623.0,627.0,695.0,464.0,601.0,547.0,545.0,551.0
3189,20250911,0,560.0,431.0,524.0,503.0,445.0,408.0,455.0,579.0,625.0,525.0,544.0,552.0,167.0,702.0,521.0,633.0,286.0,588.0,474.0
3190,20250614,0,528.0,367.0,393.0,303.0,346.0,342.0,404.0,349.0,454.0,411.0,605.0,678.0,925.0,698.0,435.0,539.0,635.0,573.0,654.0
3191,20251112,0,542.0,409.0,448.0,469.0,360.0,431.0,451.0,513.0,429.0,517.0,562.0,646.0,740.0,676.0,466.0,613.0,597.0,540.0,630.0
3192,20251023,0,504.0,421.0,376.0,464.0,338.0,393.0,437.0,627.0,396.0,487.0,574.0,694.0,823.0,682.0,479.0,668.0,599.0,520.0,630.0
3193,20250321,0,523.0,445.0,491.0,510.0,389.0,405.0,453.0,661.0,697.0,499.0,535.0,578.0,347.0,687.0,472.0,614.0,619.0,535.0,654.0
3194,20250916,0,519.0,444.0,429.0,604.0,372.0,523.0,465.0,661.0,529.0,557.0,552.0,690.0,490.0,670.0,488.0,626.0,559.0,505.0,604.0
3195,20250424,0,512.0,439.0,301.0,334.0,374.0,468.0,447.0,497.0,369.0,501.0,594.0,700.0,707.0,674.0,484.0,533.0,611.0,490.0,635.0
3196,20250612,0,502.0,434.0,305.0,388.0,334.0,386.0,410.0,403.0,354.0,492.0,589.0,674.0,918.0,681.0,438.0,558.0,627.0,563.0,630.0
3197,20250524,0,494.0,404.0,366.0,449.0,342.0,405.0,434.0,355.0,425.0,480.0,569.0,652.0,661.0,689.0,490.0,558.0,511.0,507.0,497.0
3198,20250923,0,541.0,418.0,457.0,537.0,381.0,442.0,478.0,422.0,372.0,510.0,538.0,679.0,861.0,666.0,494.0,595.0,607.0,486.0,645.0
3199,20251003,0,525.0,404.0,451.0,443.0,373.0,510.0,422.0,653.0,372.0,521.0,578.0,689.0,388.0,678.0,502.0,595.0,547.0,442.0,576.0
3200,20250806,0,524.0,415.0,402.0,582.0,389.0,561.0,459.0,443.0,465.0,517.0,560.0,631.0,445.0,674.0,489.0,591.0,583.0,487.0,637.0
3201,20250321,0,543.0,400.0,417.0,452.0,338.0,382.0,436.0,590.0,505.0,491.0,574.0,659.0,802.0,689.0,518.0,600.0,574.0,496.0,651.0
3202,20250428,0,527.0,429.0,376.0,529.0,385.0,463.0,482.0,477.0,358.0,492.0,551.0,692.0,916.0,683.0,483.0,562.0,567.0,512.0,637.0
3203,20250718,0,517.0,413.0,448.0,453.0,358.0,439.0,464.0,594.0,369.0,474.0,569.0,661.0,791.0,694.0,488.0,604.0,611.0,577.0,604.0
3204,20250830,0,490.0,397.0,363.0,372.0,372.0,350.0,428.0,401.0,408.0,486.0,606.0,641.0,705.0,691.0,455.0,562.0,526.0,533.0,569.0
3205,20250929,0,520.0,397.0,370.0,518.0,375.0,557.0,447.0,452.0,287.0,528.0,555.0,700.0,482.0,659.0,483.0,586.0,538.0,452.0,638.0
3206,20250524,0,525.0,408.0,441.0,532.0,377.0,557.0,444.0,651.0,425.0,548.0,554.0,687.0,689.0,665.0,488.0,697.0,557.0,467.0,645.0
3207,20250428,0,494.0,433.0,301.0,373.0,386.0,460.0,392.0,435.0,417.0,469.0,596.0,700.0,84.0,693.0,463.0,528.0,499.0,523.0,528.0
3208,20250531,0,514.0,387.0,417.0,399.0,335.0,368.0,415.0,639.0,492.0,478.0,586.0,655.0,946.0,681.0,469.0,610.0,601.0,515.0,647.0
3209,20251030,0,527.0,410.0,393.0,448.0,368.0,494.0,434.0,487.0,420.0,528.0,572.0,675.0,607.0,681.0,487.0,548.0,457.0,440.0,512.0
3210,20251119,0,481.0,402.0,436.0,341.0,333.0,361.0,442.0,674.0,486.0,462.0,593.0,683.0,956.0,697.0,450.0,585.0,647.0,604.0,630.0
3211,20250503,0,464.0,517.0,356.0,466.0,472.0,561.0,491.0,466.0,235.0,478.0,473.0,671.0,67.0,678.0,495.0,573.0,525.0,350.0,633.0
3212,20250509,0,515.0,386.0,376.0,443.0,356.0,409.0,414.0,294.0,457.0,447.0,573.0,681.0,776.0,690.0,439.0,558.0,588.0,546.0,634.0
3213,20250731,0,526.0,441.0,464.0,482.0,446.0,565.0,471.0,613.0,333.0,538.0,481.0,686.0,478.0,662.0,487.0,626.0,531.0,392.0,643.0
3214,20251120,0,449.0,399.0,360.0,316.0,320.0,354.0,385.0,667.0,403.0,394.0,596.0,676.0,945.0,719.0,484.0,546.0,620.0,580.0,643.0
3215,20250619,0,532.0,443.0,384.0,520.0,425.0,593.0,446.0,615.0,334.0,543.0,529.0,675.0,134.0,658.0,497.0,546.0,599.0,485.0,643.0
3216,20250405,0,547.0,430.0,490.0,491.0,464.0,575.0,457.0,670.0,548.0,573.0,513.0,558.0,537.0,657.0,473.0,613.0,593.0,491.0,632.0
3217,20250830,0,503.0,360.0,354.0,306.0,306.0,300.0,377.0,458.0,525.0,407.0,615.0,681.0,990.0,720.0,433.0,540.0,605.0,583.0,655.0
3218,20250825,0,510.0,413.0,352.0,439.0,348.0,434.0,436.0,475.0,402.0,506.0,581.0,700.0,794.0,681.0,468.0,504.0,616.0,531.0,638.0
3219,20251105,0,517.0,418.0,419.0,537.0,434.0,580.0,461.0,545.0,389.0,517.0,539.0,657.0,170.0,661.0,502.0,534.0,576.0,492.0,615.0
3220,20250823,0,527.0,382.0,379.0,321.0,327.0,353.0,386.0,433.0,421.0,485.0,599.0,654.0,822.0,685.0,450.0,572.0,601.0,561.0,653.0
3221,20250603,0,536.0,401.0,530.0,627.0,447.0,559.0,474.0,631.0,614.0,564.0,525.0,618.0,21.0,658.0,489.0,602.0,510.0,481.0,618.0
3222,20250803,0,421.0,370.0,475.0,306.0,336.0,300.0,415.0,420.0,511.0,423.0,620.0,656.0,992.0,726.0,446.0,549.0,543.0,596.0,607.0
3223,20250523,0,523.0,407.0,439.0,391.0,326.0,364.0,415.0,479.0,476.0,483.0,585.0,645.0,960.0,694.0,450.0,602.0,621.0,558.0,636.0
3224,20250315,0,505.0,393.0,526.0,471.0,407.0,437.0,441.0,609.0,433.0,463.0,567.0,649.0,881.0,687.0,439.0,659.0,619.0,534.0,654.0
3225,20250707,0,517.0,418.0,552.0,511.0,368.0,447.0,486.0,657.0,411.0,491.0,543.0,681.0,879.0,674.0,452.0,591.0,598.0,551.0,612.0
3226,20250402,0,501.0,364.0,436.0,306.0,339.0,300.0,402.0,438.0,578.0,469.0,612.0,625.0,968.0,707.0,435.0,596.0,611.0,585.0,629.0
3227,20250909,0,501.0,379.0,312.0,356.0,360.0,400.0,387.0,493.0,499.0,441.0,632.0,672.0,750.0,698.0,490.0,546.0,488.0,517.0,524.0
3228,20250926,0,550.0,421.0,410.0,518.0,402.0,565.0,465.0,643.0,403.0,599.0,557.0,662.0,433.0,650.0,512.0,608.0,555.0,487.0,628.0
3229,20250809,0,536.0,468.0,396.0,515.0,338.0,445.0,456.0,605.0,507.0,498.0,559.0,645.0,732.0,689.0,483.0,576.0,628.0,529.0,648.0
3230,20250816,0,482.0,347.0,436.0,307.0,332.0,300.0,380.0,433.0,610.0,423.0,609.0,649.0,965.0,721.0,449.0,601.0,608.0,566.0,594.0
3231,20251015,0,529.0,438.0,457.0,473.0,344.0,424.0,462.0,548.0,396.0,508.0,561.0,660.0,630.0,672.0,452.0,619.0,597.0,545.0,599.0
3232,20250320,0,522.0,399.0,406.0,394.0,348.0,376.0,454.0,409.0,429.0,470.0,577.0,621.0,983.0,701.0,451.0,540.0,629.0,591.0,640.0
3233,20250409,0,502.0,381.0,448.0,523.0,363.0,391.0,456.0,689.0,502.0,448.0,546.0,685.0,913.0,690.0,469.0,637.0,583.0,570.0,630.0
3234,20250614,0,521.0,391.0,322.0,519.0,385.0,558.0,419.0,525.0,420.0,527.0,555.0,605.0,457.0,676.0,493.0,595.0,580.0,483.0,632.0
3235,20250721,0,509.0,392.0,370.0,477.0,370.0,501.0,417.0,452.0,279.0,458.0,562.0,667.0,772.0,684.0,464.0,491.0,576.0,535.0,636.0
3236,20250531,0,534.0,375.0,429.0,494.0,352.0,394.0,425.0,616.0,441.0,489.0,573.0,680.0,700.0,676.0,480.0,634.0,590.0,491.0,644.0
3237,20250902,0,530.0,429.0,389.0,471.0,394.0,519.0,482.0,453.0,335.0,522.0,537.0,693.0,747.0,671.0,489.0,581.0,579.0,489.0,639.0
3238,20250915,0,517.0,401.0,378.0,356.0,317.0,372.0,451.0,388.0,286.0,487.0,594.0,688.0,947.0,690.0,458.0,535.0,599.0,548.0,646.0
3239,20251027,0,492.0,393.0,464.0,363.0,318.0,310.0,406.0,375.0,387.0,447.0,614.0,696.0,962.0,694.0,461.0,577.0,584.0,540.0,628.0
3240,20251001,0,493.0,404.0,334.0,474.0,345.0,443.0,419.0,441.0,279.0,474.0,558.0,656.0,748.0,690.0,483.0,522.0,588.0,514.0,647.0
3241,20250821,0,550.0,446.0,505.0,575.0,456.0,480.0,483.0,605.0,443.0,539.0,521.0,582.0,692.0,685.0,502.0,631.0,517.0,506.0,530.0
3242,20250808,0,486.0,375.0,364.0,393.0,324.0,371.0,415.0,465.0,524.0,443.0,584.0,687.0,874.0,694.0,449.0,562.0,630.0,541.0,634.0
3243,20251102,0,506.0,383.0,338.0,512.0,407.0,554.0,446.0,417.0,435.0,522.0,563.0,673.0,339.0,660.0,502.0,577.0,538.0,427.0,643.0
3244,20251020,0,493.0,435.0,457.0,578.0,344.0,419.0,451.0,670.0,560.0,451.0,557.0,644.0,910.0,687.0,474.0,631.0,587.0,546.0,609.0
3245,20250703,0,533.0,412.0,468.0,517.0,400.0,590.0,462.0,612.0,393.0,558.0,558.0,664.0,290.0,678.0,513.0,602.0,521.0,392.0,559.0
3246,20250401,0,528.0,383.0,498.0,402.0,351.0,352.0,434.0,421.0,498.0,494.0,579.0,672.0,908.0,672.0,484.0,565.0,539.0,504.0,591.0
3247,20250926,0,492.0,386.0,448.0,489.0,322.0,366.0,422.0,621.0,569.0,470.0,573.0,688.0,885.0,689.0,471.0,585.0,588.0,523.0,643.0
3248,20250705,0,537.0,489.0,484.0,500.0,392.0,467.0,489.0,635.0,559.0,537.0,528.0,629.0,679.0,664.0,469.0,617.0,583.0,552.0,643.0
3249,20251009,0,513.0,433.0,301.0,378.0,356.0,510.0,411.0,424.0,367.0,537.0,598.0,669.0,685.0,657.0,496.0,534.0,585.0,460.0,643.0
3250,20250324,0,519.0,417.0,352.0,442.0,372.0,500.0,430.0,576.0,417.0,486.0,582.0,676.0,587.0,684.0,497.0,554.0,591.0,520.0,634.0
3251,20251010,0,514.0,428.0,327.0,469.0,393.0,497.0,422.0,395.0,383.0,497.0,547.0,700.0,837.0,677.0,454.0,582.0,584.0,546.0,631.0
3252,20250408,0,526.0,404.0,334.0,515.0,380.0,576.0,402.0,435.0,454.0,498.0,560.0,652.0,558.0,683.0,481.0,543.0,588.0,485.0,651.0
3253,20251015,0,502.0,402.0,482.0,524.0,357.0,445.0,455.0,548.0,384.0,467.0,536.0,700.0,748.0,683.0,472.0,613.0,596.0,548.0,644.0
3254,20251101,0,547.0,414.0,516.0,516.0,383.0,500.0,460.0,550.0,437.0,574.0,548.0,675.0,543.0,668.0,490.0,568.0,596.0,504.0,640.0
3255,20251029,0,488.0,404.0,372.0,321.0,333.0,401.0,396.0,411.0,409.0,437.0,600.0,700.0,866.0,690.0,474.0,465.0,613.0,577.0,618.0
3256,20250407,0,493.0,411.0,413.0,532.0,371.0,503.0,425.0,279.0,409.0,477.0,542.0,685.0,702.0,686.0,489.0,493.0,534.0,507.0,646.0
3257,20250915,0,490.0,410.0,363.0,514.0,343.0,418.0,435.0,574.0,466.0,461.0,567.0,696.0,855.0,691.0,478.0,595.0,577.0,483.0,646.0
3258,20250608,0,494.0,353.0,312.0,335.0,330.0,351.0,352.0,387.0,473.0,444.0,602.0,700.0,718.0,687.0,449.0,494.0,622.0,539.0,612.0
3259,20250731,0,485.0,405.0,301.0,395.0,365.0,390.0,424.0,495.0,465.0,455.0,590.0,557.0,935.0,692.0,464.0,521.0,593.0,525.0,642.0
3260,20250428,0,504.0,389.0,435.0,534.0,350.0,377.0,440.0,620.0,514.0,465.0,571.0,676.0,851.0,700.0,490.0,638.0,582.0,475.0,646.0
3261,20250531,0,507.0,395.0,462.0,492.0,386.0,525.0,445.0,510.0,414.0,509.0,538.0,690.0,651.0,676.0,481.0,586.0,568.0,469.0,645.0
3262,20250911,0,574.0,473.0,537.0,652.0,443.0,540.0,553.0,631.0,450.0,647.0,488.0,674.0,388.0,653.0,516.0,664.0,592.0,518.0,646.0
3263,20250526,0,528.0,435.0,444.0,415.0,384.0,462.0,469.0,454.0,334.0,548.0,585.0,606.0,253.0,675.0,495.0,600.0,504.0,466.0,514.0
3264,20250528,0,483.0,408.0,496.0,391.0,352.0,366.0,435.0,441.0,533.0,467.0,586.0,648.0,909.0,702.0,459.0,617.0,484.0,568.0,563.0
3265,20250323,0,534.0,425.0,413.0,521.0,437.0,573.0,440.0,306.0,433.0,549.0,491.0,500.0,474.0,654.0,491.0,541.0,520.0,414.0,637.0
3266,20251022,0,514.0,389.0,322.0,433.0,349.0,516.0,391.0,411.0,479.0,532.0,587.0,684.0,560.0,666.0,488.0,541.0,585.0,458.0,648.0
3267,20251001,0,504.0,382.0,322.0,500.0,333.0,496.0,383.0,351.0,466.0,499.0,565.0,700.0,768.0,677.0,459.0,464.0,619.0,512.0,638.0
3268,20251001,0,516.0,452.0,508.0,468.0,415.0,583.0,513.0,437.0,370.0,570.0,519.0,686.0,259.0,645.0,482.0,594.0,522.0,418.0,634.0
3269,20250923,0,532.0,418.0,422.0,387.0,335.0,377.0,424.0,375.0,360.0,481.0,580.0,645.0,920.0,694.0,452.0,516.0,614.0,579.0,650.0
3270,20251102,0,472.0,387.0,441.0,311.0,370.0,320.0,409.0,511.0,441.0,432.0,623.0,682.0,935.0,710.0,473.0,591.0,489.0,541.0,561.0
3271,20250516,0,513.0,430.0,491.0,578.0,385.0,414.0,452.0,496.0,604.0,506.0,538.0,582.0,856.0,677.0,469.0,620.0,584.0,533.0,607.0
3272,20251113,0,534.0,407.0,410.0,338.0,390.0,439.0,438.0,602.0,395.0,523.0,592.0,675.0,523.0,683.0,486.0,597.0,474.0,510.0,537.0
3273,20250526,0,502.0,405.0,457.0,478.0,408.0,395.0,420.0,454.0,524.0,498.0,549.0,529.0,709.0,684.0,442.0,579.0,542.0,555.0,587.0
3274,20251008,0,488.0,382.0,323.0,328.0,319.0,381.0,379.0,303.0,325.0,435.0,601.0,700.0,870.0,696.0,432.0,458.0,635.0,537.0,652.0
3275,20250428,0,508.0,414.0,322.0,516.0,392.0,587.0,413.0,474.0,381.0,528.0,552.0,700.0,729.0,674.0,499.0,515.0,567.0,439.0,645.0
3276,20251025,0,461.0,401.0,426.0,370.0,310.0,344.0,420.0,497.0,539.0,427.0,595.0,682.0,966.0,698.0,434.0,608.0,606.0,562.0,647.0
3277,20250914,0,498.0,355.0,301.0,311.0,316.0,300.0,393.0,335.0,499.0,429.0,615.0,652.0,972.0,703.0,445.0,476.0,534.0,523.0,516.0
3278,20250708,0,509.0,401.0,473.0,482.0,374.0,431.0,451.0,428.0,412.0,489.0,532.0,666.0,892.0,673.0,458.0,579.0,614.0,500.0,637.0
3279,20250429,0,493.0,343.0,436.0,314.0,332.0,342.0,396.0,478.0,533.0,454.0,602.0,625.0,985.0,706.0,441.0,548.0,665.0,589.0,651.0
3280,20250402,0,531.0,397.0,376.0,450.0,346.0,376.0,425.0,392.0,457.0,454.0,573.0,648.0,958.0,703.0,434.0,544.0,606.0,576.0,657.0
3281,20250924,0,597.0,451.0,484.0,477.0,410.0,452.0,512.0,410.0,347.0,613.0,527.0,649.0,651.0,683.0,503.0,546.0,543.0,548.0,610.0
3282,20250902,0,522.0,433.0,375.0,480.0,396.0,578.0,427.0,496.0,381.0,524.0,546.0,700.0,504.0,676.0,501.0,596.0,549.0,420.0,645.0
3283,20251028,0,481.0,360.0,301.0,356.0,322.0,303.0,385.0,307.0,426.0,447.0,643.0,653.0,955.0,693.0,440.0,508.0,450.0,496.0,555.0
3284,20250806,0,538.0,420.0,457.0,480.0,365.0,430.0,459.0,573.0,394.0,535.0,558.0,607.0,501.0,682.0,468.0,590.0,541.0,503.0,607.0
3285,20250714,0,489.0,410.0,496.0,405.0,344.0,363.0,431.0,642.0,448.0,456.0,578.0,657.0,873.0,701.0,436.0,681.0,545.0,580.0,600.0
3286,20251003,0,517.0,405.0,496.0,487.0,357.0,369.0,432.0,485.0,512.0,469.0,575.0,664.0,802.0,703.0,471.0,645.0,554.0,583.0,573.0
3287,20250924,0,511.0,422.0,360.0,400.0,368.0,428.0,431.0,490.0,437.0,470.0,590.0,663.0,775.0,685.0,476.0,555.0,549.0,481.0,544.0
3288,20250730,0,551.0,460.0,560.0,512.0,509.0,662.0,478.0,798.0,549.0,553.0,521.0,594.0,123.0,633.0,518.0,649.0,522.0,415.0,575.0
3289,20250721,0,505.0,454.0,529.0,520.0,378.0,418.0,480.0,341.0,349.0,475.0,563.0,612.0,711.0,692.0,479.0,644.0,574.0,580.0,614.0
3290,20251022,0,510.0,435.0,457.0,454.0,375.0,397.0,470.0,536.0,528.0,479.0,567.0,612.0,823.0,690.0,458.0,625.0,517.0,592.0,583.0
3291,20250803,0,519.0,451.0,525.0,501.0,396.0,443.0,496.0,539.0,348.0,562.0,533.0,641.0,827.0,668.0,467.0,630.0,565.0,525.0,574.0
3292,20251101,0,502.0,394.0,301.0,394.0,330.0,419.0,384.0,349.0,392.0,474.0,590.0,700.0,776.0,683.0,470.0,505.0,591.0,513.0,640.0
3293,20251026,0,550.0,460.0,491.0,627.0,389.0,504.0,485.0,612.0,515.0,544.0,542.0,662.0,699.0,672.0,498.0,642.0,558.0,514.0,626.0
3294,20250907,0,498.0,382.0,411.0,323.0,362.0,375.0,402.0,265.0,350.0,476.0,594.0,651.0,916.0,699.0,443.0,458.0,648.0,574.0,612.0
3295,20250319,0,529.0,426.0,389.0,304.0,346.0,334.0,419.0,499.0,347.0,470.0,610.0,696.0,949.0,692.0,459.0,590.0,624.0,573.0,615.0
3296,20251012,0,515.0,479.0,530.0,512.0,377.0,475.0,490.0,645.0,397.0,507.0,539.0,680.0,828.0,664.0,473.0,658.0,633.0,529.0,646.0
3297,20250606,0,509.0,436.0,322.0,516.0,417.0,530.0,442.0,400.0,291.0,504.0,555.0,655.0,19.0,691.0,499.0,509.0,471.0,515.0,538.0
3298,20250606,0,486.0,400.0,352.0,438.0,339.0,382.0,412.0,391.0,320.0,463.0,582.0,700.0,894.0,689.0,475.0,507.0,585.0,534.0,633.0
3299,20250713,0,523.0,532.0,475.0,473.0,479.0,627.0,527.0,554.0,301.0,543.0,495.0,666.0,36.0,656.0,497.0,609.0,531.0,353.0,640.0
3300,20250831,0,497.0,407.0,301.0,369.0,335.0,382.0,401.0,345.0,452.0,452.0,599.0,659.0,645.0,691.0,475.0,510.0,519.0,460.0,581.0
3301,20250325,0,512.0,400.0,322.0,515.0,371.0,531.0,406.0,435.0,279.0,511.0,562.0,687.0,749.0,689.0,482.0,481.0,595.0,478.0,644.0
3302,20250319,0,509.0,397.0,364.0,493.0,358.0,480.0,440.0,467.0,425.0,481.0,565.0,687.0,812.0,687.0,500.0,553.0,577.0,469.0,645.0
3303,20250307,0,471.0,465.0,356.0,467.0,481.0,550.0,477.0,486.0,304.0,480.0,516.0,700.0,123.0,677.0,486.0,551.0,531.0,353.0,633.0
3304,20250627,0,501.0,425.0,496.0,401.0,334.0,365.0,458.0,569.0,649.0,463.0,580.0,646.0,964.0,697.0,434.0,613.0,635.0,572.0,654.0
3305,20250530,0,518.0,409.0,363.0,472.0,369.0,463.0,456.0,541.0,396.0,515.0,551.0,649.0,844.0,682.0,484.0,598.0,574.0,490.0,651.0
3306,20250531,0,507.0,429.0,322.0,442.0,356.0,521.0,398.0,456.0,332.0,540.0,582.0,700.0,523.0,669.0,484.0,513.0,550.0,448.0,643.0
3307,20250708,0,504.0,385.0,301.0,356.0,342.0,346.0,381.0,416.0,484.0,453.0,615.0,652.0,878.0,699.0,479.0,517.0,517.0,521.0,541.0
3308,20250627,0,522.0,407.0,457.0,511.0,347.0,418.0,460.0,613.0,390.0,500.0,572.0,668.0,651.0,681.0,472.0,593.0,579.0,517.0,641.0
3309,20250930,0,483.0,392.0,363.0,466.0,337.0,415.0,422.0,400.0,388.0,442.0,561.0,692.0,917.0,696.0,462.0,537.0,567.0,482.0,629.0
3310,20251105,0,502.0,390.0,448.0,490.0,335.0,381.0,427.0,502.0,316.0,480.0,574.0,691.0,887.0,675.0,453.0,609.0,611.0,575.0,626.0
3311,20251121,0,533.0,393.0,357.0,515.0,399.0,520.0,449.0,386.0,480.0,563.0,558.0,611.0,346.0,676.0,506.0,523.0,582.0,486.0,658.0
3312,20250903,0,509.0,399.0,370.0,499.0,400.0,552.0,433.0,543.0,404.0,528.0,565.0,700.0,456.0,664.0,473.0,575.0,543.0,448.0,645.0
3313,20251112,0,491.0,368.0,301.0,373.0,336.0,411.0,400.0,421.0,378.0,469.0,596.0,681.0,744.0,688.0,479.0,473.0,544.0,527.0,636.0
3314,20250903,0,500.0,376.0,395.0,345.0,321.0,355.0,433.0,278.0,465.0,436.0,593.0,659.0,911.0,700.0,438.0,526.0,619.0,572.0,626.0
3315,20250320,0,495.0,404.0,457.0,478.0,378.0,403.0,449.0,574.0,670.0,490.0,547.0,626.0,790.0,689.0,430.0,617.0,623.0,544.0,636.0
3316,20251105,0,505.0,424.0,445.0,442.0,372.0,484.0,418.0,676.0,517.0,490.0,581.0,691.0,601.0,683.0,493.0,623.0,504.0,468.0,477.0
3317,20250730,0,529.0,397.0,448.0,481.0,381.0,495.0,456.0,691.0,420.0,536.0,575.0,680.0,484.0,657.0,482.0,635.0,589.0,499.0,645.0
3318,20250318,0,539.0,422.0,524.0,595.0,538.0,486.0,464.0,675.0,768.0,441.0,524.0,486.0,85.0,688.0,492.0,629.0,379.0,524.0,524.0
3319,20250505,0,514.0,398.0,368.0,513.0,394.0,514.0,389.0,372.0,453.0,534.0,545.0,655.0,735.0,672.0,496.0,508.0,567.0,448.0,645.0
3320,20250306,0,514.0,438.0,370.0,511.0,389.0,546.0,406.0,561.0,411.0,503.0,561.0,677.0,428.0,683.0,499.0,550.0,478.0,455.0,569.0
3321,20250928,0,451.0,352.0,331.0,303.0,307.0,300.0,333.0,277.0,349.0,347.0,621.0,676.0,993.0,725.0,438.0,381.0,651.0,611.0,654.0
3322,20250826,0,526.0,420.0,457.0,489.0,344.0,387.0,438.0,535.0,541.0,504.0,559.0,644.0,978.0,707.0,445.0,616.0,643.0,591.0,639.0
3323,20250626,0,537.0,387.0,436.0,345.0,333.0,366.0,469.0,588.0,367.0,464.0,591.0,668.0,967.0,702.0,471.0,631.0,636.0,591.0,645.0
3324,20250720,0,499.0,381.0,496.0,429.0,312.0,386.0,451.0,650.0,461.0,479.0,587.0,683.0,776.0,701.0,431.0,656.0,512.0,540.0,587.0
3325,20250501,0,481.0,343.0,324.0,311.0,308.0,314.0,358.0,368.0,379.0,447.0,607.0,700.0,979.0,697.0,471.0,415.0,604.0,467.0,647.0
3326,20251005,0,546.0,393.0,448.0,443.0,334.0,368.0,453.0,663.0,428.0,566.0,574.0,682.0,868.0,671.0,454.0,618.0,628.0,557.0,624.0
3327,20250627,0,497.0,375.0,301.0,312.0,318.0,328.0,364.0,414.0,485.0,458.0,611.0,677.0,973.0,700.0,478.0,534.0,597.0,487.0,653.0
3328,20250309,0,508.0,392.0,423.0,396.0,346.0,361.0,418.0,369.0,412.0,499.0,582.0,674.0,892.0,692.0,449.0,568.0,579.0,568.0,522.0
3329,20250810,0,511.0,410.0,364.0,493.0,370.0,472.0,415.0,483.0,301.0,507.0,570.0,700.0,721.0,681.0,488.0,555.0,571.0,447.0,645.0
3330,20250328,0,505.0,412.0,444.0,307.0,366.0,317.0,406.0,345.0,489.0,484.0,608.0,566.0,981.0,705.0,454.0,560.0,617.0,604.0,629.0
3331,20250318,0,526.0,358.0,342.0,303.0,335.0,302.0,379.0,441.0,518.0,489.0,616.0,625.0,975.0,695.0,474.0,498.0,624.0,601.0,626.0
3332,20250401,0,517.0,445.0,496.0,482.0,402.0,406.0,481.0,438.0,423.0,487.0,553.0,595.0,722.0,694.0,470.0,660.0,546.0,496.0,543.0
3333,20250324,0,498.0,400.0,351.0,443.0,367.0,354.0,420.0,573.0,637.0,432.0,591.0,582.0,494.0,697.0,484.0,587.0,523.0,520.0,565.0
3334,20251006,0,502.0,390.0,365.0,313.0,319.0,333.0,376.0,243.0,464.0,419.0,616.0,684.0,964.0,704.0,454.0,497.0,606.0,571.0,650.0
3335,20250809,0,501.0,431.0,530.0,546.0,400.0,416.0,459.0,535.0,419.0,479.0,538.0,586.0,848.0,689.0,490.0,652.0,563.0,570.0,558.0
3336,20250626,0,516.0,365.0,457.0,485.0,337.0,412.0,449.0,622.0,457.0,471.0,562.0,670.0,916.0,680.0,467.0,612.0,616.0,536.0,648.0
3337,20251027,0,504.0,424.0,457.0,594.0,366.0,460.0,444.0,380.0,438.0,506.0,554.0,673.0,755.0,673.0,483.0,567.0,579.0,463.0,646.0
3338,20251024,0,496.0,399.0,487.0,577.0,326.0,382.0,446.0,615.0,529.0,452.0,568.0,686.0,865.0,688.0,468.0,619.0,547.0,489.0,592.0
3339,20250515,0,515.0,387.0,343.0,404.0,327.0,363.0,407.0,427.0,439.0,451.0,589.0,662.0,957.0,691.0,471.0,524.0,592.0,543.0,646.0
3340,20250514,0,537.0,427.0,482.0,585.0,454.0,585.0,487.0,554.0,377.0,547.0,543.0,678.0,316.0,657.0,513.0,667.0,522.0,469.0,645.0
3341,20250415,0,533.0,442.0,350.0,444.0,395.0,532.0,425.0,444.0,270.0,543.0,580.0,631.0,337.0,683.0,530.0,541.0,498.0,457.0,570.0
3342,20250826,0,547.0,455.0,457.0,592.0,391.0,538.0,470.0,739.0,431.0,564.0,554.0,678.0,577.0,655.0,477.0,676.0,554.0,485.0,647.0
3343,20250905,0,494.0,409.0,455.0,511.0,396.0,490.0,473.0,642.0,396.0,501.0,572.0,647.0,311.0,687.0,482.0,670.0,277.0,457.0,510.0
3344,20250508,0,562.0,436.0,352.0,395.0,351.0,496.0,393.0,543.0,411.0,566.0,583.0,619.0,603.0,669.0,494.0,545.0,640.0,566.0,638.0
3345,20250608,0,514.0,484.0,350.0,494.0,439.0,610.0,495.0,598.0,229.0,534.0,571.0,700.0,149.0,659.0,507.0,614.0,569.0,454.0,647.0
3346,20250823,0,508.0,401.0,429.0,522.0,354.0,426.0,472.0,540.0,343.0,491.0,559.0,694.0,793.0,681.0,459.0,635.0,595.0,508.0,618.0
3347,20250823,0,488.0,351.0,301.0,300.0,347.0,300.0,336.0,274.0,425.0,462.0,632.0,616.0,985.0,713.0,436.0,422.0,635.0,604.0,618.0
3348,20250615,0,524.0,382.0,408.0,342.0,325.0,371.0,428.0,667.0,558.0,464.0,593.0,674.0,871.0,701.0,456.0,641.0,642.0,558.0,634.0
3349,20250424,0,510.0,420.0,364.0,467.0,358.0,525.0,444.0,503.0,486.0,471.0,565.0,672.0,616.0,687.0,504.0,551.0,457.0,411.0,493.0
3350,20250419,0,566.0,465.0,544.0,646.0,439.0,567.0,496.0,693.0,522.0,593.0,484.0,628.0,214.0,650.0,496.0,594.0,544.0,471.0,599.0
3351,20251004,0,515.0,385.0,376.0,533.0,383.0,553.0,443.0,491.0,471.0,528.0,563.0,695.0,481.0,658.0,496.0,581.0,554.0,468.0,629.0
3352,20250703,0,527.0,395.0,451.0,632.0,345.0,410.0,478.0,439.0,370.0,528.0,565.0,673.0,653.0,677.0,450.0,619.0,671.0,557.0,640.0
3353,20250501,0,513.0,399.0,342.0,317.0,335.0,361.0,392.0,606.0,444.0,433.0,595.0,665.0,981.0,704.0,461.0,535.0,606.0,577.0,631.0
3354,20250704,0,482.0,362.0,436.0,317.0,328.0,346.0,388.0,352.0,531.0,429.0,600.0,637.0,949.0,719.0,429.0,586.0,664.0,600.0,646.0
3355,20250704,0,507.0,384.0,393.0,502.0,364.0,441.0,427.0,530.0,498.0,509.0,575.0,669.0,748.0,673.0,487.0,621.0,542.0,512.0,507.0
3356,20250428,0,521.0,401.0,386.0,388.0,370.0,371.0,418.0,493.0,428.0,487.0,586.0,595.0,916.0,692.0,462.0,568.0,614.0,581.0,629.0
3357,20250830,0,505.0,428.0,448.0,471.0,362.0,409.0,422.0,669.0,425.0,476.0,576.0,687.0,422.0,683.0,478.0,661.0,601.0,516.0,638.0
3358,20250401,0,572.0,398.0,410.0,520.0,411.0,584.0,461.0,412.0,439.0,575.0,510.0,625.0,217.0,671.0,525.0,555.0,565.0,468.0,645.0
3359,20250508,0,543.0,450.0,384.0,524.0,405.0,589.0,439.0,379.0,276.0,554.0,542.0,700.0,577.0,651.0,493.0,547.0,476.0,443.0,575.0
3360,20251016,0,506.0,453.0,526.0,531.0,328.0,423.0,443.0,516.0,513.0,463.0,570.0,679.0,794.0,683.0,484.0,586.0,552.0,516.0,628.0
3361,20250624,0,494.0,403.0,334.0,444.0,371.0,443.0,441.0,723.0,436.0,458.0,584.0,673.0,751.0,693.0,480.0,673.0,602.0,518.0,631.0
3362,20250302,0,524.0,446.0,468.0,517.0,396.0,590.0,437.0,314.0,372.0,557.0,530.0,700.0,403.0,653.0,489.0,578.0,533.0,441.0,495.0
3363,20250828,0,524.0,404.0,485.0,615.0,387.0,482.0,471.0,619.0,375.0,547.0,562.0,667.0,732.0,675.0,489.0,635.0,609.0,516.0,647.0
3364,20251028,0,506.0,411.0,473.0,614.0,382.0,481.0,486.0,591.0,445.0,518.0,536.0,675.0,579.0,664.0,449.0,629.0,561.0,541.0,622.0
3365,20251101,0,477.0,356.0,331.0,300.0,318.0,300.0,341.0,399.0,483.0,377.0,635.0,692.0,981.0,715.0,444.0,468.0,622.0,560.0,628.0
3366,20250428,0,504.0,385.0,322.0,515.0,368.0,482.0,384.0,403.0,367.0,469.0,559.0,700.0,780.0,687.0,464.0,467.0,592.0,509.0,625.0
3367,20251005,0,510.0,376.0,331.0,315.0,320.0,308.0,390.0,403.0,359.0,439.0,629.0,657.0,969.0,699.0,446.0,458.0,591.0,525.0,622.0
3368,20250606,0,530.0,441.0,322.0,398.0,371.0,529.0,397.0,449.0,380.0,540.0,579.0,619.0,356.0,662.0,505.0,518.0,511.0,370.0,504.0
3369,20250908,0,529.0,408.0,322.0,521.0,389.0,519.0,424.0,544.0,368.0,519.0,564.0,669.0,624.0,679.0,495.0,598.0,622.0,478.0,639.0
3370,20251027,0,498.0,504.0,553.0,572.0,449.0,554.0,491.0,502.0,362.0,462.0,449.0,682.0,115.0,687.0,502.0,616.0,516.0,480.0,606.0
3371,20250304,0,513.0,397.0,300.0,393.0,343.0,519.0,384.0,416.0,452.0,529.0,591.0,700.0,474.0,681.0,478.0,510.0,549.0,505.0,589.0
3372,20250901,0,539.0,474.0,541.0,490.0,440.0,545.0,494.0,587.0,412.0,587.0,528.0,617.0,348.0,668.0,471.0,558.0,447.0,510.0,571.0
3373,20250415,0,516.0,401.0,356.0,519.0,400.0,554.0,402.0,445.0,347.0,525.0,542.0,655.0,473.0,675.0,483.0,511.0,574.0,521.0,645.0
3374,20250826,0,491.0,417.0,312.0,390.0,310.0,361.0,428.0,368.0,418.0,450.0,593.0,689.0,908.0,699.0,481.0,540.0,581.0,487.0,644.0
3375,20250518,0,526.0,407.0,322.0,443.0,345.0,518.0,390.0,400.0,439.0,523.0,577.0,619.0,538.0,679.0,486.0,541.0,515.0,438.0,513.0
3376,20250521,0,522.0,446.0,491.0,541.0,412.0,436.0,477.0,553.0,449.0,524.0,539.0,595.0,879.0,681.0,439.0,640.0,534.0,556.0,580.0
3377,20250609,0,522.0,478.0,484.0,516.0,409.0,449.0,486.0,567.0,467.0,522.0,529.0,653.0,334.0,687.0,472.0,634.0,619.0,550.0,641.0
3378,20251012,0,490.0,385.0,301.0,352.0,348.0,444.0,380.0,392.0,431.0,449.0,592.0,671.0,565.0,687.0,494.0,512.0,531.0,482.0,584.0
3379,20251019,0,538.0,470.0,496.0,612.0,394.0,473.0,493.0,605.0,410.0,565.0,552.0,682.0,519.0,691.0,503.0,664.0,477.0,531.0,581.0
3380,20250828,0,521.0,421.0,491.0,647.0,406.0,497.0,472.0,675.0,443.0,528.0,537.0,658.0,516.0,660.0,491.0,645.0,614.0,443.0,638.0
3381,20250331,0,505.0,405.0,491.0,592.0,411.0,474.0,473.0,610.0,437.0,516.0,544.0,636.0,450.0,686.0,496.0,635.0,621.0,494.0,618.0
3382,20250706,0,517.0,407.0,334.0,440.0,405.0,494.0,413.0,479.0,450.0,498.0,584.0,633.0,451.0,684.0,478.0,554.0,548.0,487.0,608.0
3383,20251101,0,561.0,425.0,511.0,521.0,426.0,462.0,463.0,496.0,434.0,564.0,565.0,598.0,481.0,682.0,504.0,535.0,499.0,489.0,616.0
3384,20250809,0,536.0,428.0,537.0,479.0,373.0,412.0,481.0,578.0,354.0,538.0,530.0,658.0,890.0,681.0,444.0,630.0,637.0,548.0,641.0
3385,20251103,0,506.0,369.0,331.0,300.0,333.0,316.0,372.0,355.0,458.0,459.0,641.0,700.0,951.0,691.0,444.0,486.0,628.0,592.0,645.0
3386,20250610,0,521.0,433.0,592.0,486.0,496.0,427.0,495.0,672.0,494.0,509.0,480.0,574.0,339.0,688.0,485.0,633.0,601.0,537.0,574.0
3387,20251008,0,519.0,403.0,321.0,491.0,367.0,521.0,431.0,505.0,384.0,510.0,573.0,682.0,748.0,681.0,481.0,540.0,548.0,491.0,648.0
3388,20250801,0,512.0,415.0,496.0,475.0,382.0,400.0,461.0,351.0,418.0,489.0,559.0,609.0,606.0,690.0,454.0,619.0,462.0,539.0,537.0
3389,20251105,0,496.0,454.0,508.0,406.0,319.0,346.0,447.0,545.0,385.0,475.0,578.0,677.0,867.0,685.0,452.0,650.0,613.0,562.0,619.0
3390,20250407,0,518.0,374.0,311.0,383.0,328.0,347.0,410.0,345.0,449.0,449.0,590.0,645.0,917.0,693.0,467.0,538.0,620.0,536.0,624.0
3391,20250928,0,483.0,354.0,300.0,312.0,351.0,380.0,374.0,394.0,495.0,429.0,613.0,700.0,871.0,695.0,457.0,429.0,554.0,462.0,552.0
3392,20250408,0,477.0,522.0,368.0,467.0,469.0,551.0,501.0,284.0,314.0,507.0,436.0,700.0,143.0,644.0,479.0,566.0,525.0,353.0,637.0
3393,20251016,0,522.0,446.0,439.0,496.0,351.0,370.0,451.0,454.0,385.0,502.0,582.0,671.0,800.0,688.0,483.0,602.0,597.0,550.0,620.0
3394,20250904,0,530.0,451.0,350.0,500.0,421.0,555.0,457.0,382.0,208.0,521.0,571.0,688.0,289.0,671.0,498.0,593.0,551.0,422.0,637.0
3395,20250526,0,514.0,410.0,321.0,469.0,348.0,471.0,403.0,374.0,330.0,517.0,556.0,700.0,855.0,678.0,472.0,532.0,582.0,513.0,643.0
3396,20251112,0,546.0,499.0,560.0,580.0,427.0,454.0,515.0,593.0,393.0,573.0,509.0,654.0,684.0,679.0,498.0,603.0,571.0,508.0,586.0
3397,20250905,0,538.0,379.0,448.0,464.0,333.0,405.0,432.0,602.0,538.0,544.0,564.0,681.0,786.0,674.0,444.0,652.0,585.0,565.0,623.0
3398,20250313,0,539.0,468.0,484.0,536.0,427.0,452.0,476.0,715.0,678.0,593.0,536.0,563.0,869.0,667.0,465.0,605.0,630.0,539.0,652.0
3399,20250905,0,509.0,421.0,409.0,483.0,373.0,416.0,476.0,332.0,419.0,497.0,563.0,640.0,871.0,689.0,467.0,670.0,546.0,517.0,572.0
3400,20251022,0,527.0,443.0,526.0,532.0,396.0,523.0,471.0,620.0,546.0,540.0,551.0,671.0,581.0,679.0,495.0,635.0,488.0,473.0,591.0
3401,20250817,0,489.0,403.0,429.0,399.0,348.0,381.0,438.0,432.0,431.0,479.0,585.0,664.0,751.0,702.0,445.0,614.0,532.0,574.0,544.0
3402,20250501,0,502.0,429.0,475.0,423.0,338.0,382.0,441.0,553.0,457.0,489.0,594.0,658.0,830.0,685.0,450.0,669.0,598.0,559.0,629.0
3403,20251029,0,491.0,393.0,322.0,486.0,357.0,477.0,400.0,392.0,453.0,481.0,575.0,700.0,787.0,687.0,473.0,562.0,557.0,468.0,645.0
3404,20250905,0,483.0,388.0,334.0,460.0,356.0,398.0,381.0,160.0,470.0,463.0,559.0,700.0,957.0,688.0,424.0,464.0,601.0,525.0,648.0
3405,20250523,0,514.0,383.0,370.0,496.0,341.0,411.0,421.0,463.0,467.0,474.0,574.0,691.0,869.0,682.0,480.0,583.0,574.0,502.0,643.0
3406,20250705,0,540.0,408.0,526.0,490.0,349.0,469.0,471.0,453.0,350.0,496.0,562.0,673.0,879.0,677.0,462.0,610.0,583.0,522.0,646.0
3407,20250715,0,541.0,411.0,526.0,642.0,450.0,532.0,474.0,621.0,362.0,564.0,546.0,646.0,413.0,666.0,482.0,649.0,553.0,515.0,589.0
3408,20250530,0,517.0,434.0,322.0,491.0,372.0,517.0,395.0,386.0,286.0,523.0,573.0,700.0,483.0,675.0,485.0,476.0,552.0,436.0,608.0
3409,20250629,0,485.0,403.0,362.0,359.0,354.0,407.0,429.0,385.0,453.0,452.0,591.0,643.0,717.0,689.0,474.0,552.0,572.0,511.0,612.0
3410,20250615,0,459.0,399.0,457.0,383.0,361.0,361.0,458.0,454.0,417.0,412.0,586.0,605.0,993.0,715.0,454.0,564.0,603.0,635.0,612.0
3411,20250910,0,533.0,408.0,322.0,390.0,340.0,437.0,421.0,390.0,402.0,498.0,579.0,638.0,924.0,675.0,459.0,529.0,602.0,560.0,652.0
3412,20251114,0,493.0,394.0,379.0,439.0,370.0,497.0,422.0,444.0,417.0,457.0,581.0,684.0,653.0,692.0,492.0,558.0,511.0,476.0,574.0
3413,20250307,0,506.0,443.0,322.0,437.0,366.0,488.0,398.0,348.0,327.0,482.0,586.0,642.0,537.0,684.0,496.0,489.0,484.0,443.0,454.0
3414,20250913,0,539.0,427.0,517.0,570.0,438.0,607.0,462.0,688.0,405.0,560.0,514.0,679.0,93.0,639.0,507.0,656.0,583.0,473.0,635.0
3415,20250702,0,539.0,418.0,457.0,564.0,330.0,414.0,455.0,586.0,637.0,513.0,567.0,611.0,548.0,687.0,452.0,598.0,586.0,523.0,648.0
3416,20250428,0,519.0,388.0,331.0,360.0,373.0,430.0,389.0,410.0,473.0,506.0,616.0,637.0,538.0,678.0,475.0,540.0,564.0,495.0,651.0
3417,20250701,0,522.0,417.0,457.0,617.0,355.0,415.0,451.0,600.0,530.0,488.0,554.0,665.0,814.0,691.0,479.0,593.0,656.0,535.0,647.0
3418,20250714,0,502.0,374.0,418.0,344.0,352.0,358.0,427.0,462.0,441.0,482.0,597.0,632.0,875.0,686.0,438.0,536.0,611.0,568.0,624.0
3419,20250602,0,504.0,419.0,496.0,447.0,355.0,348.0,450.0,415.0,389.0,487.0,571.0,642.0,899.0,706.0,435.0,635.0,471.0,539.0,543.0
3420,20250915,0,550.0,411.0,371.0,327.0,353.0,440.0,436.0,466.0,324.0,497.0,598.0,645.0,804.0,678.0,457.0,490.0,622.0,562.0,646.0
3421,20250413,0,526.0,433.0,400.0,448.0,344.0,387.0,448.0,517.0,411.0,476.0,573.0,655.0,943.0,684.0,458.0,608.0,613.0,548.0,655.0
3422,20250813,0,470.0,352.0,312.0,303.0,318.0,319.0,360.0,266.0,495.0,414.0,610.0,676.0,982.0,713.0,439.0,395.0,601.0,596.0,624.0
3423,20250411,0,528.0,410.0,424.0,517.0,399.0,564.0,452.0,574.0,428.0,553.0,561.0,665.0,731.0,676.0,511.0,578.0,570.0,503.0,618.0
3424,20251031,0,522.0,429.0,448.0,487.0,363.0,500.0,456.0,544.0,384.0,493.0,576.0,691.0,732.0,682.0,493.0,592.0,477.0,470.0,547.0
3425,20250303,0,530.0,408.0,457.0,512.0,355.0,443.0,462.0,585.0,416.0,547.0,564.0,654.0,814.0,679.0,480.0,621.0,558.0,519.0,638.0
3426,20250531,0,484.0,339.0,360.0,310.0,346.0,304.0,380.0,375.0,413.0,436.0,622.0,700.0,783.0,700.0,457.0,537.0,559.0,570.0,590.0
3427,20250728,0,541.0,428.0,466.0,545.0,487.0,596.0,461.0,494.0,386.0,547.0,544.0,634.0,178.0,641.0,511.0,597.0,542.0,459.0,637.0
3428,20250622,0,530.0,413.0,448.0,481.0,362.0,449.0,456.0,634.0,356.0,531.0,575.0,693.0,564.0,670.0,480.0,654.0,553.0,507.0,652.0
3429,20250714,0,480.0,414.0,426.0,366.0,320.0,369.0,439.0,392.0,303.0,441.0,592.0,685.0,930.0,686.0,461.0,615.0,591.0,551.0,655.0
3430,20250911,0,530.0,488.0,457.0,503.0,363.0,422.0,484.0,534.0,417.0,521.0,566.0,626.0,582.0,684.0,447.0,682.0,494.0,515.0,549.0
3431,20251108,0,491.0,388.0,301.0,412.0,357.0,447.0,430.0,420.0,485.0,484.0,591.0,700.0,770.0,696.0,473.0,537.0,545.0,511.0,635.0
3432,20250825,0,484.0,428.0,413.0,452.0,329.0,419.0,422.0,547.0,280.0,463.0,580.0,676.0,798.0,687.0,474.0,530.0,570.0,507.0,643.0
3433,20250529,0,633.0,500.0,608.0,491.0,567.0,607.0,535.0,616.0,351.0,627.0,479.0,488.0,1.0,648.0,564.0,609.0,434.0,433.0,549.0
3434,20250405,0,490.0,411.0,301.0,425.0,330.0,446.0,378.0,444.0,293.0,465.0,590.0,642.0,732.0,686.0,475.0,461.0,567.0,537.0,587.0
3435,20250919,0,519.0,399.0,322.0,485.0,367.0,482.0,415.0,421.0,413.0,512.0,553.0,700.0,831.0,680.0,469.0,546.0,611.0,502.0,637.0
3436,20250701,0,493.0,403.0,475.0,318.0,343.0,364.0,427.0,629.0,578.0,490.0,599.0,627.0,993.0,716.0,426.0,630.0,644.0,591.0,644.0
3437,20250914,0,504.0,411.0,429.0,550.0,386.0,530.0,464.0,526.0,389.0,490.0,561.0,680.0,469.0,678.0,470.0,590.0,513.0,450.0,550.0
3438,20250910,0,494.0,361.0,331.0,313.0,316.0,327.0,385.0,437.0,477.0,448.0,615.0,663.0,937.0,691.0,471.0,475.0,605.0,496.0,652.0
3439,20250731,0,512.0,451.0,421.0,414.0,373.0,480.0,442.0,680.0,476.0,468.0,575.0,677.0,211.0,685.0,517.0,666.0,479.0,509.0,514.0
3440,20250829,0,507.0,416.0,370.0,392.0,335.0,425.0,421.0,370.0,344.0,497.0,585.0,700.0,805.0,675.0,468.0,524.0,608.0,554.0,652.0
3441,20250401,0,515.0,376.0,387.0,405.0,332.0,346.0,427.0,405.0,473.0,463.0,577.0,656.0,952.0,682.0,453.0,561.0,624.0,531.0,646.0
3442,20250518,0,557.0,456.0,537.0,533.0,431.0,502.0,476.0,591.0,520.0,639.0,529.0,592.0,165.0,666.0,497.0,623.0,583.0,488.0,634.0
3443,20250904,0,499.0,340.0,410.0,300.0,337.0,300.0,419.0,450.0,477.0,434.0,626.0,665.0,989.0,734.0,433.0,569.0,581.0,602.0,609.0
3444,20250402,0,554.0,453.0,384.0,535.0,413.0,582.0,452.0,544.0,332.0,589.0,535.0,636.0,305.0,656.0,513.0,530.0,552.0,493.0,639.0
3445,20250504,0,491.0,403.0,301.0,360.0,353.0,380.0,367.0,501.0,446.0,473.0,608.0,672.0,752.0,686.0,497.0,569.0,592.0,518.0,634.0
3446,20250708,0,524.0,366.0,322.0,352.0,323.0,316.0,397.0,455.0,530.0,527.0,614.0,643.0,808.0,686.0,477.0,572.0,606.0,542.0,635.0
3447,20250608,0,493.0,437.0,368.0,473.0,430.0,578.0,491.0,488.0,368.0,528.0,514.0,679.0,251.0,674.0,489.0,590.0,533.0,415.0,641.0
3448,20250701,0,530.0,431.0,503.0,520.0,391.0,437.0,478.0,685.0,384.0,548.0,547.0,654.0,687.0,672.0,434.0,647.0,591.0,584.0,600.0
3449,20250904,0,516.0,394.0,423.0,446.0,379.0,453.0,434.0,581.0,435.0,498.0,575.0,681.0,693.0,678.0,476.0,568.0,538.0,504.0,620.0
3450,20251016,0,513.0,465.0,387.0,413.0,348.0,416.0,479.0,693.0,335.0,488.0,579.0,678.0,838.0,676.0,486.0,616.0,620.0,521.0,637.0
3451,20251011,0,551.0,431.0,457.0,507.0,405.0,406.0,472.0,612.0,331.0,494.0,550.0,678.0,282.0,698.0,520.0,669.0,634.0,554.0,614.0
3452,20250929,0,544.0,380.0,422.0,491.0,370.0,485.0,455.0,551.0,407.0,508.0,556.0,677.0,757.0,674.0,471.0,556.0,575.0,511.0,633.0
3453,20250910,0,502.0,401.0,331.0,329.0,323.0,382.0,380.0,503.0,440.0,462.0,597.0,700.0,801.0,685.0,463.0,531.0,601.0,506.0,646.0
3454,20251029,0,488.0,391.0,436.0,317.0,310.0,344.0,414.0,598.0,440.0,460.0,597.0,681.0,967.0,702.0,450.0,583.0,663.0,589.0,660.0
3455,20251027,0,493.0,385.0,301.0,321.0,313.0,333.0,356.0,375.0,403.0,466.0,612.0,700.0,915.0,693.0,469.0,433.0,569.0,527.0,641.0
3456,20250926,0,496.0,434.0,400.0,475.0,344.0,415.0,458.0,614.0,550.0,444.0,566.0,671.0,854.0,692.0,456.0,654.0,509.0,504.0,571.0
3457,20250303,0,521.0,393.0,433.0,420.0,402.0,384.0,438.0,406.0,497.0,491.0,575.0,541.0,891.0,689.0,477.0,478.0,631.0,569.0,648.0
3458,20250929,0,453.0,376.0,388.0,310.0,309.0,300.0,388.0,273.0,501.0,420.0,618.0,676.0,993.0,713.0,417.0,506.0,663.0,609.0,650.0
3459,20250630,0,517.0,420.0,363.0,533.0,371.0,509.0,461.0,681.0,362.0,539.0,568.0,700.0,438.0,668.0,503.0,617.0,572.0,457.0,645.0
3460,20251024,0,515.0,404.0,463.0,516.0,381.0,550.0,460.0,606.0,423.0,532.0,553.0,683.0,363.0,684.0,505.0,647.0,466.0,461.0,573.0
3461,20250915,0,515.0,413.0,438.0,465.0,356.0,401.0,450.0,586.0,446.0,496.0,575.0,613.0,198.0,693.0,524.0,654.0,584.0,477.0,569.0
3462,20250623,0,514.0,382.0,406.0,387.0,323.0,389.0,428.0,399.0,442.0,481.0,580.0,700.0,880.0,684.0,447.0,561.0,595.0,544.0,646.0
3463,20250914,0,487.0,363.0,378.0,303.0,335.0,300.0,397.0,509.0,471.0,403.0,610.0,676.0,947.0,722.0,437.0,585.0,623.0,590.0,634.0
3464,20250410,0,493.0,448.0,457.0,523.0,398.0,409.0,457.0,522.0,461.0,469.0,546.0,623.0,500.0,687.0,481.0,623.0,611.0,544.0,626.0
3465,20250604,0,527.0,426.0,448.0,572.0,343.0,446.0,447.0,724.0,489.0,525.0,561.0,686.0,889.0,685.0,475.0,648.0,627.0,508.0,625.0
3466,20250615,0,521.0,425.0,322.0,476.0,422.0,566.0,442.0,531.0,368.0,544.0,546.0,700.0,219.0,642.0,486.0,626.0,524.0,465.0,642.0
3467,20250903,0,516.0,424.0,352.0,440.0,324.0,372.0,423.0,343.0,427.0,500.0,587.0,634.0,919.0,688.0,472.0,558.0,602.0,546.0,641.0
3468,20250520,0,528.0,364.0,457.0,386.0,335.0,359.0,429.0,313.0,441.0,471.0,579.0,623.0,970.0,702.0,436.0,590.0,670.0,591.0,656.0
3469,20250607,0,520.0,414.0,321.0,491.0,383.0,506.0,410.0,455.0,438.0,517.0,573.0,636.0,726.0,667.0,495.0,566.0,517.0,480.0,645.0
3470,20251030,0,514.0,415.0,516.0,382.0,332.0,378.0,430.0,441.0,319.0,489.0,583.0,700.0,823.0,674.0,454.0,560.0,592.0,569.0,638.0
3471,20250428,0,523.0,400.0,301.0,373.0,372.0,504.0,407.0,391.0,355.0,507.0,596.0,675.0,652.0,678.0,484.0,501.0,589.0,485.0,620.0
3472,20251202,0,495.0,369.0,436.0,304.0,323.0,344.0,409.0,479.0,462.0,424.0,607.0,678.0,969.0,700.0,453.0,622.0,651.0,561.0,622.0
3473,20250804,0,521.0,371.0,387.0,492.0,351.0,436.0,436.0,481.0,464.0,506.0,573.0,665.0,261.0,679.0,516.0,511.0,602.0,489.0,643.0
3474,20250819,0,509.0,372.0,429.0,501.0,339.0,375.0,442.0,566.0,497.0,446.0,572.0,678.0,793.0,702.0,464.0,558.0,557.0,503.0,570.0
3475,20250830,0,543.0,471.0,534.0,547.0,419.0,591.0,476.0,640.0,388.0,559.0,526.0,678.0,299.0,640.0,514.0,644.0,593.0,474.0,610.0
3476,20250324,0,518.0,343.0,423.0,300.0,335.0,300.0,369.0,415.0,518.0,423.0,628.0,646.0,965.0,711.0,436.0,499.0,640.0,587.0,648.0
3477,20251208,0,491.0,384.0,374.0,400.0,330.0,361.0,427.0,353.0,406.0,441.0,578.0,676.0,940.0,688.0,454.0,534.0,607.0,611.0,641.0
3478,20251101,0,518.0,438.0,356.0,510.0,408.0,596.0,436.0,532.0,375.0,530.0,519.0,700.0,273.0,674.0,476.0,557.0,546.0,495.0,633.0
3479,20250517,0,474.0,357.0,333.0,317.0,346.0,346.0,372.0,323.0,540.0,385.0,603.0,548.0,984.0,718.0,446.0,493.0,624.0,612.0,639.0
3480,20250804,0,508.0,419.0,301.0,331.0,334.0,380.0,446.0,485.0,440.0,454.0,596.0,642.0,948.0,694.0,451.0,539.0,629.0,523.0,647.0
3481,20250708,0,516.0,450.0,386.0,519.0,398.0,501.0,448.0,382.0,364.0,494.0,544.0,700.0,354.0,682.0,473.0,565.0,584.0,470.0,646.0
3482,20250928,0,528.0,390.0,457.0,501.0,332.0,390.0,447.0,587.0,553.0,508.0,569.0,651.0,857.0,685.0,476.0,609.0,601.0,549.0,644.0
3483,20250805,0,536.0,415.0,480.0,542.0,437.0,557.0,486.0,432.0,378.0,597.0,472.0,618.0,202.0,648.0,478.0,633.0,540.0,436.0,638.0
3484,20250731,0,515.0,404.0,423.0,531.0,358.0,513.0,436.0,483.0,286.0,500.0,560.0,677.0,770.0,677.0,467.0,551.0,566.0,499.0,649.0
3485,20250602,0,522.0,370.0,429.0,378.0,351.0,396.0,414.0,507.0,563.0,427.0,583.0,674.0,639.0,698.0,448.0,621.0,620.0,571.0,644.0
3486,20250321,0,543.0,416.0,322.0,401.0,379.0,414.0,415.0,423.0,427.0,496.0,584.0,647.0,575.0,680.0,490.0,555.0,577.0,517.0,625.0
3487,20250519,0,486.0,396.0,322.0,394.0,336.0,405.0,392.0,486.0,451.0,448.0,584.0,700.0,942.0,698.0,475.0,541.0,622.0,516.0,629.0
3488,20250521,0,511.0,403.0,382.0,482.0,381.0,516.0,422.0,378.0,423.0,509.0,556.0,700.0,851.0,678.0,473.0,569.0,582.0,452.0,643.0
3489,20251028,0,501.0,375.0,354.0,313.0,328.0,370.0,423.0,387.0,438.0,455.0,598.0,690.0,879.0,691.0,458.0,537.0,601.0,548.0,592.0
3490,20250428,0,538.0,561.0,425.0,553.0,522.0,640.0,537.0,611.0,199.0,577.0,545.0,652.0,16.0,662.0,526.0,654.0,446.0,435.0,590.0
3491,20250826,0,504.0,379.0,370.0,393.0,355.0,442.0,404.0,452.0,461.0,495.0,592.0,661.0,807.0,682.0,485.0,520.0,574.0,498.0,633.0
3492,20250308,0,505.0,450.0,356.0,472.0,406.0,578.0,458.0,450.0,377.0,517.0,520.0,678.0,614.0,661.0,489.0,548.0,572.0,440.0,643.0
3493,20250612,0,462.0,469.0,398.0,467.0,503.0,609.0,465.0,425.0,174.0,479.0,531.0,700.0,198.0,677.0,487.0,589.0,525.0,353.0,633.0
3494,20251107,0,498.0,446.0,451.0,525.0,361.0,393.0,480.0,641.0,402.0,478.0,547.0,665.0,936.0,680.0,454.0,648.0,639.0,522.0,644.0
3495,20250327,0,550.0,434.0,457.0,504.0,351.0,392.0,452.0,649.0,575.0,550.0,552.0,648.0,816.0,684.0,480.0,604.0,645.0,528.0,648.0
3496,20250303,0,531.0,388.0,368.0,522.0,397.0,456.0,436.0,466.0,552.0,501.0,529.0,628.0,688.0,677.0,508.0,551.0,575.0,490.0,658.0
3497,20250528,0,518.0,398.0,457.0,457.0,353.0,402.0,453.0,521.0,475.0,495.0,569.0,645.0,612.0,688.0,444.0,633.0,590.0,556.0,589.0
3498,20251031,0,491.0,394.0,436.0,341.0,339.0,361.0,431.0,576.0,378.0,402.0,593.0,683.0,954.0,708.0,430.0,660.0,591.0,595.0,613.0
3499,20250725,0,514.0,410.0,497.0,537.0,390.0,488.0,486.0,679.0,355.0,529.0,536.0,676.0,646.0,669.0,481.0,588.0,591.0,493.0,640.0
3500,20250817,0,523.0,457.0,498.0,544.0,398.0,466.0,512.0,706.0,404.0,592.0,553.0,664.0,240.0,658.0,460.0,645.0,498.0,489.0,526.0
3501,20250701,0,519.0,389.0,345.0,491.0,364.0,526.0,392.0,317.0,299.0,525.0,572.0,700.0,459.0,659.0,478.0,532.0,564.0,511.0,624.0
3502,20250821,0,480.0,322.0,423.0,306.0,321.0,301.0,376.0,441.0,451.0,432.0,633.0,692.0,989.0,713.0,438.0,518.0,611.0,584.0,645.0
3503,20251016,0,507.0,365.0,436.0,300.0,324.0,300.0,393.0,507.0,475.0,457.0,605.0,660.0,987.0,718.0,435.0,601.0,676.0,596.0,637.0
3504,20251101,0,507.0,420.0,487.0,548.0,346.0,477.0,468.0,705.0,466.0,510.0,566.0,690.0,708.0,666.0,483.0,640.0,582.0,508.0,646.0
3505,20250614,0,473.0,359.0,436.0,309.0,329.0,300.0,383.0,448.0,406.0,432.0,604.0,653.0,992.0,718.0,427.0,562.0,663.0,595.0,642.0
3506,20251009,0,513.0,397.0,436.0,397.0,325.0,361.0,433.0,593.0,573.0,458.0,590.0,662.0,978.0,708.0,444.0,636.0,623.0,593.0,621.0
3507,20250530,0,521.0,360.0,415.0,304.0,334.0,321.0,424.0,367.0,445.0,493.0,605.0,665.0,978.0,696.0,451.0,559.0,655.0,571.0,655.0
3508,20250512,0,580.0,463.0,550.0,525.0,521.0,570.0,492.0,508.0,372.0,565.0,535.0,505.0,175.0,676.0,500.0,558.0,510.0,462.0,589.0
3509,20250307,0,510.0,462.0,496.0,536.0,447.0,406.0,457.0,610.0,708.0,498.0,548.0,565.0,574.0,708.0,475.0,631.0,521.0,563.0,525.0
3510,20250622,0,531.0,427.0,451.0,520.0,404.0,595.0,432.0,317.0,369.0,530.0,509.0,700.0,620.0,667.0,479.0,564.0,597.0,452.0,636.0
3511,20250428,0,498.0,367.0,342.0,335.0,337.0,410.0,416.0,405.0,415.0,424.0,591.0,689.0,881.0,696.0,443.0,543.0,622.0,575.0,629.0
3512,20251111,0,566.0,433.0,331.0,503.0,425.0,567.0,448.0,593.0,428.0,573.0,567.0,574.0,192.0,679.0,520.0,504.0,586.0,491.0,619.0
3513,20251015,0,520.0,476.0,521.0,485.0,415.0,572.0,491.0,585.0,360.0,526.0,476.0,690.0,186.0,663.0,483.0,612.0,509.0,400.0,629.0
3514,20250428,0,521.0,400.0,334.0,515.0,399.0,536.0,419.0,516.0,442.0,506.0,563.0,633.0,307.0,681.0,493.0,532.0,585.0,493.0,634.0
3515,20250919,0,548.0,446.0,457.0,491.0,372.0,445.0,470.0,520.0,379.0,554.0,556.0,643.0,779.0,662.0,449.0,625.0,633.0,566.0,637.0
3516,20250729,0,514.0,433.0,494.0,470.0,471.0,595.0,456.0,448.0,349.0,524.0,522.0,689.0,259.0,655.0,493.0,568.0,533.0,405.0,641.0
3517,20250508,0,508.0,361.0,354.0,356.0,329.0,310.0,386.0,443.0,542.0,473.0,610.0,639.0,839.0,697.0,470.0,549.0,557.0,532.0,586.0
3518,20250602,0,493.0,349.0,312.0,304.0,331.0,317.0,378.0,368.0,488.0,414.0,642.0,690.0,965.0,712.0,442.0,461.0,656.0,590.0,634.0
3519,20250610,0,572.0,419.0,497.0,483.0,524.0,555.0,472.0,468.0,277.0,576.0,502.0,532.0,33.0,677.0,510.0,559.0,536.0,477.0,564.0
3520,20251012,0,510.0,419.0,496.0,514.0,337.0,384.0,440.0,509.0,552.0,452.0,566.0,663.0,947.0,701.0,453.0,651.0,589.0,585.0,632.0
3521,20250412,0,495.0,383.0,356.0,477.0,347.0,430.0,387.0,402.0,454.0,465.0,540.0,666.0,853.0,690.0,501.0,485.0,592.0,513.0,644.0
3522,20250913,0,542.0,489.0,512.0,592.0,465.0,549.0,510.0,781.0,456.0,560.0,543.0,677.0,187.0,654.0,500.0,684.0,556.0,481.0,643.0
3523,20250307,0,526.0,403.0,491.0,484.0,397.0,468.0,440.0,598.0,532.0,535.0,530.0,613.0,572.0,670.0,465.0,578.0,599.0,511.0,639.0
3524,20250426,0,485.0,394.0,301.0,328.0,338.0,399.0,375.0,383.0,477.0,439.0,595.0,700.0,390.0,699.0,482.0,592.0,574.0,539.0,613.0
3525,20250624,0,519.0,409.0,388.0,369.0,348.0,404.0,419.0,352.0,422.0,471.0,601.0,666.0,522.0,695.0,472.0,570.0,493.0,543.0,558.0
3526,20250919,0,511.0,442.0,400.0,470.0,354.0,456.0,469.0,402.0,280.0,497.0,558.0,693.0,895.0,678.0,488.0,573.0,605.0,541.0,636.0
3527,20250618,0,519.0,421.0,457.0,524.0,395.0,413.0,453.0,704.0,580.0,520.0,547.0,638.0,800.0,678.0,439.0,598.0,617.0,563.0,648.0
3528,20250605,0,483.0,364.0,343.0,303.0,334.0,317.0,368.0,343.0,475.0,445.0,628.0,674.0,939.0,714.0,431.0,489.0,656.0,570.0,649.0
3529,20250705,0,505.0,360.0,401.0,310.0,329.0,336.0,401.0,366.0,419.0,444.0,605.0,664.0,928.0,696.0,448.0,579.0,648.0,577.0,644.0
3530,20250804,0,518.0,413.0,413.0,532.0,399.0,504.0,460.0,508.0,397.0,521.0,553.0,700.0,577.0,676.0,481.0,577.0,594.0,493.0,642.0
3531,20250509,0,489.0,364.0,300.0,312.0,353.0,310.0,375.0,400.0,497.0,448.0,622.0,655.0,963.0,698.0,458.0,456.0,573.0,495.0,620.0
3532,20251019,0,517.0,417.0,312.0,377.0,330.0,370.0,425.0,475.0,407.0,466.0,591.0,645.0,929.0,696.0,454.0,547.0,569.0,598.0,606.0
3533,20250715,0,513.0,431.0,393.0,446.0,360.0,465.0,432.0,425.0,279.0,489.0,578.0,683.0,735.0,676.0,483.0,528.0,631.0,529.0,640.0
3534,20250910,0,506.0,370.0,301.0,327.0,338.0,391.0,402.0,375.0,333.0,438.0,601.0,690.0,927.0,692.0,447.0,478.0,593.0,561.0,597.0
3535,20250907,0,523.0,443.0,496.0,474.0,371.0,392.0,457.0,545.0,480.0,500.0,556.0,625.0,915.0,703.0,421.0,666.0,648.0,588.0,640.0
3536,20250401,0,526.0,449.0,450.0,514.0,365.0,464.0,459.0,516.0,356.0,550.0,556.0,644.0,854.0,664.0,444.0,590.0,633.0,549.0,634.0
3537,20250428,0,495.0,427.0,356.0,470.0,404.0,612.0,400.0,490.0,398.0,520.0,535.0,700.0,648.0,652.0,488.0,603.0,563.0,429.0,643.0
3538,20251107,0,494.0,429.0,331.0,355.0,348.0,352.0,426.0,436.0,365.0,441.0,611.0,682.0,910.0,695.0,478.0,573.0,590.0,505.0,601.0
3539,20250314,0,533.0,423.0,550.0,509.0,427.0,514.0,483.0,563.0,332.0,558.0,532.0,661.0,532.0,683.0,505.0,598.0,613.0,516.0,630.0
3540,20250920,0,511.0,440.0,448.0,504.0,386.0,477.0,476.0,618.0,203.0,517.0,558.0,679.0,622.0,669.0,477.0,591.0,559.0,499.0,582.0
3541,20250825,0,535.0,425.0,491.0,533.0,414.0,439.0,467.0,668.0,439.0,538.0,537.0,628.0,872.0,679.0,479.0,645.0,615.0,495.0,622.0
3542,20250702,0,540.0,414.0,322.0,398.0,359.0,483.0,440.0,501.0,284.0,505.0,581.0,663.0,792.0,679.0,466.0,552.0,598.0,559.0,633.0
3543,20251027,0,533.0,440.0,491.0,508.0,373.0,432.0,469.0,634.0,463.0,524.0,540.0,661.0,550.0,681.0,452.0,637.0,578.0,527.0,630.0
3544,20250917,0,521.0,365.0,463.0,481.0,373.0,438.0,444.0,622.0,481.0,500.0,539.0,690.0,797.0,691.0,482.0,637.0,591.0,530.0,615.0
3545,20251009,0,527.0,393.0,342.0,313.0,330.0,325.0,426.0,417.0,382.0,495.0,612.0,679.0,836.0,684.0,456.0,583.0,636.0,565.0,617.0
3546,20250806,0,510.0,412.0,457.0,443.0,328.0,349.0,457.0,410.0,377.0,473.0,572.0,666.0,625.0,699.0,468.0,662.0,601.0,571.0,601.0
3547,20251012,0,522.0,385.0,409.0,504.0,368.0,446.0,451.0,463.0,468.0,547.0,551.0,668.0,888.0,670.0,473.0,589.0,570.0,493.0,646.0
3548,20250409,0,543.0,437.0,524.0,499.0,525.0,415.0,482.0,566.0,702.0,497.0,532.0,516.0,20.0,687.0,468.0,594.0,361.0,576.0,476.0
3549,20251004,0,525.0,436.0,457.0,516.0,331.0,416.0,450.0,659.0,650.0,504.0,558.0,661.0,836.0,688.0,459.0,618.0,592.0,540.0,648.0
3550,20250601,0,504.0,411.0,457.0,642.0,369.0,449.0,458.0,342.0,472.0,466.0,553.0,626.0,532.0,687.0,470.0,567.0,527.0,471.0,568.0
3551,20250824,0,534.0,428.0,524.0,475.0,441.0,488.0,511.0,499.0,700.0,522.0,509.0,541.0,143.0,689.0,488.0,612.0,280.0,610.0,432.0
3552,20250803,0,489.0,419.0,356.0,514.0,399.0,465.0,422.0,333.0,438.0,471.0,528.0,619.0,720.0,692.0,479.0,476.0,593.0,495.0,613.0
3553,20250612,0,538.0,428.0,512.0,518.0,378.0,531.0,461.0,500.0,375.0,503.0,537.0,687.0,846.0,674.0,482.0,575.0,630.0,484.0,637.0
3554,20250920,0,498.0,409.0,334.0,486.0,350.0,421.0,427.0,442.0,475.0,474.0,571.0,671.0,712.0,681.0,522.0,553.0,535.0,479.0,542.0
3555,20251111,0,531.0,416.0,363.0,505.0,379.0,521.0,438.0,484.0,406.0,590.0,576.0,667.0,484.0,658.0,494.0,568.0,554.0,481.0,644.0
3556,20250712,0,516.0,415.0,441.0,554.0,368.0,448.0,444.0,447.0,366.0,514.0,571.0,681.0,696.0,679.0,483.0,587.0,606.0,528.0,629.0
3557,20250901,0,542.0,393.0,457.0,434.0,352.0,366.0,427.0,525.0,497.0,422.0,575.0,662.0,889.0,698.0,444.0,609.0,635.0,601.0,640.0
3558,20250317,0,536.0,436.0,451.0,528.0,413.0,580.0,432.0,476.0,414.0,547.0,533.0,663.0,684.0,677.0,487.0,553.0,571.0,463.0,645.0
3559,20250828,0,549.0,443.0,457.0,455.0,373.0,428.0,484.0,456.0,426.0,521.0,565.0,629.0,732.0,694.0,495.0,640.0,643.0,586.0,623.0
3560,20250912,0,523.0,458.0,409.0,476.0,370.0,419.0,487.0,328.0,353.0,521.0,570.0,608.0,762.0,691.0,463.0,597.0,618.0,557.0,603.0
3561,20250703,0,514.0,392.0,424.0,495.0,365.0,505.0,446.0,540.0,419.0,509.0,570.0,694.0,764.0,665.0,485.0,605.0,581.0,473.0,645.0
3562,20250713,0,547.0,406.0,487.0,583.0,375.0,544.0,471.0,745.0,532.0,558.0,566.0,681.0,270.0,665.0,496.0,652.0,527.0,467.0,645.0
3563,20250930,0,545.0,439.0,473.0,606.0,387.0,500.0,471.0,512.0,426.0,565.0,534.0,644.0,518.0,656.0,492.0,607.0,594.0,508.0,639.0
3564,20250625,0,542.0,392.0,448.0,474.0,384.0,438.0,440.0,451.0,425.0,536.0,549.0,679.0,785.0,678.0,458.0,548.0,605.0,516.0,648.0
3565,20251015,0,536.0,431.0,468.0,443.0,374.0,437.0,465.0,558.0,402.0,509.0,576.0,684.0,475.0,676.0,490.0,634.0,524.0,519.0,604.0
3566,20250903,0,496.0,352.0,415.0,300.0,340.0,330.0,385.0,378.0,461.0,410.0,626.0,684.0,986.0,708.0,443.0,491.0,650.0,599.0,648.0
3567,20250906,0,527.0,447.0,457.0,514.0,363.0,413.0,448.0,604.0,478.0,558.0,554.0,676.0,726.0,670.0,445.0,629.0,549.0,553.0,615.0
3568,20250721,0,509.0,398.0,426.0,395.0,332.0,344.0,426.0,430.0,422.0,468.0,588.0,679.0,966.0,696.0,463.0,614.0,584.0,548.0,629.0
3569,20250926,0,499.0,378.0,313.0,356.0,345.0,405.0,406.0,311.0,466.0,475.0,611.0,684.0,673.0,684.0,482.0,549.0,532.0,506.0,620.0
3570,20250414,0,514.0,407.0,352.0,515.0,402.0,568.0,426.0,621.0,500.0,479.0,560.0,682.0,337.0,688.0,482.0,640.0,569.0,512.0,535.0
3571,20250418,0,558.0,440.0,417.0,562.0,385.0,549.0,451.0,518.0,446.0,594.0,555.0,666.0,236.0,667.0,496.0,632.0,519.0,435.0,642.0
3572,20250509,0,521.0,412.0,322.0,453.0,380.0,563.0,411.0,476.0,385.0,528.0,569.0,700.0,700.0,663.0,493.0,567.0,548.0,424.0,645.0
3573,20251022,0,490.0,400.0,346.0,367.0,332.0,332.0,415.0,443.0,398.0,448.0,629.0,680.0,649.0,696.0,461.0,536.0,547.0,512.0,550.0
3574,20251006,0,505.0,391.0,439.0,470.0,363.0,389.0,419.0,482.0,624.0,471.0,548.0,669.0,781.0,701.0,459.0,629.0,626.0,582.0,643.0
3575,20250409,0,498.0,394.0,418.0,390.0,345.0,344.0,435.0,471.0,573.0,472.0,589.0,626.0,847.0,701.0,448.0,598.0,528.0,591.0,535.0
3576,20250826,0,530.0,423.0,457.0,513.0,357.0,392.0,457.0,506.0,450.0,500.0,555.0,641.0,897.0,689.0,442.0,631.0,617.0,551.0,635.0
3577,20251004,0,490.0,411.0,321.0,467.0,375.0,551.0,427.0,353.0,316.0,504.0,560.0,700.0,581.0,656.0,473.0,564.0,541.0,424.0,640.0
3578,20250705,0,528.0,409.0,491.0,592.0,371.0,453.0,456.0,612.0,609.0,536.0,534.0,663.0,420.0,680.0,471.0,631.0,615.0,513.0,643.0
3579,20250909,0,472.0,377.0,331.0,314.0,368.0,356.0,376.0,671.0,569.0,434.0,618.0,700.0,938.0,696.0,475.0,610.0,563.0,513.0,635.0
3580,20251015,0,507.0,398.0,334.0,387.0,324.0,382.0,423.0,324.0,442.0,490.0,587.0,700.0,817.0,685.0,445.0,525.0,629.0,546.0,648.0
3581,20250812,0,527.0,463.0,494.0,520.0,442.0,600.0,472.0,714.0,373.0,537.0,530.0,700.0,225.0,675.0,515.0,639.0,475.0,463.0,574.0
3582,20250911,0,526.0,399.0,478.0,624.0,370.0,429.0,471.0,462.0,311.0,540.0,562.0,684.0,574.0,681.0,499.0,625.0,545.0,542.0,610.0
3583,20250827,0,595.0,487.0,524.0,488.0,484.0,582.0,536.0,671.0,660.0,600.0,513.0,628.0,38.0,648.0,499.0,638.0,276.0,543.0,408.0
3584,20251023,0,509.0,374.0,429.0,495.0,343.0,365.0,415.0,374.0,452.0,480.0,584.0,684.0,862.0,695.0,472.0,582.0,605.0,533.0,642.0
3585,20250721,0,486.0,375.0,363.0,395.0,337.0,382.0,403.0,346.0,504.0,438.0,583.0,700.0,926.0,702.0,456.0,540.0,588.0,520.0,655.0
3586,20250722,0,521.0,397.0,346.0,519.0,340.0,523.0,435.0,510.0,385.0,510.0,561.0,683.0,714.0,679.0,491.0,534.0,571.0,465.0,641.0
3587,20251025,0,511.0,420.0,457.0,477.0,331.0,370.0,460.0,678.0,432.0,497.0,573.0,664.0,646.0,700.0,457.0,641.0,641.0,586.0,618.0
3588,20250828,0,431.0,359.0,408.0,304.0,309.0,317.0,377.0,311.0,456.0,306.0,609.0,686.0,993.0,734.0,417.0,566.0,674.0,596.0,649.0
3589,20251013,0,510.0,395.0,435.0,495.0,360.0,479.0,429.0,475.0,450.0,483.0,572.0,691.0,434.0,689.0,477.0,547.0,586.0,523.0,614.0
3590,20250901,0,520.0,409.0,402.0,381.0,335.0,392.0,451.0,725.0,417.0,441.0,594.0,662.0,814.0,697.0,481.0,660.0,569.0,493.0,552.0
3591,20250315,0,552.0,421.0,457.0,499.0,386.0,464.0,440.0,421.0,438.0,534.0,560.0,596.0,639.0,674.0,481.0,586.0,558.0,491.0,598.0
3592,20250622,0,534.0,387.0,482.0,633.0,386.0,518.0,462.0,510.0,393.0,505.0,533.0,686.0,817.0,674.0,500.0,592.0,609.0,520.0,647.0
3593,20251010,0,533.0,410.0,391.0,535.0,390.0,570.0,454.0,555.0,404.0,518.0,564.0,687.0,384.0,666.0,490.0,559.0,605.0,473.0,631.0
3594,20251112,0,497.0,427.0,399.0,403.0,341.0,383.0,447.0,445.0,377.0,466.0,588.0,642.0,294.0,699.0,514.0,561.0,563.0,511.0,624.0
3595,20250704,0,535.0,469.0,485.0,559.0,405.0,491.0,500.0,569.0,555.0,559.0,508.0,617.0,529.0,659.0,470.0,648.0,594.0,495.0,644.0
3596,20250406,0,544.0,434.0,491.0,594.0,447.0,542.0,464.0,707.0,546.0,568.0,507.0,574.0,247.0,668.0,483.0,602.0,601.0,511.0,640.0
3597,20250314,0,530.0,367.0,423.0,517.0,352.0,415.0,441.0,509.0,444.0,494.0,567.0,663.0,632.0,689.0,487.0,583.0,612.0,539.0,620.0
3598,20250728,0,488.0,423.0,496.0,474.0,383.0,445.0,469.0,655.0,511.0,480.0,562.0,638.0,462.0,693.0,480.0,642.0,471.0,461.0,426.0
3599,20251006,0,511.0,391.0,400.0,506.0,344.0,472.0,416.0,514.0,431.0,518.0,567.0,700.0,709.0,676.0,479.0,552.0,563.0,458.0,645.0
3600,20250718,0,522.0,449.0,428.0,477.0,440.0,574.0,437.0,781.0,633.0,496.0,540.0,528.0,222.0,682.0,510.0,590.0,477.0,480.0,570.0
3601,20251110,0,481.0,428.0,406.0,460.0,353.0,485.0,440.0,427.0,412.0,467.0,567.0,700.0,871.0,684.0,460.0,568.0,597.0,551.0,626.0
3602,20250805,0,526.0,388.0,432.0,456.0,404.0,522.0,441.0,563.0,432.0,508.0,568.0,684.0,420.0,676.0,490.0,593.0,517.0,490.0,561.0
3603,20251019,0,508.0,412.0,496.0,398.0,383.0,376.0,502.0,591.0,385.0,527.0,580.0,647.0,941.0,713.0,471.0,661.0,437.0,559.0,539.0
3604,20250602,0,506.0,465.0,356.0,473.0,449.0,563.0,458.0,419.0,329.0,496.0,469.0,700.0,76.0,663.0,487.0,572.0,531.0,411.0,637.0
3605,20251106,0,468.0,328.0,349.0,300.0,325.0,310.0,365.0,400.0,502.0,403.0,615.0,700.0,987.0,706.0,439.0,439.0,640.0,575.0,643.0
3606,20250402,0,508.0,397.0,301.0,390.0,358.0,494.0,414.0,378.0,440.0,506.0,592.0,700.0,485.0,682.0,472.0,554.0,551.0,427.0,595.0
3607,20250901,0,542.0,428.0,352.0,512.0,372.0,577.0,427.0,618.0,432.0,545.0,556.0,688.0,627.0,663.0,498.0,602.0,599.0,496.0,645.0
3608,20250922,0,538.0,442.0,459.0,598.0,387.0,517.0,478.0,722.0,506.0,536.0,514.0,660.0,670.0,660.0,487.0,620.0,575.0,446.0,646.0
3609,20250523,0,497.0,466.0,439.0,505.0,412.0,423.0,470.0,638.0,500.0,460.0,562.0,592.0,678.0,689.0,441.0,605.0,578.0,526.0,582.0
3610,20250507,0,499.0,410.0,342.0,314.0,339.0,339.0,409.0,432.0,399.0,473.0,606.0,661.0,923.0,694.0,480.0,606.0,570.0,518.0,630.0
3611,20250509,0,527.0,432.0,457.0,513.0,366.0,406.0,454.0,582.0,666.0,466.0,553.0,618.0,911.0,693.0,433.0,598.0,595.0,570.0,649.0
3612,20250516,0,528.0,456.0,496.0,516.0,382.0,449.0,463.0,605.0,596.0,565.0,550.0,616.0,560.0,680.0,481.0,608.0,557.0,522.0,601.0
3613,20251110,0,514.0,405.0,322.0,393.0,327.0,393.0,388.0,424.0,304.0,484.0,583.0,681.0,833.0,683.0,481.0,469.0,608.0,577.0,642.0
3614,20250929,0,494.0,393.0,370.0,441.0,372.0,474.0,396.0,403.0,418.0,457.0,589.0,700.0,782.0,695.0,474.0,528.0,540.0,526.0,601.0
3615,20250523,0,521.0,403.0,321.0,506.0,353.0,538.0,408.0,410.0,364.0,512.0,566.0,700.0,519.0,673.0,472.0,532.0,553.0,465.0,647.0
3616,20251118,0,534.0,461.0,491.0,530.0,375.0,419.0,487.0,686.0,443.0,557.0,528.0,685.0,236.0,673.0,493.0,637.0,593.0,539.0,630.0
3617,20250519,0,531.0,487.0,491.0,529.0,438.0,426.0,509.0,509.0,426.0,576.0,539.0,603.0,562.0,681.0,506.0,658.0,595.0,588.0,640.0
3618,20250602,0,500.0,410.0,321.0,506.0,372.0,581.0,406.0,383.0,311.0,505.0,567.0,642.0,643.0,668.0,490.0,524.0,496.0,465.0,644.0
3619,20251028,0,473.0,401.0,496.0,558.0,380.0,429.0,467.0,671.0,578.0,459.0,552.0,649.0,523.0,692.0,477.0,627.0,389.0,513.0,512.0
3620,20250606,0,496.0,392.0,423.0,322.0,338.0,334.0,408.0,468.0,507.0,467.0,603.0,621.0,959.0,700.0,438.0,605.0,597.0,547.0,631.0
3621,20251004,0,542.0,418.0,530.0,595.0,413.0,559.0,482.0,557.0,493.0,541.0,538.0,628.0,384.0,677.0,492.0,601.0,520.0,497.0,631.0
3622,20251031,0,540.0,442.0,524.0,483.0,416.0,457.0,483.0,472.0,461.0,555.0,511.0,618.0,177.0,690.0,504.0,618.0,377.0,555.0,488.0
3623,20251002,0,489.0,391.0,375.0,492.0,335.0,415.0,400.0,631.0,389.0,445.0,575.0,696.0,920.0,691.0,486.0,599.0,595.0,491.0,645.0
3624,20250624,0,478.0,426.0,496.0,590.0,373.0,380.0,438.0,614.0,639.0,456.0,565.0,560.0,673.0,709.0,437.0,650.0,432.0,588.0,506.0
3625,20250416,0,505.0,474.0,356.0,474.0,433.0,556.0,452.0,481.0,347.0,516.0,457.0,700.0,373.0,657.0,487.0,563.0,525.0,381.0,637.0
3626,20250401,0,485.0,385.0,322.0,438.0,347.0,438.0,378.0,391.0,524.0,455.0,582.0,659.0,863.0,686.0,479.0,537.0,604.0,494.0,650.0
3627,20250415,0,492.0,406.0,560.0,520.0,372.0,411.0,458.0,591.0,469.0,455.0,539.0,650.0,778.0,684.0,455.0,619.0,559.0,533.0,629.0
3628,20250624,0,502.0,370.0,448.0,454.0,324.0,382.0,424.0,444.0,413.0,462.0,579.0,700.0,868.0,687.0,473.0,568.0,623.0,553.0,644.0
3629,20251008,0,529.0,383.0,351.0,437.0,321.0,408.0,403.0,396.0,457.0,498.0,586.0,688.0,856.0,678.0,484.0,510.0,575.0,483.0,651.0
3630,20251005,0,528.0,376.0,352.0,500.0,376.0,521.0,416.0,390.0,511.0,506.0,568.0,687.0,765.0,683.0,484.0,547.0,555.0,517.0,653.0
3631,20250531,0,512.0,409.0,327.0,410.0,328.0,400.0,421.0,435.0,382.0,453.0,575.0,642.0,933.0,686.0,478.0,512.0,665.0,555.0,659.0
3632,20250729,0,504.0,476.0,439.0,511.0,370.0,508.0,471.0,630.0,339.0,475.0,570.0,633.0,389.0,686.0,496.0,661.0,502.0,471.0,573.0
3633,20250720,0,556.0,452.0,599.0,504.0,437.0,532.0,486.0,506.0,399.0,578.0,483.0,627.0,365.0,656.0,466.0,626.0,570.0,524.0,637.0
3634,20250524,0,508.0,441.0,321.0,453.0,430.0,632.0,488.0,568.0,362.0,519.0,568.0,700.0,246.0,652.0,491.0,564.0,527.0,442.0,638.0
3635,20250708,0,506.0,432.0,331.0,372.0,384.0,428.0,428.0,521.0,374.0,453.0,594.0,683.0,911.0,689.0,495.0,581.0,598.0,470.0,646.0
3636,20250710,0,510.0,343.0,408.0,307.0,323.0,323.0,382.0,557.0,578.0,408.0,604.0,683.0,948.0,703.0,437.0,555.0,646.0,581.0,631.0
3637,20251010,0,509.0,373.0,424.0,381.0,345.0,363.0,429.0,384.0,400.0,429.0,589.0,661.0,922.0,702.0,434.0,566.0,667.0,589.0,637.0
3638,20250706,0,520.0,433.0,321.0,442.0,369.0,485.0,404.0,516.0,368.0,511.0,573.0,700.0,792.0,679.0,479.0,591.0,541.0,484.0,604.0
3639,20250615,0,513.0,410.0,421.0,496.0,386.0,488.0,422.0,433.0,403.0,490.0,571.0,659.0,538.0,684.0,485.0,530.0,484.0,496.0,543.0
3640,20251013,0,501.0,403.0,321.0,450.0,359.0,468.0,404.0,426.0,430.0,484.0,572.0,700.0,661.0,682.0,494.0,535.0,558.0,459.0,639.0
3641,20250815,0,532.0,429.0,488.0,594.0,410.0,518.0,499.0,515.0,424.0,522.0,530.0,613.0,389.0,693.0,481.0,588.0,532.0,481.0,570.0
3642,20251015,0,491.0,374.0,417.0,392.0,327.0,354.0,428.0,457.0,490.0,437.0,581.0,668.0,898.0,696.0,453.0,594.0,618.0,504.0,635.0
3643,20251018,0,520.0,454.0,498.0,436.0,377.0,486.0,469.0,744.0,326.0,537.0,576.0,676.0,632.0,672.0,488.0,695.0,594.0,522.0,641.0
3644,20250830,0,515.0,401.0,432.0,457.0,350.0,449.0,446.0,390.0,398.0,486.0,564.0,654.0,901.0,695.0,464.0,548.0,548.0,563.0,597.0
3645,20251002,0,501.0,389.0,384.0,351.0,353.0,377.0,413.0,695.0,490.0,494.0,591.0,683.0,664.0,673.0,489.0,596.0,495.0,493.0,574.0
3646,20251102,0,517.0,400.0,423.0,485.0,360.0,542.0,447.0,594.0,459.0,570.0,562.0,688.0,514.0,643.0,486.0,626.0,551.0,436.0,643.0
3647,20250825,0,495.0,367.0,301.0,325.0,339.0,367.0,370.0,328.0,438.0,450.0,604.0,700.0,950.0,689.0,445.0,482.0,591.0,548.0,640.0
3648,20251101,0,484.0,392.0,408.0,341.0,310.0,372.0,405.0,344.0,401.0,474.0,592.0,700.0,902.0,696.0,468.0,554.0,609.0,532.0,664.0
3649,20250527,0,532.0,353.0,482.0,329.0,363.0,397.0,402.0,590.0,462.0,529.0,603.0,686.0,813.0,678.0,499.0,581.0,583.0,483.0,645.0
3650,20250515,0,511.0,328.0,331.0,303.0,334.0,317.0,347.0,257.0,423.0,435.0,636.0,674.0,989.0,705.0,426.0,377.0,611.0,592.0,641.0
3651,20251109,0,503.0,419.0,322.0,472.0,356.0,539.0,394.0,391.0,298.0,476.0,560.0,700.0,700.0,686.0,472.0,500.0,597.0,516.0,649.0
3652,20250604,0,504.0,554.0,368.0,467.0,433.0,556.0,638.0,267.0,177.0,547.0,395.0,700.0,61.0,650.0,481.0,606.0,525.0,396.0,633.0
3653,20251029,0,526.0,419.0,457.0,517.0,397.0,437.0,465.0,563.0,420.0,467.0,548.0,671.0,674.0,698.0,483.0,634.0,496.0,519.0,550.0
3654,20250522,0,511.0,406.0,357.0,472.0,355.0,522.0,430.0,362.0,412.0,519.0,559.0,687.0,649.0,673.0,486.0,525.0,542.0,457.0,594.0
3655,20251120,0,493.0,382.0,312.0,316.0,334.0,322.0,394.0,422.0,461.0,451.0,620.0,679.0,836.0,682.0,473.0,520.0,605.0,530.0,618.0
3656,20250511,0,522.0,422.0,439.0,448.0,346.0,371.0,443.0,299.0,416.0,501.0,573.0,632.0,908.0,688.0,442.0,591.0,628.0,563.0,638.0
3657,20250426,0,510.0,398.0,451.0,474.0,353.0,393.0,448.0,337.0,417.0,488.0,552.0,649.0,869.0,686.0,457.0,557.0,589.0,543.0,641.0
3658,20251006,0,512.0,404.0,346.0,509.0,410.0,570.0,425.0,493.0,463.0,510.0,549.0,664.0,575.0,680.0,481.0,555.0,550.0,435.0,645.0
3659,20250910,0,519.0,407.0,364.0,516.0,402.0,575.0,424.0,737.0,455.0,538.0,549.0,686.0,553.0,656.0,492.0,604.0,577.0,485.0,626.0
3660,20250616,0,529.0,439.0,592.0,472.0,489.0,436.0,508.0,462.0,504.0,485.0,514.0,530.0,153.0,690.0,475.0,558.0,317.0,558.0,471.0
3661,20250709,0,545.0,375.0,436.0,317.0,339.0,361.0,401.0,269.0,462.0,399.0,597.0,626.0,992.0,724.0,433.0,522.0,656.0,589.0,652.0
3662,20251002,0,524.0,400.0,423.0,494.0,360.0,418.0,446.0,478.0,432.0,502.0,564.0,670.0,773.0,691.0,482.0,576.0,588.0,530.0,618.0
3663,20250514,0,548.0,452.0,529.0,634.0,436.0,602.0,496.0,605.0,480.0,572.0,497.0,627.0,92.0,656.0,525.0,658.0,570.0,482.0,615.0
3664,20250824,0,506.0,406.0,428.0,385.0,333.0,372.0,430.0,343.0,363.0,458.0,583.0,678.0,873.0,685.0,436.0,545.0,579.0,568.0,607.0
3665,20251109,0,465.0,361.0,301.0,300.0,327.0,330.0,352.0,440.0,534.0,380.0,618.0,700.0,939.0,714.0,437.0,455.0,646.0,579.0,645.0
3666,20250609,0,516.0,340.0,395.0,311.0,328.0,319.0,418.0,445.0,408.0,469.0,615.0,653.0,915.0,695.0,450.0,598.0,573.0,538.0,576.0
3667,20250827,0,527.0,465.0,400.0,470.0,481.0,596.0,446.0,458.0,373.0,532.0,516.0,677.0,52.0,676.0,499.0,560.0,564.0,443.0,631.0
3668,20250501,0,525.0,402.0,427.0,517.0,396.0,553.0,449.0,635.0,394.0,510.0,532.0,691.0,534.0,674.0,507.0,615.0,573.0,433.0,643.0
3669,20251117,0,529.0,418.0,482.0,571.0,391.0,521.0,487.0,678.0,482.0,562.0,512.0,687.0,667.0,664.0,500.0,605.0,573.0,457.0,645.0
3670,20250409,0,490.0,373.0,356.0,512.0,392.0,494.0,400.0,384.0,314.0,480.0,537.0,700.0,662.0,685.0,459.0,501.0,586.0,536.0,633.0
3671,20251111,0,513.0,391.0,367.0,506.0,376.0,566.0,429.0,543.0,426.0,533.0,568.0,690.0,322.0,670.0,493.0,597.0,549.0,446.0,640.0
3672,20250914,0,525.0,423.0,462.0,503.0,397.0,516.0,485.0,605.0,358.0,502.0,511.0,678.0,730.0,670.0,485.0,609.0,568.0,420.0,644.0
3673,20250831,0,533.0,451.0,321.0,535.0,393.0,582.0,399.0,475.0,384.0,535.0,561.0,657.0,507.0,657.0,510.0,534.0,535.0,429.0,541.0
3674,20251014,0,513.0,412.0,350.0,460.0,370.0,528.0,408.0,475.0,395.0,511.0,576.0,684.0,666.0,671.0,495.0,540.0,598.0,467.0,649.0
3675,20251108,0,504.0,400.0,352.0,467.0,358.0,496.0,433.0,494.0,396.0,498.0,561.0,700.0,756.0,674.0,484.0,563.0,488.0,441.0,543.0
3676,20250810,0,513.0,371.0,463.0,443.0,362.0,424.0,445.0,425.0,507.0,526.0,577.0,660.0,722.0,684.0,487.0,588.0,599.0,510.0,649.0
3677,20250630,0,529.0,366.0,436.0,303.0,322.0,317.0,415.0,618.0,638.0,479.0,605.0,646.0,957.0,701.0,438.0,609.0,660.0,560.0,628.0
3678,20250626,0,529.0,413.0,441.0,477.0,358.0,437.0,487.0,639.0,296.0,502.0,565.0,665.0,737.0,677.0,447.0,635.0,649.0,553.0,593.0
3679,20250719,0,504.0,405.0,417.0,383.0,327.0,344.0,429.0,585.0,476.0,429.0,587.0,649.0,907.0,701.0,453.0,610.0,598.0,527.0,618.0
3680,20251030,0,504.0,375.0,322.0,465.0,326.0,463.0,380.0,418.0,533.0,477.0,565.0,700.0,874.0,684.0,449.0,549.0,597.0,508.0,652.0
3681,20251105,0,502.0,363.0,301.0,307.0,324.0,332.0,380.0,383.0,482.0,454.0,607.0,693.0,945.0,689.0,486.0,498.0,574.0,531.0,648.0
3682,20250609,0,514.0,400.0,399.0,437.0,341.0,484.0,409.0,511.0,400.0,503.0,588.0,659.0,470.0,688.0,487.0,510.0,484.0,482.0,576.0
3683,20250905,0,537.0,393.0,439.0,541.0,399.0,422.0,456.0,607.0,449.0,532.0,548.0,662.0,778.0,679.0,459.0,634.0,534.0,511.0,616.0
3684,20250302,0,,,,,,,,,,,,,,,,,,,
3685,20250515,0,516.0,428.0,322.0,515.0,378.0,571.0,416.0,425.0,399.0,531.0,560.0,682.0,484.0,675.0,489.0,514.0,549.0,495.0,645.0
3686,20250924,0,467.0,389.0,426.0,347.0,327.0,344.0,417.0,522.0,365.0,384.0,591.0,685.0,980.0,723.0,444.0,631.0,570.0,605.0,575.0
3687,20250402,0,585.0,521.0,569.0,669.0,528.0,689.0,524.0,630.0,381.0,663.0,509.0,648.0,8.0,644.0,533.0,679.0,267.0,444.0,442.0
3688,20251012,0,504.0,375.0,436.0,317.0,324.0,329.0,412.0,252.0,367.0,447.0,601.0,671.0,957.0,698.0,429.0,535.0,647.0,592.0,647.0
3689,20250702,0,499.0,394.0,301.0,369.0,335.0,419.0,392.0,423.0,479.0,479.0,600.0,672.0,760.0,682.0,484.0,536.0,576.0,483.0,646.0
3690,20251001,0,536.0,318.0,341.0,310.0,321.0,300.0,364.0,325.0,460.0,375.0,637.0,689.0,989.0,731.0,423.0,443.0,684.0,591.0,648.0
3691,20250905,0,504.0,421.0,417.0,394.0,315.0,370.0,440.0,476.0,359.0,451.0,583.0,688.0,763.0,688.0,468.0,593.0,666.0,545.0,630.0
3692,20251004,0,506.0,376.0,301.0,326.0,322.0,359.0,394.0,437.0,595.0,460.0,597.0,677.0,749.0,690.0,452.0,566.0,624.0,559.0,655.0
3693,20250728,0,478.0,416.0,321.0,322.0,330.0,360.0,416.0,626.0,664.0,457.0,596.0,514.0,922.0,702.0,457.0,624.0,597.0,533.0,640.0
3694,20250719,0,487.0,460.0,379.0,438.0,393.0,512.0,459.0,476.0,367.0,486.0,588.0,700.0,427.0,688.0,481.0,594.0,548.0,488.0,603.0
3695,20251004,0,,,,,,,,,,,,,,,,,,,
3696,20250806,0,490.0,404.0,457.0,480.0,369.0,344.0,422.0,506.0,507.0,409.0,572.0,627.0,935.0,728.0,445.0,650.0,634.0,590.0,589.0
3697,20251101,0,505.0,403.0,429.0,460.0,328.0,384.0,447.0,399.0,386.0,485.0,570.0,684.0,912.0,692.0,468.0,602.0,598.0,523.0,651.0
3698,20250821,0,524.0,428.0,530.0,643.0,395.0,466.0,480.0,720.0,628.0,498.0,530.0,667.0,317.0,677.0,471.0,649.0,551.0,505.0,565.0
3699,20251103,0,546.0,406.0,436.0,327.0,331.0,344.0,424.0,683.0,564.0,418.0,594.0,654.0,757.0,725.0,466.0,647.0,639.0,596.0,620.0
3700,20251020,0,524.0,468.0,457.0,646.0,381.0,510.0,476.0,591.0,386.0,544.0,551.0,684.0,211.0,646.0,507.0,641.0,604.0,496.0,619.0
3701,20250928,0,489.0,404.0,448.0,474.0,349.0,387.0,434.0,596.0,399.0,448.0,559.0,697.0,963.0,692.0,446.0,643.0,565.0,552.0,623.0
3702,20250309,0,543.0,429.0,429.0,588.0,446.0,580.0,464.0,687.0,445.0,589.0,550.0,662.0,311.0,661.0,534.0,623.0,478.0,437.0,567.0
3703,20250302,0,531.0,464.0,404.0,467.0,462.0,550.0,485.0,575.0,389.0,521.0,481.0,655.0,167.0,634.0,486.0,609.0,511.0,415.0,636.0
3704,20251109,0,469.0,379.0,436.0,323.0,323.0,361.0,414.0,598.0,486.0,408.0,596.0,684.0,989.0,709.0,456.0,604.0,656.0,586.0,628.0
3705,20250820,0,536.0,402.0,445.0,554.0,364.0,508.0,454.0,641.0,441.0,500.0,551.0,688.0,471.0,676.0,494.0,614.0,578.0,468.0,646.0
3706,20250803,0,530.0,422.0,429.0,534.0,390.0,524.0,461.0,664.0,497.0,537.0,571.0,671.0,43.0,670.0,491.0,636.0,486.0,450.0,465.0
3707,20250716,0,533.0,399.0,400.0,440.0,344.0,401.0,425.0,628.0,408.0,518.0,579.0,673.0,579.0,685.0,483.0,670.0,598.0,482.0,643.0
3708,20250704,0,540.0,417.0,448.0,442.0,370.0,435.0,422.0,501.0,366.0,459.0,574.0,687.0,767.0,684.0,455.0,601.0,543.0,569.0,603.0
3709,20250725,0,561.0,453.0,491.0,512.0,391.0,525.0,516.0,681.0,406.0,575.0,520.0,665.0,537.0,668.0,483.0,651.0,562.0,520.0,641.0
3710,20250901,0,536.0,447.0,544.0,575.0,433.0,508.0,488.0,772.0,561.0,575.0,491.0,636.0,488.0,661.0,481.0,663.0,427.0,446.0,455.0
3711,20250706,0,521.0,341.0,408.0,330.0,313.0,304.0,405.0,613.0,485.0,473.0,610.0,677.0,982.0,701.0,442.0,618.0,592.0,560.0,634.0
3712,20251104,0,473.0,358.0,301.0,311.0,305.0,302.0,361.0,278.0,384.0,423.0,636.0,700.0,986.0,705.0,431.0,389.0,593.0,566.0,655.0
3713,20250721,0,507.0,412.0,331.0,330.0,341.0,373.0,405.0,483.0,457.0,487.0,601.0,661.0,785.0,693.0,487.0,555.0,572.0,529.0,618.0
3714,20250420,0,540.0,475.0,485.0,570.0,484.0,600.0,476.0,612.0,433.0,547.0,515.0,656.0,153.0,629.0,509.0,680.0,566.0,448.0,642.0
3715,20251009,0,502.0,419.0,482.0,597.0,379.0,460.0,446.0,447.0,390.0,512.0,536.0,683.0,738.0,670.0,497.0,586.0,582.0,495.0,641.0
3716,20250428,0,523.0,415.0,322.0,506.0,361.0,561.0,418.0,385.0,477.0,529.0,565.0,700.0,478.0,673.0,484.0,539.0,525.0,465.0,640.0
3717,20250317,0,520.0,407.0,424.0,518.0,373.0,523.0,433.0,537.0,469.0,533.0,560.0,655.0,618.0,682.0,492.0,605.0,541.0,453.0,647.0
3718,20250509,0,546.0,401.0,387.0,345.0,348.0,399.0,435.0,406.0,394.0,510.0,591.0,637.0,859.0,685.0,455.0,544.0,627.0,553.0,653.0
3719,20250303,0,533.0,449.0,512.0,521.0,459.0,534.0,481.0,591.0,374.0,525.0,541.0,591.0,245.0,688.0,522.0,563.0,571.0,484.0,601.0
3720,20250428,0,535.0,414.0,356.0,517.0,404.0,561.0,423.0,423.0,294.0,530.0,534.0,645.0,430.0,679.0,488.0,521.0,555.0,467.0,614.0
3721,20250818,0,554.0,450.0,490.0,479.0,467.0,454.0,454.0,522.0,539.0,549.0,548.0,594.0,626.0,681.0,492.0,605.0,427.0,605.0,501.0
3722,20250816,0,530.0,391.0,409.0,593.0,357.0,442.0,450.0,657.0,479.0,486.0,563.0,646.0,653.0,676.0,474.0,597.0,628.0,530.0,650.0
3723,20250704,0,507.0,419.0,563.0,555.0,469.0,447.0,484.0,351.0,473.0,490.0,518.0,505.0,372.0,694.0,503.0,567.0,551.0,509.0,560.0
3724,20251112,0,524.0,419.0,448.0,615.0,358.0,479.0,468.0,743.0,330.0,543.0,561.0,687.0,647.0,675.0,505.0,663.0,564.0,504.0,647.0
3725,20250603,0,519.0,444.0,355.0,506.0,411.0,544.0,440.0,628.0,426.0,511.0,574.0,660.0,402.0,688.0,511.0,554.0,556.0,495.0,604.0
3726,20250805,0,512.0,415.0,448.0,554.0,362.0,447.0,458.0,600.0,377.0,464.0,558.0,672.0,926.0,685.0,443.0,616.0,589.0,531.0,638.0
3727,20250412,0,537.0,436.0,442.0,518.0,411.0,556.0,467.0,540.0,408.0,538.0,563.0,652.0,72.0,672.0,488.0,634.0,469.0,450.0,583.0
3728,20250409,0,512.0,410.0,439.0,383.0,354.0,347.0,446.0,529.0,497.0,479.0,587.0,647.0,933.0,705.0,460.0,565.0,574.0,574.0,575.0
3729,20250509,0,538.0,396.0,466.0,482.0,397.0,431.0,471.0,588.0,584.0,535.0,532.0,581.0,821.0,674.0,482.0,595.0,612.0,481.0,652.0
3730,20251002,0,521.0,421.0,424.0,573.0,383.0,530.0,465.0,631.0,370.0,519.0,551.0,694.0,713.0,671.0,492.0,604.0,577.0,483.0,634.0
3731,20251015,0,513.0,424.0,406.0,461.0,340.0,420.0,457.0,305.0,320.0,463.0,557.0,694.0,887.0,695.0,457.0,511.0,604.0,581.0,658.0
3732,20251002,0,503.0,409.0,312.0,394.0,339.0,403.0,416.0,423.0,401.0,466.0,589.0,700.0,924.0,685.0,445.0,507.0,609.0,536.0,647.0
3733,20250701,0,549.0,440.0,524.0,486.0,453.0,457.0,460.0,638.0,639.0,548.0,505.0,558.0,205.0,685.0,531.0,639.0,322.0,482.0,512.0
3734,20251104,0,489.0,420.0,363.0,385.0,351.0,372.0,428.0,384.0,381.0,443.0,584.0,670.0,688.0,688.0,452.0,518.0,610.0,542.0,633.0
3735,20250324,0,524.0,423.0,491.0,592.0,395.0,453.0,461.0,503.0,476.0,536.0,538.0,624.0,392.0,680.0,480.0,591.0,582.0,486.0,646.0
3736,20250507,0,526.0,443.0,491.0,538.0,404.0,485.0,482.0,607.0,457.0,537.0,529.0,659.0,509.0,671.0,464.0,592.0,596.0,556.0,639.0
3737,20250811,0,504.0,462.0,398.0,470.0,414.0,569.0,480.0,501.0,232.0,500.0,481.0,688.0,176.0,663.0,491.0,570.0,525.0,412.0,633.0
3738,20250524,0,505.0,431.0,398.0,479.0,394.0,567.0,457.0,512.0,412.0,534.0,543.0,674.0,252.0,661.0,500.0,566.0,522.0,441.0,633.0
3739,20250428,0,503.0,393.0,352.0,504.0,361.0,537.0,383.0,342.0,458.0,488.0,566.0,700.0,541.0,683.0,473.0,528.0,566.0,423.0,624.0
3740,20251005,0,489.0,383.0,331.0,387.0,331.0,380.0,389.0,443.0,477.0,462.0,591.0,687.0,819.0,687.0,483.0,519.0,608.0,518.0,643.0
3741,20250819,0,501.0,354.0,354.0,327.0,313.0,339.0,391.0,304.0,387.0,475.0,601.0,669.0,916.0,696.0,469.0,557.0,581.0,585.0,629.0
3742,20250503,0,512.0,436.0,486.0,510.0,380.0,478.0,465.0,506.0,387.0,524.0,566.0,634.0,418.0,682.0,495.0,600.0,527.0,492.0,638.0
3743,20250502,0,539.0,413.0,490.0,528.0,393.0,430.0,468.0,604.0,404.0,525.0,534.0,637.0,660.0,684.0,497.0,653.0,624.0,531.0,646.0
3744,20250624,0,544.0,430.0,423.0,390.0,342.0,386.0,465.0,590.0,367.0,566.0,587.0,656.0,808.0,680.0,462.0,677.0,592.0,553.0,646.0
3745,20250802,0,486.0,360.0,354.0,315.0,325.0,300.0,381.0,368.0,469.0,432.0,612.0,689.0,958.0,701.0,434.0,564.0,647.0,590.0,645.0
3746,20250317,0,535.0,440.0,429.0,542.0,421.0,547.0,479.0,710.0,374.0,588.0,549.0,661.0,623.0,661.0,490.0,650.0,537.0,452.0,640.0
3747,20250403,0,525.0,411.0,362.0,493.0,363.0,499.0,417.0,547.0,403.0,488.0,574.0,685.0,813.0,682.0,477.0,592.0,596.0,510.0,638.0
3748,20251008,0,533.0,481.0,369.0,457.0,371.0,508.0,471.0,529.0,290.0,558.0,570.0,664.0,638.0,674.0,471.0,602.0,588.0,529.0,650.0
3749,20251007,0,513.0,414.0,448.0,524.0,342.0,452.0,464.0,484.0,352.0,476.0,553.0,684.0,893.0,676.0,450.0,637.0,621.0,560.0,630.0
3750,20250918,0,533.0,431.0,432.0,496.0,360.0,498.0,425.0,600.0,407.0,550.0,571.0,685.0,684.0,658.0,515.0,577.0,573.0,477.0,646.0
3751,20250930,0,,,,,,,,,,,,,,,,,,,
3752,20251007,0,525.0,478.0,370.0,495.0,404.0,624.0,456.0,739.0,391.0,538.0,569.0,700.0,236.0,659.0,501.0,672.0,525.0,448.0,638.0
3753,20250428,0,503.0,438.0,334.0,511.0,425.0,557.0,411.0,330.0,386.0,515.0,561.0,619.0,689.0,680.0,496.0,537.0,552.0,442.0,638.0
3754,20250409,0,501.0,419.0,491.0,482.0,386.0,391.0,448.0,508.0,565.0,464.0,530.0,591.0,898.0,688.0,442.0,547.0,621.0,556.0,636.0
3755,20251120,0,514.0,406.0,516.0,448.0,376.0,438.0,433.0,604.0,384.0,513.0,572.0,693.0,698.0,677.0,467.0,617.0,502.0,498.0,559.0
3756,20251110,0,490.0,362.0,301.0,325.0,339.0,340.0,390.0,595.0,654.0,456.0,599.0,673.0,926.0,687.0,459.0,579.0,591.0,525.0,656.0
3757,20250504,0,468.0,422.0,496.0,468.0,385.0,389.0,444.0,635.0,518.0,478.0,555.0,613.0,715.0,711.0,438.0,651.0,395.0,582.0,511.0
3758,20251028,0,494.0,406.0,301.0,387.0,338.0,430.0,436.0,445.0,419.0,480.0,595.0,694.0,766.0,692.0,475.0,589.0,598.0,544.0,601.0
3759,20251021,0,505.0,409.0,436.0,314.0,350.0,342.0,417.0,454.0,498.0,503.0,598.0,645.0,990.0,720.0,459.0,558.0,564.0,577.0,535.0
3760,20250707,0,522.0,374.0,301.0,303.0,338.0,318.0,388.0,364.0,459.0,406.0,622.0,663.0,980.0,702.0,463.0,488.0,634.0,605.0,638.0
3761,20251007,0,483.0,375.0,423.0,499.0,363.0,443.0,443.0,490.0,417.0,458.0,569.0,677.0,585.0,688.0,479.0,571.0,578.0,479.0,586.0
3762,20250531,0,519.0,374.0,372.0,341.0,316.0,344.0,413.0,360.0,487.0,428.0,592.0,670.0,933.0,697.0,443.0,514.0,598.0,557.0,627.0
3763,20251113,0,524.0,503.0,501.0,583.0,429.0,575.0,480.0,585.0,368.0,524.0,530.0,673.0,248.0,671.0,495.0,647.0,547.0,442.0,646.0
3764,20250416,0,484.0,332.0,436.0,307.0,354.0,318.0,377.0,393.0,489.0,416.0,620.0,634.0,980.0,706.0,437.0,534.0,651.0,625.0,639.0
3765,20251110,0,493.0,385.0,370.0,389.0,322.0,371.0,399.0,407.0,443.0,444.0,584.0,700.0,740.0,696.0,477.0,510.0,633.0,562.0,632.0
3766,20250415,0,516.0,413.0,457.0,481.0,337.0,396.0,469.0,462.0,414.0,500.0,567.0,656.0,873.0,687.0,470.0,591.0,608.0,542.0,650.0
3767,20251105,0,525.0,409.0,349.0,330.0,399.0,466.0,431.0,605.0,412.0,495.0,607.0,691.0,553.0,682.0,516.0,566.0,536.0,437.0,550.0
3768,20251101,0,511.0,393.0,436.0,318.0,326.0,329.0,398.0,527.0,435.0,429.0,600.0,660.0,985.0,708.0,434.0,625.0,674.0,613.0,636.0
3769,20250428,0,517.0,435.0,361.0,488.0,397.0,555.0,416.0,415.0,380.0,511.0,532.0,671.0,677.0,675.0,485.0,551.0,609.0,502.0,619.0
3770,20250716,0,548.0,435.0,419.0,535.0,400.0,571.0,472.0,542.0,277.0,514.0,547.0,644.0,608.0,672.0,491.0,589.0,603.0,497.0,617.0
3771,20251009,0,536.0,440.0,406.0,519.0,399.0,591.0,445.0,574.0,388.0,545.0,547.0,695.0,463.0,665.0,498.0,535.0,559.0,449.0,641.0
3772,20250927,0,499.0,381.0,463.0,521.0,343.0,401.0,437.0,472.0,631.0,455.0,540.0,688.0,895.0,692.0,462.0,632.0,596.0,506.0,643.0
3773,20250930,0,512.0,431.0,376.0,512.0,370.0,498.0,450.0,721.0,409.0,524.0,557.0,694.0,360.0,683.0,530.0,631.0,559.0,489.0,618.0
3774,20250527,0,530.0,399.0,560.0,533.0,417.0,547.0,460.0,503.0,377.0,526.0,528.0,592.0,371.0,658.0,485.0,552.0,525.0,484.0,594.0
3775,20250318,0,488.0,411.0,352.0,401.0,363.0,435.0,390.0,487.0,432.0,465.0,582.0,671.0,834.0,686.0,474.0,515.0,611.0,525.0,648.0
3776,20250514,0,513.0,424.0,429.0,495.0,382.0,506.0,448.0,606.0,435.0,474.0,557.0,683.0,537.0,689.0,481.0,633.0,530.0,499.0,628.0
3777,20250812,0,523.0,446.0,436.0,523.0,371.0,457.0,467.0,344.0,175.0,485.0,554.0,675.0,714.0,684.0,470.0,603.0,623.0,565.0,637.0
3778,20250516,0,505.0,401.0,456.0,468.0,378.0,412.0,457.0,578.0,531.0,468.0,549.0,630.0,863.0,695.0,442.0,595.0,623.0,543.0,643.0
3779,20251004,0,501.0,426.0,457.0,506.0,325.0,390.0,454.0,496.0,407.0,480.0,565.0,648.0,824.0,688.0,480.0,590.0,648.0,542.0,653.0
3780,20250731,0,490.0,359.0,367.0,397.0,331.0,369.0,403.0,478.0,462.0,443.0,590.0,690.0,891.0,693.0,472.0,535.0,623.0,532.0,662.0
3781,20250310,0,512.0,399.0,327.0,437.0,356.0,504.0,389.0,326.0,443.0,480.0,578.0,629.0,685.0,683.0,500.0,555.0,579.0,475.0,626.0
3782,20250519,0,530.0,381.0,485.0,511.0,405.0,502.0,446.0,523.0,497.0,549.0,574.0,663.0,315.0,681.0,493.0,593.0,565.0,513.0,610.0
3783,20250513,0,531.0,417.0,419.0,471.0,386.0,462.0,442.0,472.0,590.0,522.0,560.0,615.0,765.0,671.0,456.0,576.0,577.0,547.0,634.0
3784,20250831,0,507.0,402.0,454.0,391.0,322.0,370.0,428.0,515.0,421.0,448.0,594.0,672.0,876.0,686.0,454.0,653.0,607.0,526.0,628.0
3785,20250410,0,529.0,393.0,411.0,509.0,383.0,539.0,456.0,666.0,482.0,509.0,563.0,596.0,502.0,675.0,498.0,569.0,530.0,462.0,644.0
3786,20250828,0,533.0,426.0,490.0,479.0,403.0,408.0,497.0,359.0,361.0,486.0,554.0,596.0,689.0,689.0,463.0,630.0,612.0,583.0,639.0
3787,20250401,0,498.0,378.0,436.0,330.0,357.0,344.0,432.0,460.0,521.0,471.0,595.0,646.0,729.0,708.0,458.0,594.0,542.0,532.0,607.0
3788,20250621,0,498.0,450.0,386.0,511.0,373.0,426.0,459.0,492.0,477.0,454.0,567.0,648.0,855.0,685.0,505.0,615.0,562.0,491.0,621.0
3789,20250820,0,532.0,395.0,475.0,640.0,403.0,571.0,479.0,735.0,497.0,524.0,541.0,691.0,465.0,658.0,491.0,660.0,553.0,461.0,645.0
3790,20250616,0,538.0,394.0,491.0,592.0,404.0,477.0,448.0,518.0,514.0,549.0,531.0,656.0,262.0,677.0,473.0,577.0,602.0,503.0,627.0
3791,20250329,0,503.0,441.0,300.0,390.0,346.0,506.0,411.0,439.0,322.0,528.0,593.0,700.0,472.0,672.0,489.0,512.0,576.0,465.0,649.0
3792,20250712,0,538.0,457.0,334.0,404.0,410.0,490.0,477.0,637.0,240.0,506.0,585.0,649.0,562.0,675.0,488.0,535.0,594.0,486.0,634.0
3793,20250325,0,493.0,347.0,436.0,304.0,341.0,317.0,403.0,450.0,523.0,482.0,630.0,653.0,984.0,715.0,424.0,512.0,658.0,596.0,646.0
3794,20250901,0,513.0,404.0,350.0,446.0,360.0,537.0,393.0,432.0,275.0,501.0,577.0,700.0,501.0,674.0,495.0,530.0,511.0,419.0,531.0
3795,20251015,0,520.0,406.0,478.0,470.0,354.0,406.0,466.0,541.0,426.0,491.0,565.0,645.0,790.0,697.0,445.0,659.0,587.0,576.0,616.0
3796,20250923,0,462.0,343.0,378.0,314.0,353.0,336.0,400.0,423.0,456.0,382.0,602.0,695.0,981.0,714.0,469.0,555.0,627.0,596.0,656.0
3797,20250402,0,522.0,411.0,301.0,373.0,335.0,364.0,384.0,403.0,518.0,485.0,601.0,593.0,749.0,695.0,468.0,488.0,589.0,505.0,653.0
3798,20250924,0,559.0,421.0,447.0,475.0,400.0,441.0,455.0,507.0,430.0,563.0,563.0,599.0,138.0,687.0,477.0,572.0,377.0,545.0,511.0
3799,20251109,0,497.0,409.0,478.0,442.0,353.0,490.0,428.0,438.0,390.0,483.0,578.0,667.0,692.0,680.0,480.0,572.0,600.0,512.0,635.0
3800,20250823,0,491.0,383.0,322.0,407.0,304.0,383.0,375.0,310.0,487.0,460.0,576.0,700.0,897.0,691.0,466.0,501.0,592.0,479.0,646.0
3801,20251110,0,522.0,423.0,448.0,585.0,357.0,418.0,458.0,757.0,441.0,481.0,572.0,694.0,850.0,680.0,480.0,645.0,584.0,551.0,619.0
3802,20250907,0,534.0,422.0,524.0,612.0,392.0,413.0,462.0,682.0,654.0,538.0,538.0,621.0,565.0,679.0,490.0,633.0,562.0,549.0,618.0
3803,20250430,0,547.0,432.0,439.0,465.0,480.0,413.0,464.0,589.0,444.0,521.0,555.0,553.0,795.0,694.0,505.0,571.0,563.0,535.0,592.0
3804,20251104,0,507.0,423.0,474.0,415.0,354.0,423.0,461.0,605.0,374.0,479.0,577.0,659.0,484.0,693.0,482.0,616.0,522.0,527.0,562.0
3805,20250519,0,530.0,417.0,484.0,613.0,425.0,552.0,478.0,573.0,399.0,564.0,538.0,676.0,695.0,664.0,479.0,626.0,566.0,448.0,641.0
3806,20250622,0,538.0,399.0,441.0,391.0,337.0,367.0,462.0,701.0,422.0,428.0,585.0,682.0,948.0,706.0,420.0,616.0,657.0,560.0,659.0
3807,20251107,0,529.0,433.0,448.0,511.0,370.0,550.0,458.0,519.0,402.0,523.0,569.0,694.0,497.0,666.0,482.0,604.0,480.0,462.0,631.0
3808,20251028,0,500.0,417.0,352.0,392.0,351.0,416.0,406.0,372.0,259.0,450.0,583.0,691.0,865.0,687.0,475.0,456.0,513.0,539.0,586.0
3809,20251020,0,538.0,413.0,429.0,391.0,339.0,373.0,432.0,385.0,407.0,472.0,583.0,674.0,912.0,700.0,458.0,522.0,650.0,574.0,647.0
3810,20250703,0,559.0,441.0,418.0,497.0,402.0,581.0,487.0,590.0,385.0,599.0,522.0,640.0,333.0,652.0,506.0,558.0,592.0,500.0,629.0
3811,20250830,0,512.0,408.0,409.0,474.0,349.0,386.0,458.0,539.0,466.0,489.0,569.0,629.0,819.0,690.0,460.0,627.0,618.0,563.0,613.0
3812,20250809,0,526.0,345.0,436.0,306.0,328.0,317.0,393.0,250.0,510.0,447.0,605.0,653.0,992.0,725.0,439.0,544.0,656.0,571.0,576.0
3813,20250919,0,587.0,507.0,443.0,545.0,523.0,564.0,530.0,610.0,398.0,612.0,511.0,300.0,244.0,628.0,519.0,618.0,558.0,432.0,645.0
3814,20250527,0,519.0,389.0,301.0,389.0,350.0,531.0,392.0,409.0,475.0,540.0,591.0,700.0,661.0,676.0,467.0,560.0,569.0,457.0,663.0
3815,20250716,0,533.0,408.0,485.0,473.0,338.0,407.0,433.0,581.0,493.0,491.0,567.0,654.0,978.0,709.0,453.0,580.0,596.0,597.0,592.0
3816,20251026,0,513.0,432.0,321.0,476.0,394.0,551.0,445.0,614.0,327.0,487.0,559.0,668.0,460.0,682.0,486.0,559.0,525.0,496.0,572.0
3817,20250427,0,536.0,404.0,530.0,587.0,418.0,459.0,458.0,615.0,433.0,527.0,538.0,627.0,490.0,677.0,470.0,691.0,598.0,505.0,604.0
3818,20250830,0,528.0,393.0,445.0,523.0,371.0,524.0,448.0,583.0,516.0,535.0,564.0,676.0,761.0,660.0,475.0,593.0,596.0,509.0,640.0
3819,20250715,0,506.0,421.0,301.0,330.0,364.0,384.0,405.0,493.0,459.0,451.0,599.0,674.0,917.0,690.0,474.0,552.0,596.0,527.0,645.0
3820,20250331,0,549.0,416.0,484.0,490.0,391.0,462.0,485.0,494.0,455.0,553.0,517.0,569.0,401.0,663.0,477.0,568.0,608.0,556.0,643.0
3821,20251028,0,478.0,393.0,301.0,373.0,364.0,420.0,385.0,421.0,449.0,454.0,601.0,689.0,336.0,693.0,479.0,531.0,468.0,477.0,584.0
3822,20251001,0,530.0,464.0,537.0,513.0,417.0,581.0,500.0,709.0,314.0,569.0,529.0,679.0,187.0,654.0,519.0,606.0,518.0,432.0,565.0
3823,20251012,0,476.0,377.0,301.0,307.0,326.0,317.0,366.0,294.0,447.0,426.0,627.0,677.0,978.0,704.0,431.0,457.0,644.0,586.0,649.0
3824,20250320,0,514.0,397.0,426.0,314.0,347.0,361.0,439.0,576.0,424.0,434.0,610.0,654.0,929.0,689.0,449.0,630.0,632.0,543.0,642.0
3825,20250310,0,514.0,424.0,322.0,398.0,348.0,412.0,429.0,377.0,277.0,501.0,581.0,700.0,871.0,677.0,487.0,483.0,618.0,486.0,641.0
3826,20250601,0,547.0,404.0,448.0,479.0,368.0,443.0,440.0,480.0,369.0,500.0,563.0,690.0,801.0,675.0,464.0,590.0,574.0,550.0,612.0
3827,20250510,0,550.0,473.0,465.0,504.0,454.0,469.0,501.0,674.0,502.0,575.0,518.0,593.0,564.0,670.0,484.0,630.0,588.0,527.0,602.0
3828,20251007,0,495.0,341.0,300.0,303.0,319.0,310.0,363.0,394.0,488.0,433.0,617.0,676.0,973.0,708.0,444.0,479.0,591.0,535.0,649.0
3829,20250516,0,483.0,376.0,457.0,460.0,359.0,380.0,436.0,378.0,518.0,478.0,564.0,552.0,889.0,692.0,446.0,599.0,575.0,550.0,635.0
3830,20250616,0,516.0,442.0,431.0,369.0,362.0,398.0,449.0,620.0,433.0,485.0,601.0,633.0,450.0,695.0,487.0,673.0,498.0,499.0,522.0
3831,20251029,0,534.0,443.0,457.0,626.0,350.0,448.0,453.0,603.0,505.0,500.0,554.0,679.0,674.0,671.0,491.0,634.0,578.0,478.0,645.0
3832,20251015,0,492.0,413.0,334.0,461.0,381.0,415.0,443.0,450.0,604.0,460.0,564.0,576.0,898.0,688.0,458.0,584.0,623.0,584.0,651.0
3833,20250608,0,496.0,381.0,301.0,370.0,357.0,442.0,410.0,404.0,447.0,468.0,597.0,688.0,718.0,693.0,480.0,492.0,578.0,512.0,577.0
3834,20250819,0,534.0,612.0,355.0,554.0,423.0,628.0,525.0,488.0,216.0,591.0,461.0,590.0,23.0,647.0,500.0,613.0,496.0,466.0,632.0
3835,20250811,0,547.0,406.0,457.0,519.0,335.0,414.0,443.0,490.0,424.0,491.0,561.0,672.0,932.0,688.0,443.0,571.0,624.0,536.0,651.0
3836,20251003,0,494.0,396.0,457.0,630.0,387.0,521.0,461.0,473.0,277.0,481.0,518.0,688.0,675.0,684.0,522.0,584.0,586.0,443.0,644.0
3837,20251026,0,520.0,385.0,429.0,443.0,344.0,354.0,440.0,381.0,458.0,483.0,573.0,694.0,907.0,679.0,462.0,600.0,593.0,574.0,622.0
3838,20251029,0,497.0,399.0,448.0,555.0,346.0,421.0,434.0,479.0,569.0,467.0,557.0,691.0,592.0,683.0,471.0,589.0,639.0,544.0,642.0
3839,20251008,0,480.0,420.0,498.0,566.0,332.0,397.0,451.0,552.0,491.0,458.0,571.0,678.0,757.0,693.0,459.0,602.0,560.0,513.0,644.0
3840,20250920,0,538.0,448.0,439.0,647.0,383.0,541.0,494.0,687.0,390.0,612.0,549.0,680.0,578.0,669.0,482.0,650.0,552.0,478.0,648.0
3841,20250411,0,506.0,456.0,457.0,476.0,366.0,421.0,456.0,481.0,439.0,491.0,558.0,610.0,585.0,695.0,476.0,614.0,578.0,541.0,628.0
3842,20250825,0,523.0,403.0,475.0,580.0,443.0,564.0,463.0,679.0,437.0,539.0,531.0,669.0,473.0,669.0,490.0,653.0,549.0,501.0,597.0
3843,20250919,0,519.0,435.0,352.0,498.0,380.0,454.0,440.0,399.0,295.0,530.0,572.0,680.0,172.0,683.0,483.0,545.0,529.0,475.0,592.0
3844,20250428,0,517.0,423.0,448.0,411.0,353.0,439.0,440.0,532.0,353.0,452.0,586.0,675.0,745.0,692.0,478.0,600.0,579.0,490.0,647.0
3845,20250301,0,537.0,428.0,530.0,588.0,443.0,581.0,471.0,659.0,739.0,582.0,520.0,584.0,92.0,655.0,479.0,617.0,501.0,480.0,596.0
3846,20250530,0,521.0,407.0,415.0,449.0,367.0,400.0,435.0,345.0,472.0,520.0,577.0,625.0,740.0,682.0,467.0,576.0,576.0,501.0,611.0
3847,20250429,0,534.0,380.0,312.0,304.0,374.0,313.0,377.0,318.0,452.0,529.0,635.0,515.0,814.0,699.0,441.0,315.0,619.0,603.0,627.0
3848,20251117,0,509.0,399.0,474.0,503.0,364.0,484.0,428.0,420.0,372.0,502.0,566.0,694.0,832.0,681.0,475.0,544.0,572.0,510.0,602.0
3849,20251104,0,534.0,446.0,439.0,587.0,365.0,405.0,485.0,465.0,390.0,515.0,564.0,666.0,762.0,685.0,487.0,581.0,594.0,547.0,628.0
3850,20251111,0,531.0,412.0,457.0,568.0,350.0,440.0,469.0,764.0,566.0,549.0,553.0,678.0,653.0,668.0,485.0,596.0,567.0,516.0,639.0
3851,20251102,0,505.0,453.0,516.0,495.0,360.0,401.0,461.0,507.0,355.0,455.0,553.0,689.0,759.0,686.0,481.0,591.0,556.0,524.0,546.0
3852,20250927,0,509.0,412.0,363.0,426.0,383.0,502.0,437.0,569.0,444.0,509.0,584.0,678.0,537.0,671.0,492.0,592.0,525.0,471.0,460.0
3853,20251109,0,516.0,414.0,426.0,412.0,323.0,371.0,428.0,476.0,346.0,453.0,596.0,687.0,949.0,691.0,498.0,596.0,566.0,536.0,640.0
3854,20250402,0,529.0,417.0,423.0,517.0,378.0,499.0,460.0,690.0,403.0,505.0,568.0,695.0,688.0,675.0,503.0,616.0,526.0,464.0,521.0
3855,20250918,0,523.0,443.0,322.0,465.0,376.0,535.0,444.0,448.0,352.0,544.0,564.0,628.0,415.0,673.0,480.0,572.0,492.0,523.0,550.0
3856,20250820,0,490.0,360.0,331.0,312.0,311.0,310.0,374.0,366.0,521.0,452.0,622.0,700.0,970.0,696.0,435.0,558.0,646.0,550.0,675.0
3857,20251109,0,507.0,417.0,486.0,426.0,375.0,525.0,438.0,537.0,368.0,525.0,576.0,696.0,466.0,676.0,497.0,600.0,592.0,464.0,595.0
3858,20251107,0,498.0,451.0,399.0,347.0,348.0,451.0,423.0,540.0,389.0,475.0,593.0,700.0,717.0,691.0,483.0,582.0,571.0,464.0,585.0
3859,20250411,0,499.0,385.0,457.0,472.0,361.0,405.0,464.0,564.0,609.0,465.0,558.0,613.0,842.0,697.0,437.0,604.0,610.0,622.0,642.0
3860,20251021,0,504.0,423.0,417.0,442.0,339.0,453.0,434.0,308.0,457.0,484.0,581.0,689.0,828.0,681.0,469.0,555.0,596.0,509.0,632.0
3861,20250715,0,,,,,,,,,,,,,,,,,,,
3862,20250313,0,505.0,389.0,364.0,387.0,339.0,359.0,404.0,409.0,494.0,451.0,582.0,650.0,955.0,686.0,449.0,549.0,584.0,542.0,646.0
3863,20250618,0,507.0,405.0,356.0,475.0,405.0,564.0,396.0,443.0,426.0,507.0,534.0,669.0,327.0,682.0,483.0,532.0,541.0,493.0,619.0
3864,20250923,0,453.0,336.0,365.0,307.0,306.0,301.0,361.0,322.0,382.0,366.0,617.0,693.0,992.0,730.0,424.0,408.0,662.0,566.0,609.0
3865,20250517,0,519.0,441.0,439.0,469.0,439.0,480.0,467.0,378.0,466.0,494.0,557.0,592.0,660.0,683.0,459.0,536.0,643.0,530.0,631.0
3866,20250306,0,533.0,380.0,334.0,442.0,368.0,451.0,398.0,501.0,523.0,464.0,581.0,622.0,859.0,691.0,482.0,568.0,605.0,498.0,652.0
3867,20250509,0,496.0,386.0,382.0,457.0,338.0,403.0,407.0,357.0,453.0,424.0,569.0,671.0,909.0,708.0,458.0,561.0,605.0,540.0,616.0
3868,20250903,0,528.0,410.0,409.0,439.0,365.0,424.0,429.0,401.0,429.0,470.0,573.0,648.0,763.0,688.0,473.0,526.0,642.0,527.0,639.0
3869,20250914,0,512.0,405.0,378.0,327.0,326.0,415.0,444.0,418.0,386.0,475.0,597.0,685.0,867.0,676.0,477.0,565.0,638.0,574.0,642.0
3870,20250802,0,549.0,451.0,457.0,398.0,351.0,398.0,480.0,598.0,385.0,584.0,585.0,641.0,258.0,676.0,479.0,668.0,596.0,552.0,599.0
3871,20250528,0,561.0,431.0,465.0,517.0,426.0,588.0,454.0,536.0,351.0,559.0,534.0,655.0,197.0,645.0,500.0,588.0,577.0,459.0,628.0
3872,20250406,0,520.0,384.0,417.0,441.0,370.0,404.0,423.0,538.0,495.0,464.0,573.0,661.0,812.0,683.0,485.0,604.0,595.0,492.0,637.0
3873,20251011,0,513.0,417.0,334.0,493.0,356.0,501.0,443.0,519.0,432.0,466.0,571.0,604.0,255.0,687.0,498.0,587.0,515.0,481.0,579.0
3874,20250926,0,503.0,421.0,376.0,438.0,349.0,446.0,422.0,410.0,294.0,466.0,575.0,664.0,801.0,682.0,482.0,531.0,615.0,509.0,631.0
3875,20250327,0,534.0,394.0,322.0,491.0,349.0,439.0,373.0,380.0,293.0,505.0,574.0,700.0,837.0,675.0,471.0,465.0,647.0,549.0,646.0
3876,20251106,0,512.0,413.0,334.0,516.0,370.0,516.0,427.0,442.0,465.0,517.0,558.0,700.0,739.0,681.0,478.0,573.0,564.0,440.0,645.0
3877,20250514,0,505.0,405.0,322.0,394.0,373.0,469.0,393.0,503.0,410.0,494.0,587.0,669.0,636.0,681.0,485.0,555.0,552.0,476.0,567.0
3878,20251014,0,506.0,430.0,495.0,457.0,339.0,385.0,452.0,731.0,388.0,421.0,592.0,683.0,905.0,700.0,475.0,670.0,567.0,530.0,621.0
3879,20250724,0,505.0,396.0,496.0,488.0,360.0,393.0,454.0,571.0,449.0,484.0,547.0,650.0,928.0,689.0,435.0,641.0,663.0,574.0,648.0
3880,20250319,0,539.0,375.0,322.0,404.0,393.0,480.0,398.0,407.0,509.0,457.0,577.0,637.0,509.0,683.0,487.0,520.0,580.0,516.0,617.0
3881,20251102,0,523.0,453.0,428.0,547.0,435.0,647.0,448.0,485.0,382.0,526.0,569.0,681.0,376.0,659.0,505.0,604.0,560.0,483.0,656.0
3882,20250720,0,506.0,400.0,334.0,393.0,341.0,368.0,415.0,381.0,374.0,445.0,579.0,681.0,913.0,694.0,477.0,479.0,593.0,565.0,641.0
3883,20250902,0,488.0,452.0,301.0,360.0,356.0,421.0,377.0,515.0,398.0,448.0,624.0,700.0,158.0,695.0,470.0,551.0,501.0,503.0,545.0
3884,20250511,0,499.0,373.0,426.0,300.0,330.0,300.0,410.0,633.0,471.0,448.0,637.0,668.0,969.0,719.0,422.0,595.0,569.0,589.0,610.0
3885,20251015,0,541.0,453.0,490.0,503.0,389.0,406.0,477.0,508.0,395.0,529.0,550.0,638.0,813.0,698.0,475.0,642.0,611.0,568.0,633.0
3886,20250403,0,497.0,426.0,352.0,466.0,337.0,468.0,385.0,349.0,425.0,449.0,568.0,663.0,623.0,697.0,471.0,496.0,606.0,495.0,604.0
3887,20251011,0,502.0,399.0,429.0,393.0,351.0,406.0,430.0,405.0,378.0,505.0,580.0,681.0,766.0,685.0,456.0,568.0,612.0,559.0,623.0
3888,20250424,0,511.0,384.0,457.0,464.0,339.0,350.0,461.0,491.0,456.0,487.0,574.0,662.0,958.0,699.0,421.0,628.0,599.0,579.0,656.0
3889,20250423,0,536.0,423.0,456.0,522.0,380.0,470.0,473.0,706.0,298.0,518.0,560.0,672.0,721.0,682.0,446.0,661.0,629.0,563.0,609.0
3890,20251102,0,507.0,407.0,376.0,392.0,338.0,371.0,438.0,470.0,507.0,479.0,580.0,613.0,935.0,693.0,495.0,540.0,615.0,540.0,647.0
3891,20250617,0,498.0,391.0,457.0,467.0,350.0,365.0,416.0,585.0,521.0,467.0,570.0,618.0,807.0,698.0,453.0,590.0,622.0,584.0,635.0
3892,20250703,0,519.0,432.0,457.0,449.0,333.0,346.0,437.0,367.0,397.0,512.0,572.0,648.0,870.0,692.0,438.0,596.0,602.0,560.0,640.0
3893,20250921,0,509.0,413.0,436.0,342.0,325.0,344.0,431.0,319.0,399.0,458.0,593.0,670.0,978.0,703.0,427.0,581.0,664.0,582.0,648.0
3894,20250519,0,524.0,431.0,496.0,517.0,364.0,425.0,446.0,644.0,600.0,483.0,557.0,639.0,565.0,689.0,442.0,654.0,541.0,554.0,544.0
3895,20251001,0,473.0,352.0,426.0,304.0,328.0,300.0,395.0,297.0,351.0,438.0,627.0,678.0,973.0,722.0,448.0,589.0,589.0,586.0,629.0
3896,20251025,0,479.0,351.0,475.0,306.0,359.0,346.0,405.0,594.0,614.0,419.0,607.0,687.0,984.0,712.0,442.0,594.0,586.0,594.0,643.0
3897,20250617,0,541.0,451.0,484.0,530.0,447.0,515.0,494.0,782.0,641.0,553.0,498.0,588.0,664.0,666.0,464.0,615.0,590.0,536.0,635.0
3898,20250913,0,491.0,344.0,418.0,300.0,353.0,365.0,402.0,328.0,468.0,433.0,605.0,672.0,920.0,714.0,462.0,552.0,620.0,575.0,617.0
3899,20251013,0,509.0,402.0,400.0,480.0,349.0,412.0,432.0,386.0,345.0,454.0,564.0,688.0,892.0,688.0,480.0,568.0,601.0,521.0,639.0
3900,20250428,0,510.0,413.0,321.0,443.0,399.0,536.0,386.0,445.0,452.0,534.0,579.0,700.0,602.0,681.0,478.0,523.0,568.0,463.0,628.0
3901,20250910,0,507.0,432.0,372.0,393.0,346.0,444.0,411.0,428.0,402.0,510.0,580.0,690.0,852.0,681.0,469.0,505.0,603.0,520.0,632.0
3902,20250428,0,508.0,372.0,322.0,433.0,362.0,512.0,397.0,419.0,500.0,503.0,586.0,700.0,507.0,682.0,463.0,546.0,574.0,464.0,620.0
3903,20250827,0,575.0,429.0,485.0,490.0,497.0,555.0,473.0,655.0,313.0,595.0,546.0,659.0,447.0,646.0,464.0,562.0,604.0,533.0,633.0
3904,20251016,0,513.0,405.0,384.0,466.0,373.0,487.0,439.0,493.0,453.0,498.0,571.0,662.0,282.0,675.0,504.0,554.0,565.0,442.0,636.0
3905,20251023,0,553.0,444.0,491.0,465.0,523.0,449.0,507.0,584.0,409.0,530.0,482.0,533.0,63.0,699.0,494.0,639.0,534.0,574.0,566.0
3906,20250830,0,519.0,411.0,322.0,450.0,403.0,531.0,416.0,576.0,465.0,562.0,577.0,692.0,274.0,678.0,504.0,574.0,551.0,422.0,517.0
3907,20251101,0,534.0,471.0,585.0,634.0,463.0,578.0,507.0,749.0,608.0,550.0,506.0,657.0,154.0,665.0,502.0,670.0,538.0,476.0,609.0
3908,20250911,0,540.0,438.0,400.0,451.0,354.0,413.0,443.0,602.0,557.0,517.0,578.0,672.0,871.0,672.0,434.0,623.0,615.0,532.0,642.0
3909,20250606,0,515.0,384.0,412.0,394.0,328.0,376.0,423.0,522.0,451.0,502.0,581.0,685.0,850.0,676.0,479.0,595.0,628.0,515.0,654.0
3910,20251101,0,575.0,429.0,457.0,474.0,427.0,437.0,474.0,507.0,406.0,579.0,557.0,616.0,326.0,686.0,503.0,551.0,528.0,524.0,563.0
3911,20251007,0,523.0,418.0,356.0,520.0,392.0,585.0,413.0,418.0,384.0,520.0,507.0,700.0,685.0,676.0,491.0,517.0,601.0,467.0,634.0
3912,20250708,0,484.0,429.0,457.0,398.0,329.0,361.0,430.0,595.0,600.0,462.0,585.0,615.0,987.0,706.0,440.0,596.0,670.0,597.0,650.0
3913,20250917,0,558.0,440.0,563.0,513.0,421.0,394.0,482.0,673.0,553.0,538.0,539.0,601.0,317.0,677.0,498.0,676.0,551.0,594.0,620.0
3914,20250606,0,505.0,416.0,491.0,587.0,420.0,452.0,462.0,745.0,505.0,490.0,543.0,653.0,725.0,693.0,471.0,674.0,590.0,523.0,559.0
3915,20251006,0,605.0,454.0,418.0,309.0,382.0,360.0,460.0,421.0,372.0,561.0,606.0,632.0,511.0,683.0,501.0,641.0,622.0,553.0,638.0
3916,20250925,0,507.0,395.0,342.0,326.0,341.0,432.0,400.0,577.0,391.0,486.0,595.0,694.0,635.0,677.0,471.0,582.0,578.0,486.0,633.0
3917,20250402,0,467.0,386.0,301.0,311.0,382.0,300.0,382.0,527.0,566.0,420.0,637.0,673.0,957.0,702.0,486.0,532.0,495.0,486.0,555.0
3918,20251031,0,510.0,394.0,342.0,362.0,344.0,427.0,409.0,417.0,405.0,470.0,601.0,693.0,748.0,682.0,486.0,567.0,576.0,511.0,648.0
3919,20250826,0,503.0,403.0,445.0,535.0,451.0,563.0,445.0,627.0,427.0,497.0,560.0,655.0,222.0,680.0,495.0,599.0,562.0,517.0,583.0
3920,20250803,0,,,,,,,,,,,,,,,,,,,
3921,20250425,0,508.0,357.0,312.0,316.0,337.0,346.0,384.0,517.0,448.0,422.0,602.0,643.0,907.0,711.0,446.0,621.0,661.0,581.0,646.0
3922,20251119,0,522.0,425.0,485.0,609.0,392.0,537.0,467.0,661.0,429.0,557.0,557.0,645.0,538.0,677.0,498.0,634.0,586.0,513.0,606.0
3923,20251027,0,525.0,391.0,475.0,466.0,380.0,527.0,450.0,479.0,401.0,526.0,565.0,653.0,627.0,682.0,491.0,562.0,563.0,506.0,602.0
3924,20250423,0,583.0,446.0,496.0,423.0,436.0,361.0,480.0,740.0,549.0,486.0,576.0,583.0,281.0,704.0,488.0,662.0,323.0,618.0,459.0
3925,20250729,0,524.0,431.0,496.0,524.0,332.0,409.0,459.0,372.0,442.0,525.0,562.0,653.0,810.0,695.0,479.0,615.0,645.0,557.0,638.0
3926,20251022,0,476.0,372.0,436.0,303.0,324.0,340.0,394.0,507.0,421.0,407.0,614.0,672.0,849.0,696.0,490.0,593.0,654.0,582.0,662.0
3927,20250611,0,486.0,376.0,388.0,316.0,335.0,300.0,401.0,307.0,509.0,435.0,618.0,629.0,935.0,702.0,456.0,559.0,634.0,596.0,605.0
3928,20250428,0,512.0,424.0,368.0,517.0,378.0,478.0,453.0,376.0,373.0,515.0,536.0,638.0,705.0,681.0,479.0,558.0,611.0,498.0,640.0
3929,20250710,0,484.0,352.0,426.0,314.0,350.0,369.0,408.0,611.0,513.0,445.0,602.0,670.0,993.0,707.0,447.0,598.0,600.0,607.0,622.0
3930,20251029,0,503.0,414.0,422.0,443.0,373.0,465.0,440.0,488.0,400.0,501.0,578.0,700.0,498.0,673.0,476.0,595.0,542.0,499.0,611.0
3931,20250520,0,508.0,415.0,474.0,515.0,362.0,511.0,435.0,434.0,414.0,484.0,561.0,671.0,776.0,688.0,481.0,601.0,561.0,523.0,579.0
3932,20251117,0,484.0,389.0,301.0,369.0,314.0,382.0,372.0,356.0,459.0,452.0,599.0,700.0,903.0,697.0,465.0,509.0,553.0,529.0,572.0
3933,20250908,0,523.0,417.0,322.0,475.0,381.0,524.0,457.0,582.0,342.0,522.0,584.0,676.0,398.0,669.0,503.0,550.0,602.0,501.0,639.0
3934,20250707,0,,,,,,,,,,,,,,,,,,,
3935,20250601,0,493.0,372.0,301.0,353.0,314.0,386.0,367.0,288.0,414.0,470.0,592.0,700.0,937.0,685.0,472.0,508.0,640.0,526.0,625.0
3936,20250706,0,513.0,385.0,475.0,397.0,335.0,344.0,395.0,466.0,554.0,430.0,588.0,642.0,984.0,708.0,436.0,604.0,609.0,613.0,620.0
3937,20251205,0,512.0,444.0,516.0,552.0,405.0,530.0,475.0,587.0,331.0,510.0,548.0,683.0,304.0,674.0,497.0,604.0,567.0,482.0,628.0
3938,20251114,0,516.0,410.0,370.0,524.0,417.0,575.0,441.0,577.0,399.0,496.0,547.0,690.0,388.0,682.0,502.0,584.0,550.0,469.0,602.0
3939,20250309,0,513.0,400.0,436.0,310.0,329.0,322.0,413.0,402.0,433.0,483.0,608.0,636.0,891.0,686.0,442.0,609.0,591.0,536.0,628.0
3940,20250523,0,516.0,416.0,349.0,399.0,384.0,524.0,379.0,446.0,424.0,500.0,590.0,700.0,512.0,678.0,501.0,519.0,581.0,492.0,615.0
3941,20250930,0,529.0,445.0,457.0,394.0,361.0,412.0,446.0,624.0,545.0,507.0,584.0,670.0,891.0,690.0,474.0,608.0,605.0,529.0,624.0
3942,20250905,0,520.0,390.0,352.0,516.0,368.0,555.0,401.0,417.0,402.0,553.0,557.0,678.0,745.0,668.0,488.0,524.0,571.0,452.0,645.0
3943,20250909,0,563.0,464.0,560.0,474.0,454.0,439.0,509.0,464.0,391.0,585.0,493.0,584.0,307.0,673.0,503.0,611.0,450.0,482.0,549.0
3944,20250930,0,450.0,350.0,426.0,300.0,335.0,300.0,402.0,417.0,605.0,403.0,607.0,673.0,976.0,716.0,428.0,623.0,523.0,621.0,563.0
3945,20251106,0,494.0,370.0,354.0,306.0,325.0,300.0,392.0,369.0,511.0,416.0,626.0,692.0,969.0,705.0,474.0,502.0,582.0,542.0,640.0
3946,20250606,0,518.0,417.0,457.0,476.0,370.0,433.0,452.0,624.0,445.0,489.0,553.0,670.0,850.0,691.0,480.0,617.0,548.0,498.0,610.0
3947,20250709,0,538.0,407.0,332.0,479.0,428.0,570.0,439.0,584.0,437.0,544.0,547.0,569.0,643.0,679.0,467.0,583.0,596.0,526.0,624.0
3948,20251108,0,507.0,384.0,349.0,318.0,318.0,339.0,398.0,505.0,435.0,424.0,604.0,668.0,615.0,698.0,492.0,548.0,570.0,529.0,619.0
3949,20251113,0,487.0,407.0,496.0,510.0,354.0,426.0,456.0,473.0,405.0,443.0,570.0,662.0,543.0,687.0,471.0,597.0,531.0,491.0,609.0
3950,20251031,0,519.0,445.0,422.0,458.0,355.0,455.0,437.0,478.0,373.0,500.0,583.0,692.0,412.0,676.0,494.0,579.0,538.0,477.0,589.0
3951,20250525,0,508.0,445.0,352.0,519.0,418.0,574.0,420.0,410.0,244.0,496.0,548.0,700.0,664.0,686.0,476.0,505.0,536.0,509.0,610.0
3952,20250509,0,592.0,436.0,443.0,540.0,476.0,532.0,496.0,518.0,386.0,593.0,496.0,300.0,600.0,641.0,505.0,579.0,579.0,471.0,646.0
3953,20250321,0,523.0,418.0,546.0,538.0,474.0,509.0,500.0,667.0,394.0,546.0,523.0,638.0,156.0,688.0,519.0,675.0,480.0,522.0,553.0
3954,20250821,0,552.0,393.0,445.0,359.0,359.0,352.0,416.0,469.0,526.0,504.0,610.0,633.0,708.0,682.0,486.0,529.0,618.0,542.0,656.0
3955,20250801,0,529.0,431.0,485.0,591.0,393.0,517.0,461.0,525.0,292.0,569.0,573.0,668.0,217.0,667.0,501.0,632.0,594.0,489.0,655.0
3956,20251030,0,514.0,468.0,398.0,474.0,439.0,633.0,486.0,461.0,368.0,510.0,485.0,663.0,214.0,661.0,503.0,553.0,540.0,402.0,643.0
3957,20250925,0,537.0,436.0,427.0,538.0,367.0,457.0,476.0,654.0,337.0,570.0,541.0,695.0,248.0,668.0,488.0,660.0,648.0,560.0,650.0
3958,20250906,0,525.0,421.0,405.0,443.0,339.0,392.0,438.0,378.0,414.0,482.0,578.0,684.0,775.0,680.0,486.0,544.0,581.0,505.0,640.0
3959,20250921,0,580.0,412.0,376.0,512.0,416.0,480.0,450.0,481.0,365.0,580.0,557.0,577.0,158.0,691.0,494.0,506.0,464.0,515.0,568.0
3960,20251102,0,530.0,414.0,393.0,447.0,360.0,462.0,451.0,490.0,284.0,512.0,572.0,700.0,778.0,672.0,477.0,541.0,595.0,510.0,640.0
3961,20250330,0,514.0,451.0,322.0,537.0,360.0,562.0,392.0,465.0,400.0,533.0,567.0,700.0,289.0,666.0,494.0,535.0,513.0,460.0,636.0
3962,20250723,0,509.0,388.0,436.0,309.0,330.0,317.0,406.0,476.0,452.0,454.0,609.0,617.0,989.0,727.0,437.0,643.0,668.0,586.0,630.0
3963,20250530,0,505.0,373.0,331.0,341.0,350.0,392.0,414.0,453.0,513.0,476.0,596.0,663.0,867.0,678.0,456.0,550.0,649.0,530.0,641.0
3964,20250531,0,508.0,393.0,322.0,458.0,357.0,510.0,398.0,501.0,347.0,530.0,576.0,700.0,507.0,664.0,508.0,529.0,570.0,427.0,634.0
3965,20250923,0,504.0,376.0,433.0,425.0,316.0,378.0,439.0,376.0,493.0,495.0,591.0,650.0,784.0,686.0,478.0,579.0,592.0,508.0,643.0
3966,20250929,0,,,,,,,,,,,,,,,,,,,
3967,20250430,0,514.0,404.0,322.0,464.0,432.0,537.0,403.0,440.0,385.0,540.0,568.0,700.0,235.0,664.0,491.0,520.0,592.0,462.0,654.0
3968,20251106,0,524.0,429.0,346.0,457.0,380.0,506.0,418.0,493.0,323.0,516.0,575.0,700.0,516.0,666.0,489.0,562.0,582.0,462.0,632.0
3969,20250521,0,510.0,391.0,475.0,313.0,394.0,300.0,430.0,540.0,645.0,471.0,620.0,564.0,968.0,711.0,452.0,630.0,543.0,615.0,593.0
3970,20251106,0,529.0,436.0,491.0,503.0,387.0,491.0,452.0,732.0,447.0,523.0,526.0,686.0,801.0,672.0,472.0,596.0,601.0,523.0,639.0
3971,20250910,0,,,,,,,,,,,,,,,,,,,
3972,20250728,0,511.0,414.0,334.0,474.0,372.0,496.0,424.0,472.0,420.0,507.0,561.0,700.0,694.0,680.0,475.0,644.0,572.0,477.0,640.0
3973,20251102,0,485.0,391.0,417.0,384.0,357.0,426.0,418.0,531.0,421.0,455.0,580.0,694.0,807.0,685.0,494.0,600.0,459.0,488.0,522.0
3974,20251010,0,538.0,432.0,445.0,387.0,364.0,436.0,455.0,368.0,365.0,558.0,588.0,674.0,534.0,669.0,479.0,588.0,519.0,457.0,500.0
3975,20250805,0,519.0,419.0,439.0,519.0,353.0,408.0,448.0,481.0,479.0,501.0,559.0,624.0,904.0,685.0,440.0,646.0,606.0,566.0,641.0
3976,20250529,0,526.0,391.0,400.0,448.0,367.0,412.0,425.0,445.0,437.0,442.0,584.0,694.0,841.0,694.0,469.0,611.0,546.0,561.0,620.0
3977,20250920,0,515.0,463.0,537.0,468.0,382.0,421.0,511.0,523.0,347.0,546.0,540.0,640.0,809.0,688.0,446.0,608.0,663.0,564.0,641.0
3978,20250929,0,494.0,367.0,429.0,402.0,310.0,359.0,413.0,387.0,425.0,444.0,583.0,685.0,920.0,693.0,465.0,539.0,592.0,509.0,641.0
3979,20250503,0,527.0,389.0,346.0,405.0,366.0,390.0,432.0,462.0,441.0,500.0,580.0,616.0,882.0,683.0,450.0,567.0,602.0,551.0,639.0
3980,20250518,0,520.0,390.0,457.0,576.0,351.0,431.0,451.0,518.0,470.0,507.0,557.0,646.0,743.0,684.0,470.0,603.0,620.0,533.0,662.0
3981,20251017,0,494.0,393.0,408.0,324.0,356.0,389.0,410.0,577.0,471.0,436.0,598.0,684.0,887.0,694.0,464.0,549.0,604.0,512.0,622.0
3982,20250303,0,522.0,454.0,530.0,620.0,401.0,443.0,491.0,391.0,450.0,526.0,501.0,628.0,640.0,684.0,488.0,610.0,604.0,476.0,646.0
3983,20250601,0,529.0,410.0,363.0,497.0,370.0,452.0,446.0,675.0,374.0,475.0,574.0,680.0,725.0,682.0,460.0,652.0,599.0,543.0,641.0
3984,20250726,0,537.0,462.0,322.0,477.0,390.0,580.0,427.0,508.0,337.0,547.0,558.0,652.0,484.0,670.0,524.0,576.0,466.0,433.0,490.0
3985,20250414,0,534.0,386.0,312.0,344.0,318.0,310.0,389.0,420.0,577.0,483.0,614.0,635.0,967.0,700.0,463.0,508.0,597.0,537.0,657.0
3986,20250502,0,532.0,463.0,457.0,545.0,406.0,444.0,488.0,463.0,312.0,508.0,558.0,634.0,914.0,683.0,479.0,607.0,629.0,590.0,627.0
3987,20250831,0,506.0,435.0,405.0,474.0,421.0,521.0,463.0,691.0,404.0,527.0,561.0,700.0,688.0,665.0,485.0,615.0,563.0,471.0,645.0
3988,20251031,0,481.0,413.0,457.0,385.0,332.0,361.0,425.0,616.0,398.0,459.0,577.0,628.0,904.0,708.0,444.0,604.0,632.0,578.0,598.0
3989,20250808,0,506.0,415.0,301.0,356.0,320.0,421.0,376.0,422.0,414.0,494.0,604.0,653.0,714.0,682.0,477.0,507.0,603.0,496.0,630.0
3990,20250602,0,526.0,376.0,424.0,396.0,331.0,354.0,431.0,461.0,504.0,439.0,582.0,687.0,903.0,697.0,436.0,594.0,615.0,524.0,653.0
3991,20251004,0,509.0,357.0,418.0,303.0,332.0,346.0,435.0,419.0,377.0,478.0,604.0,678.0,983.0,697.0,430.0,601.0,650.0,599.0,635.0
3992,20250609,0,530.0,432.0,491.0,568.0,426.0,487.0,483.0,717.0,567.0,552.0,504.0,613.0,173.0,677.0,481.0,594.0,530.0,504.0,583.0
3993,20250325,0,526.0,363.0,331.0,307.0,348.0,321.0,376.0,380.0,580.0,476.0,608.0,627.0,942.0,695.0,445.0,368.0,653.0,562.0,665.0
3994,20250326,0,532.0,397.0,351.0,391.0,351.0,378.0,422.0,408.0,445.0,483.0,590.0,611.0,933.0,685.0,454.0,527.0,605.0,545.0,633.0
3995,20251111,0,498.0,393.0,498.0,468.0,325.0,389.0,436.0,575.0,445.0,477.0,562.0,685.0,887.0,695.0,473.0,614.0,542.0,533.0,621.0
3996,20250515,0,517.0,365.0,384.0,392.0,317.0,363.0,409.0,412.0,480.0,450.0,590.0,677.0,964.0,687.0,449.0,500.0,584.0,547.0,639.0
3997,20251107,0,518.0,378.0,436.0,309.0,359.0,300.0,416.0,393.0,470.0,419.0,619.0,595.0,991.0,727.0,465.0,547.0,603.0,603.0,556.0
3998,20250813,0,541.0,426.0,524.0,604.0,441.0,427.0,475.0,571.0,570.0,514.0,513.0,562.0,470.0,688.0,496.0,627.0,455.0,516.0,546.0
3999,20251019,0,531.0,411.0,429.0,527.0,357.0,460.0,460.0,604.0,466.0,514.0,550.0,675.0,885.0,663.0,479.0,617.0,575.0,484.0,630.0
4000,20250509,0,544.0,403.0,457.0,452.0,351.0,413.0,442.0,577.0,502.0,492.0,567.0,632.0,894.0,700.0,456.0,584.0,605.0,564.0,554.0
4001,20250516,0,531.0,418.0,539.0,537.0,444.0,580.0,477.0,576.0,341.0,538.0,539.0,671.0,406.0,669.0,506.0,601.0,517.0,427.0,638.0
4002,20251015,0,514.0,407.0,496.0,440.0,370.0,401.0,474.0,636.0,420.0,504.0,572.0,672.0,235.0,690.0,465.0,677.0,592.0,528.0,611.0
4003,20250719,0,481.0,401.0,435.0,577.0,356.0,459.0,435.0,482.0,454.0,471.0,568.0,700.0,801.0,687.0,468.0,608.0,573.0,468.0,646.0
4004,20250316,0,516.0,394.0,448.0,399.0,361.0,354.0,443.0,403.0,435.0,458.0,579.0,649.0,885.0,686.0,459.0,551.0,569.0,573.0,645.0
4005,20250701,0,543.0,390.0,457.0,532.0,373.0,494.0,448.0,602.0,478.0,523.0,557.0,680.0,788.0,669.0,471.0,643.0,583.0,501.0,648.0
4006,20250903,0,505.0,399.0,405.0,494.0,353.0,477.0,429.0,609.0,420.0,480.0,562.0,682.0,701.0,682.0,484.0,577.0,595.0,496.0,633.0
4007,20250405,0,552.0,460.0,520.0,520.0,487.0,572.0,499.0,619.0,351.0,550.0,500.0,558.0,59.0,688.0,523.0,537.0,488.0,472.0,553.0
4008,20250825,0,507.0,368.0,367.0,320.0,320.0,310.0,393.0,520.0,531.0,450.0,605.0,696.0,976.0,686.0,445.0,572.0,608.0,523.0,653.0
4009,20250814,0,503.0,372.0,331.0,313.0,350.0,344.0,406.0,455.0,443.0,448.0,617.0,665.0,786.0,692.0,482.0,502.0,500.0,451.0,530.0
4010,20251105,0,539.0,444.0,457.0,481.0,347.0,414.0,472.0,523.0,398.0,530.0,553.0,671.0,800.0,675.0,477.0,636.0,620.0,569.0,636.0
4011,20250703,0,520.0,379.0,448.0,392.0,340.0,361.0,445.0,366.0,480.0,444.0,578.0,680.0,898.0,692.0,452.0,558.0,551.0,535.0,581.0
4012,20250428,0,539.0,442.0,352.0,524.0,402.0,523.0,422.0,586.0,379.0,500.0,555.0,686.0,700.0,677.0,486.0,571.0,586.0,530.0,646.0
4013,20250514,0,538.0,464.0,417.0,524.0,398.0,582.0,452.0,502.0,338.0,555.0,546.0,700.0,559.0,670.0,491.0,535.0,561.0,472.0,639.0
4014,20250707,0,539.0,448.0,496.0,404.0,341.0,361.0,451.0,621.0,480.0,518.0,580.0,664.0,886.0,690.0,421.0,637.0,550.0,597.0,608.0
4015,20251011,0,464.0,392.0,475.0,324.0,340.0,329.0,397.0,445.0,564.0,447.0,602.0,632.0,993.0,722.0,431.0,635.0,686.0,627.0,635.0
4016,20250905,0,500.0,409.0,333.0,469.0,358.0,458.0,459.0,458.0,415.0,480.0,567.0,594.0,805.0,684.0,476.0,527.0,596.0,471.0,647.0
4017,20250711,0,490.0,388.0,364.0,521.0,377.0,474.0,415.0,421.0,283.0,478.0,553.0,700.0,749.0,687.0,472.0,536.0,569.0,448.0,646.0
4018,20250708,0,501.0,382.0,342.0,369.0,339.0,391.0,401.0,389.0,494.0,454.0,595.0,666.0,691.0,698.0,479.0,486.0,518.0,524.0,566.0
4019,20250726,0,493.0,418.0,301.0,362.0,327.0,406.0,434.0,396.0,415.0,452.0,591.0,691.0,864.0,684.0,479.0,547.0,612.0,525.0,642.0
4020,20250820,0,491.0,428.0,301.0,369.0,335.0,473.0,411.0,593.0,472.0,488.0,600.0,659.0,795.0,687.0,484.0,561.0,547.0,510.0,617.0
4021,20250910,0,522.0,395.0,312.0,316.0,329.0,332.0,402.0,363.0,426.0,474.0,613.0,645.0,866.0,698.0,495.0,468.0,619.0,485.0,649.0
4022,20250803,0,521.0,473.0,414.0,535.0,417.0,599.0,457.0,585.0,350.0,541.0,533.0,700.0,632.0,668.0,493.0,554.0,596.0,457.0,624.0
4023,20250901,0,508.0,410.0,457.0,507.0,347.0,446.0,454.0,681.0,547.0,525.0,566.0,651.0,706.0,668.0,475.0,606.0,612.0,525.0,639.0
4024,20250730,0,511.0,362.0,361.0,316.0,322.0,352.0,400.0,514.0,346.0,495.0,605.0,677.0,927.0,688.0,476.0,492.0,581.0,510.0,638.0
4025,20250421,0,533.0,389.0,451.0,532.0,414.0,565.0,463.0,771.0,485.0,560.0,539.0,694.0,481.0,651.0,486.0,659.0,512.0,461.0,638.0
4026,20250906,0,528.0,442.0,409.0,528.0,351.0,445.0,479.0,431.0,423.0,559.0,558.0,671.0,572.0,674.0,487.0,586.0,610.0,556.0,640.0
4027,20250402,0,481.0,371.0,436.0,303.0,350.0,300.0,420.0,369.0,366.0,452.0,605.0,620.0,948.0,714.0,450.0,594.0,637.0,584.0,656.0
4028,20251015,0,457.0,402.0,312.0,331.0,328.0,343.0,412.0,384.0,428.0,430.0,597.0,637.0,870.0,698.0,453.0,539.0,588.0,557.0,606.0
4029,20250324,0,560.0,429.0,569.0,532.0,514.0,484.0,491.0,694.0,744.0,521.0,531.0,472.0,231.0,679.0,481.0,634.0,262.0,573.0,408.0
4030,20251109,0,493.0,401.0,426.0,352.0,333.0,373.0,407.0,451.0,395.0,443.0,603.0,700.0,886.0,691.0,475.0,582.0,529.0,470.0,560.0
4031,20250608,0,534.0,439.0,370.0,516.0,378.0,570.0,418.0,499.0,270.0,527.0,560.0,680.0,652.0,673.0,483.0,526.0,541.0,435.0,635.0
4032,20250902,0,514.0,418.0,439.0,633.0,366.0,439.0,454.0,508.0,487.0,521.0,548.0,675.0,803.0,669.0,486.0,608.0,563.0,477.0,646.0
4033,20250415,0,541.0,454.0,401.0,509.0,422.0,554.0,464.0,559.0,463.0,572.0,544.0,589.0,286.0,678.0,528.0,558.0,523.0,435.0,638.0
4034,20250909,0,517.0,336.0,418.0,300.0,323.0,300.0,377.0,429.0,538.0,458.0,624.0,659.0,935.0,696.0,475.0,569.0,631.0,589.0,628.0
4035,20250911,0,493.0,404.0,376.0,437.0,353.0,382.0,410.0,442.0,403.0,445.0,586.0,677.0,924.0,684.0,481.0,557.0,582.0,490.0,646.0
4036,20251107,0,530.0,470.0,439.0,528.0,407.0,593.0,460.0,629.0,278.0,554.0,538.0,688.0,276.0,656.0,508.0,570.0,561.0,438.0,644.0
4037,20251109,0,507.0,413.0,429.0,498.0,326.0,435.0,430.0,442.0,355.0,486.0,566.0,689.0,823.0,681.0,474.0,577.0,601.0,514.0,643.0
4038,20251102,0,524.0,440.0,433.0,526.0,392.0,494.0,454.0,676.0,353.0,478.0,555.0,650.0,672.0,683.0,486.0,607.0,558.0,506.0,603.0
4039,20250909,0,494.0,355.0,301.0,315.0,326.0,327.0,371.0,392.0,529.0,434.0,633.0,688.0,958.0,699.0,448.0,504.0,606.0,564.0,647.0
4040,20251101,0,511.0,454.0,533.0,523.0,443.0,437.0,502.0,468.0,361.0,524.0,539.0,595.0,682.0,699.0,485.0,586.0,567.0,529.0,588.0
4041,20250915,0,501.0,427.0,346.0,519.0,386.0,542.0,427.0,427.0,234.0,530.0,559.0,700.0,563.0,681.0,488.0,522.0,554.0,447.0,651.0
4042,20251012,0,484.0,394.0,462.0,413.0,334.0,366.0,443.0,485.0,404.0,438.0,584.0,691.0,872.0,690.0,468.0,609.0,601.0,472.0,634.0
4043,20250909,0,511.0,398.0,422.0,573.0,352.0,441.0,460.0,492.0,490.0,497.0,553.0,672.0,797.0,694.0,481.0,606.0,572.0,540.0,633.0
4044,20250731,0,552.0,484.0,537.0,601.0,408.0,559.0,500.0,638.0,327.0,532.0,527.0,682.0,358.0,666.0,477.0,671.0,568.0,554.0,625.0
4045,20250923,0,535.0,395.0,465.0,595.0,419.0,522.0,460.0,624.0,454.0,557.0,540.0,657.0,213.0,670.0,493.0,590.0,633.0,502.0,631.0
4046,20250501,0,520.0,395.0,322.0,440.0,374.0,453.0,400.0,479.0,490.0,499.0,578.0,649.0,780.0,666.0,485.0,542.0,562.0,463.0,639.0
4047,20251104,0,495.0,429.0,487.0,480.0,331.0,383.0,480.0,569.0,430.0,455.0,571.0,686.0,868.0,690.0,491.0,669.0,559.0,522.0,614.0
4048,20250417,0,,,,,,,,,,,,,,,,,,,
4049,20250902,0,489.0,367.0,301.0,369.0,337.0,429.0,383.0,324.0,452.0,472.0,603.0,700.0,800.0,685.0,477.0,512.0,585.0,459.0,646.0
4050,20250314,0,547.0,431.0,457.0,535.0,429.0,589.0,464.0,695.0,402.0,579.0,557.0,643.0,327.0,659.0,507.0,619.0,562.0,518.0,595.0
4051,20250920,0,507.0,410.0,393.0,484.0,336.0,395.0,423.0,409.0,428.0,451.0,572.0,645.0,899.0,692.0,481.0,511.0,559.0,527.0,637.0
4052,20250703,0,537.0,395.0,462.0,392.0,351.0,388.0,456.0,442.0,409.0,515.0,583.0,669.0,905.0,690.0,453.0,575.0,631.0,598.0,637.0
4053,20250428,0,519.0,414.0,356.0,520.0,382.0,555.0,402.0,437.0,288.0,506.0,535.0,700.0,626.0,681.0,481.0,504.0,568.0,478.0,649.0
4054,20251017,0,490.0,410.0,384.0,355.0,332.0,364.0,396.0,582.0,420.0,433.0,591.0,676.0,969.0,702.0,435.0,606.0,603.0,548.0,636.0
4055,20251005,0,535.0,432.0,410.0,516.0,438.0,482.0,463.0,564.0,455.0,567.0,542.0,580.0,300.0,693.0,502.0,551.0,490.0,540.0,548.0
4056,20250516,0,494.0,405.0,375.0,317.0,380.0,344.0,453.0,369.0,379.0,474.0,594.0,635.0,971.0,707.0,451.0,609.0,501.0,583.0,551.0
4057,20251114,0,507.0,452.0,484.0,536.0,372.0,429.0,487.0,732.0,317.0,497.0,544.0,665.0,748.0,676.0,484.0,700.0,622.0,529.0,642.0
4058,20251004,0,546.0,404.0,354.0,317.0,345.0,321.0,415.0,504.0,341.0,530.0,620.0,663.0,786.0,679.0,479.0,528.0,553.0,547.0,595.0
4059,20250718,0,532.0,415.0,537.0,583.0,409.0,544.0,494.0,665.0,360.0,562.0,525.0,666.0,112.0,670.0,507.0,624.0,597.0,476.0,629.0
4060,20250422,0,534.0,414.0,523.0,558.0,430.0,563.0,468.0,511.0,544.0,565.0,522.0,593.0,260.0,663.0,493.0,596.0,585.0,479.0,652.0
4061,20250530,0,531.0,411.0,406.0,493.0,400.0,503.0,439.0,673.0,419.0,496.0,555.0,687.0,640.0,673.0,490.0,635.0,598.0,498.0,648.0
4062,20251028,0,478.0,365.0,331.0,316.0,324.0,300.0,380.0,363.0,512.0,430.0,605.0,691.0,935.0,705.0,467.0,511.0,550.0,536.0,563.0
4063,20250825,0,506.0,420.0,350.0,472.0,442.0,596.0,443.0,522.0,404.0,488.0,546.0,692.0,449.0,686.0,510.0,540.0,489.0,454.0,449.0
4064,20250718,0,566.0,436.0,581.0,521.0,431.0,569.0,478.0,761.0,524.0,594.0,509.0,655.0,553.0,653.0,493.0,633.0,558.0,494.0,614.0
4065,20251002,0,522.0,405.0,400.0,558.0,380.0,476.0,457.0,587.0,475.0,552.0,545.0,686.0,780.0,674.0,499.0,587.0,576.0,453.0,639.0
4066,20250603,0,530.0,430.0,364.0,525.0,406.0,589.0,455.0,670.0,418.0,560.0,562.0,684.0,416.0,656.0,499.0,696.0,570.0,459.0,646.0
4067,20251105,0,413.0,359.0,413.0,303.0,314.0,300.0,378.0,428.0,355.0,322.0,637.0,682.0,990.0,721.0,427.0,407.0,644.0,585.0,635.0
4068,20251030,0,537.0,447.0,423.0,476.0,375.0,527.0,454.0,586.0,344.0,569.0,554.0,684.0,732.0,669.0,493.0,590.0,616.0,491.0,641.0
4069,20250530,0,457.0,322.0,402.0,303.0,340.0,300.0,368.0,382.0,511.0,443.0,642.0,673.0,923.0,713.0,439.0,509.0,678.0,613.0,645.0
4070,20251009,0,491.0,394.0,354.0,378.0,375.0,419.0,412.0,586.0,445.0,444.0,602.0,662.0,310.0,694.0,491.0,646.0,527.0,538.0,577.0
4071,20250910,0,508.0,416.0,351.0,523.0,370.0,503.0,437.0,433.0,437.0,502.0,548.0,700.0,312.0,681.0,499.0,553.0,568.0,466.0,646.0
4072,20250906,0,530.0,440.0,351.0,496.0,392.0,591.0,442.0,620.0,407.0,531.0,561.0,693.0,502.0,673.0,491.0,582.0,528.0,455.0,623.0
4073,20251030,0,521.0,399.0,348.0,325.0,343.0,413.0,414.0,407.0,410.0,467.0,595.0,670.0,823.0,684.0,482.0,576.0,583.0,508.0,647.0
4074,20250524,0,510.0,401.0,352.0,484.0,372.0,515.0,390.0,479.0,337.0,512.0,574.0,700.0,501.0,680.0,479.0,501.0,539.0,472.0,526.0
4075,20250403,0,478.0,367.0,331.0,303.0,324.0,327.0,373.0,373.0,544.0,424.0,620.0,688.0,938.0,701.0,473.0,420.0,619.0,557.0,641.0
4076,20251018,0,536.0,366.0,436.0,414.0,324.0,376.0,424.0,544.0,470.0,471.0,576.0,679.0,803.0,692.0,494.0,595.0,614.0,542.0,659.0
4077,20250818,0,490.0,411.0,439.0,405.0,334.0,344.0,430.0,558.0,479.0,410.0,579.0,646.0,906.0,704.0,447.0,618.0,617.0,563.0,640.0
4078,20250405,0,504.0,413.0,439.0,474.0,369.0,392.0,444.0,599.0,490.0,476.0,553.0,600.0,895.0,688.0,442.0,631.0,599.0,545.0,649.0
4079,20250828,0,523.0,407.0,491.0,546.0,395.0,488.0,463.0,755.0,392.0,510.0,521.0,669.0,766.0,677.0,487.0,652.0,584.0,485.0,646.0
4080,20250301,0,535.0,451.0,457.0,499.0,408.0,414.0,494.0,661.0,484.0,565.0,551.0,582.0,463.0,686.0,465.0,644.0,575.0,532.0,585.0
4081,20250401,0,528.0,423.0,312.0,393.0,368.0,493.0,409.0,554.0,502.0,539.0,592.0,663.0,327.0,683.0,518.0,632.0,524.0,481.0,648.0
4082,20250714,0,533.0,413.0,489.0,459.0,380.0,507.0,452.0,757.0,419.0,559.0,583.0,664.0,511.0,661.0,497.0,633.0,583.0,501.0,646.0
4083,20250908,0,463.0,357.0,436.0,309.0,333.0,300.0,392.0,267.0,429.0,376.0,613.0,609.0,993.0,732.0,437.0,550.0,622.0,626.0,630.0
4084,20251004,0,534.0,450.0,321.0,514.0,445.0,570.0,462.0,529.0,353.0,536.0,552.0,700.0,581.0,665.0,462.0,547.0,554.0,500.0,632.0
4085,20251106,0,494.0,392.0,376.0,498.0,353.0,441.0,433.0,657.0,458.0,483.0,574.0,694.0,715.0,685.0,482.0,665.0,603.0,479.0,646.0
4086,20251018,0,514.0,376.0,387.0,494.0,343.0,450.0,427.0,504.0,508.0,490.0,570.0,684.0,458.0,676.0,472.0,559.0,598.0,534.0,628.0
4087,20250303,0,521.0,375.0,401.0,317.0,345.0,346.0,392.0,393.0,553.0,444.0,598.0,584.0,977.0,711.0,445.0,467.0,645.0,568.0,650.0
4088,20250402,0,,,,,,,,,,,,,,,,,,,
4089,20250821,0,505.0,412.0,429.0,491.0,358.0,424.0,431.0,608.0,436.0,476.0,575.0,684.0,571.0,688.0,489.0,663.0,487.0,457.0,562.0
4090,20250918,0,519.0,399.0,506.0,539.0,425.0,600.0,459.0,556.0,442.0,562.0,539.0,693.0,223.0,654.0,491.0,632.0,549.0,435.0,642.0
4091,20250716,0,555.0,428.0,491.0,517.0,393.0,402.0,465.0,622.0,472.0,546.0,531.0,616.0,179.0,680.0,511.0,662.0,589.0,532.0,602.0
4092,20250807,0,526.0,397.0,378.0,345.0,339.0,393.0,442.0,478.0,471.0,546.0,593.0,664.0,800.0,681.0,479.0,575.0,616.0,530.0,656.0
4093,20250809,0,523.0,373.0,402.0,313.0,333.0,323.0,452.0,399.0,426.0,482.0,614.0,653.0,978.0,712.0,453.0,566.0,630.0,620.0,638.0
4094,20250712,0,530.0,421.0,448.0,519.0,358.0,460.0,470.0,616.0,322.0,531.0,560.0,684.0,766.0,683.0,469.0,644.0,615.0,532.0,643.0
4095,20250624,0,533.0,396.0,409.0,519.0,381.0,580.0,417.0,581.0,366.0,519.0,555.0,676.0,530.0,664.0,489.0,624.0,585.0,482.0,636.0
4096,20250412,0,517.0,395.0,375.0,456.0,389.0,463.0,449.0,467.0,433.0,522.0,590.0,632.0,561.0,671.0,481.0,606.0,563.0,503.0,639.0
4097,20251015,0,509.0,411.0,448.0,398.0,349.0,411.0,431.0,388.0,321.0,478.0,579.0,693.0,850.0,683.0,471.0,604.0,615.0,571.0,576.0
4098,20250725,0,507.0,435.0,432.0,513.0,371.0,560.0,435.0,370.0,389.0,515.0,554.0,687.0,586.0,673.0,489.0,607.0,558.0,449.0,640.0
4099,20250915,0,520.0,446.0,409.0,551.0,389.0,460.0,478.0,558.0,306.0,491.0,547.0,671.0,578.0,681.0,451.0,603.0,527.0,541.0,623.0
4100,20250802,0,510.0,414.0,322.0,521.0,375.0,528.0,404.0,380.0,489.0,518.0,558.0,683.0,888.0,678.0,489.0,569.0,600.0,497.0,652.0
4101,20250330,0,502.0,384.0,457.0,394.0,325.0,344.0,414.0,487.0,583.0,479.0,580.0,629.0,882.0,715.0,454.0,564.0,591.0,590.0,598.0
4102,20250921,0,471.0,383.0,418.0,317.0,339.0,346.0,461.0,229.0,470.0,436.0,598.0,658.0,978.0,723.0,434.0,599.0,653.0,613.0,646.0
4103,20250711,0,506.0,427.0,457.0,330.0,358.0,317.0,435.0,354.0,477.0,451.0,605.0,605.0,952.0,709.0,484.0,610.0,602.0,580.0,612.0
4104,20250903,0,530.0,458.0,491.0,493.0,400.0,484.0,471.0,745.0,560.0,516.0,533.0,666.0,564.0,663.0,466.0,632.0,623.0,542.0,641.0
4105,20250923,0,472.0,372.0,436.0,307.0,317.0,329.0,398.0,354.0,367.0,429.0,604.0,669.0,991.0,723.0,438.0,622.0,649.0,581.0,635.0
4106,20250623,0,557.0,461.0,384.0,528.0,477.0,664.0,428.0,561.0,302.0,558.0,527.0,522.0,249.0,633.0,506.0,573.0,519.0,464.0,539.0
4107,20250430,0,534.0,433.0,350.0,506.0,434.0,579.0,430.0,610.0,408.0,536.0,564.0,566.0,375.0,673.0,498.0,568.0,499.0,480.0,499.0
4108,20250827,0,525.0,422.0,424.0,474.0,391.0,526.0,451.0,530.0,384.0,511.0,560.0,676.0,791.0,660.0,500.0,588.0,605.0,500.0,646.0
4109,20250903,0,467.0,399.0,409.0,420.0,361.0,344.0,443.0,399.0,464.0,466.0,575.0,644.0,961.0,730.0,454.0,583.0,565.0,595.0,590.0
4110,20251103,0,530.0,408.0,448.0,582.0,356.0,473.0,471.0,544.0,360.0,496.0,553.0,695.0,772.0,677.0,487.0,579.0,634.0,536.0,640.0
4111,20250331,0,520.0,391.0,322.0,493.0,378.0,481.0,397.0,429.0,486.0,516.0,571.0,651.0,597.0,679.0,488.0,553.0,585.0,503.0,643.0
4112,20250711,0,517.0,415.0,301.0,435.0,346.0,494.0,366.0,330.0,278.0,532.0,589.0,700.0,761.0,676.0,476.0,489.0,606.0,474.0,643.0
4113,20250825,0,513.0,402.0,321.0,449.0,360.0,491.0,365.0,373.0,280.0,515.0,568.0,700.0,731.0,681.0,476.0,458.0,601.0,469.0,644.0
4114,20250528,0,494.0,424.0,457.0,504.0,423.0,391.0,414.0,539.0,619.0,453.0,547.0,587.0,664.0,706.0,456.0,586.0,629.0,557.0,607.0
4115,20250309,0,519.0,430.0,457.0,490.0,385.0,443.0,472.0,529.0,383.0,543.0,552.0,607.0,202.0,676.0,482.0,624.0,587.0,535.0,615.0
4116,20251014,0,470.0,405.0,448.0,499.0,348.0,420.0,447.0,714.0,599.0,436.0,566.0,685.0,733.0,693.0,470.0,623.0,619.0,539.0,620.0
4117,20250818,0,464.0,384.0,436.0,317.0,324.0,329.0,385.0,260.0,529.0,362.0,599.0,656.0,983.0,720.0,419.0,569.0,636.0,626.0,627.0
4118,20250826,0,517.0,403.0,457.0,471.0,345.0,361.0,429.0,596.0,452.0,474.0,572.0,636.0,687.0,697.0,445.0,616.0,644.0,595.0,640.0
4119,20250923,0,487.0,367.0,342.0,312.0,312.0,332.0,387.0,366.0,453.0,453.0,608.0,700.0,951.0,697.0,456.0,480.0,577.0,540.0,642.0
4120,20251105,0,499.0,359.0,400.0,303.0,351.0,362.0,383.0,635.0,520.0,445.0,620.0,688.0,815.0,699.0,478.0,565.0,619.0,581.0,602.0
4121,20250609,0,516.0,416.0,436.0,318.0,343.0,378.0,439.0,558.0,558.0,481.0,594.0,613.0,934.0,690.0,439.0,600.0,632.0,580.0,599.0
4122,20250806,0,519.0,412.0,530.0,514.0,394.0,414.0,472.0,603.0,617.0,475.0,531.0,642.0,834.0,698.0,431.0,624.0,573.0,547.0,551.0
4123,20250630,0,517.0,419.0,405.0,312.0,366.0,352.0,414.0,531.0,440.0,479.0,607.0,632.0,882.0,683.0,463.0,621.0,603.0,542.0,652.0
4124,20251028,0,501.0,395.0,353.0,392.0,340.0,364.0,418.0,447.0,396.0,447.0,590.0,696.0,906.0,691.0,485.0,559.0,623.0,560.0,640.0
4125,20250903,0,551.0,423.0,475.0,613.0,383.0,548.0,467.0,714.0,392.0,559.0,526.0,681.0,465.0,654.0,495.0,613.0,614.0,482.0,642.0
4126,20250407,0,542.0,426.0,484.0,562.0,422.0,529.0,491.0,552.0,358.0,560.0,527.0,653.0,682.0,658.0,454.0,625.0,578.0,521.0,640.0
4127,20251110,0,536.0,433.0,448.0,591.0,367.0,474.0,466.0,697.0,459.0,548.0,555.0,691.0,632.0,676.0,491.0,634.0,598.0,526.0,641.0
4128,20251101,0,512.0,393.0,376.0,488.0,339.0,435.0,440.0,370.0,484.0,508.0,560.0,700.0,812.0,678.0,471.0,571.0,584.0,486.0,646.0
4129,20250822,0,536.0,424.0,491.0,580.0,417.0,551.0,463.0,655.0,450.0,582.0,539.0,658.0,370.0,656.0,481.0,622.0,572.0,484.0,656.0
4130,20251102,0,507.0,425.0,399.0,361.0,391.0,421.0,390.0,433.0,406.0,455.0,604.0,680.0,518.0,689.0,498.0,538.0,550.0,507.0,594.0
4131,20250428,0,506.0,390.0,451.0,430.0,384.0,417.0,424.0,593.0,378.0,493.0,576.0,671.0,580.0,688.0,483.0,614.0,519.0,542.0,553.0
4132,20250316,0,518.0,407.0,301.0,373.0,339.0,446.0,392.0,341.0,298.0,517.0,594.0,700.0,694.0,677.0,478.0,513.0,588.0,449.0,643.0
4133,20250428,0,516.0,409.0,433.0,457.0,379.0,488.0,443.0,436.0,474.0,528.0,582.0,667.0,527.0,682.0,480.0,617.0,605.0,447.0,619.0
4134,20251004,0,536.0,436.0,368.0,480.0,392.0,525.0,424.0,340.0,334.0,506.0,529.0,700.0,822.0,677.0,475.0,509.0,578.0,499.0,651.0
4135,20251031,0,490.0,377.0,448.0,386.0,329.0,354.0,385.0,420.0,381.0,382.0,582.0,690.0,990.0,720.0,439.0,581.0,625.0,602.0,644.0
4136,20250304,0,494.0,385.0,349.0,326.0,316.0,361.0,395.0,406.0,449.0,466.0,595.0,683.0,910.0,690.0,472.0,497.0,589.0,531.0,636.0
4137,20250623,0,546.0,405.0,484.0,500.0,383.0,444.0,476.0,638.0,343.0,554.0,540.0,611.0,863.0,675.0,461.0,618.0,620.0,570.0,641.0
4138,20250403,0,524.0,444.0,312.0,335.0,436.0,416.0,447.0,646.0,431.0,471.0,603.0,625.0,564.0,684.0,520.0,555.0,604.0,533.0,634.0
4139,20250721,0,521.0,407.0,436.0,327.0,327.0,332.0,446.0,423.0,505.0,453.0,600.0,626.0,932.0,696.0,476.0,606.0,636.0,547.0,653.0
4140,20251016,0,492.0,431.0,451.0,499.0,367.0,438.0,483.0,387.0,323.0,437.0,556.0,674.0,918.0,687.0,446.0,632.0,606.0,544.0,619.0
4141,20250325,0,523.0,431.0,491.0,565.0,431.0,486.0,464.0,744.0,542.0,543.0,538.0,624.0,592.0,681.0,469.0,616.0,598.0,531.0,566.0
4142,20250504,0,524.0,426.0,312.0,334.0,411.0,429.0,424.0,481.0,393.0,514.0,601.0,646.0,756.0,667.0,465.0,585.0,624.0,507.0,644.0
4143,20251019,0,500.0,356.0,312.0,317.0,356.0,359.0,399.0,429.0,525.0,485.0,631.0,646.0,857.0,692.0,477.0,535.0,570.0,542.0,593.0
4144,20250613,0,552.0,457.0,495.0,519.0,472.0,562.0,479.0,571.0,482.0,587.0,542.0,581.0,248.0,651.0,505.0,618.0,570.0,501.0,625.0
4145,20250428,0,518.0,435.0,354.0,392.0,331.0,356.0,446.0,320.0,439.0,506.0,588.0,651.0,949.0,692.0,516.0,564.0,629.0,537.0,664.0
4146,20250915,0,553.0,466.0,485.0,590.0,411.0,538.0,500.0,722.0,379.0,560.0,514.0,684.0,627.0,654.0,503.0,659.0,594.0,473.0,646.0
4147,20250630,0,496.0,403.0,346.0,465.0,346.0,432.0,433.0,365.0,406.0,456.0,559.0,671.0,897.0,689.0,451.0,564.0,590.0,557.0,636.0
4148,20250523,0,484.0,378.0,300.0,369.0,349.0,409.0,375.0,334.0,313.0,452.0,595.0,669.0,545.0,699.0,470.0,466.0,543.0,492.0,560.0
4149,20250725,0,519.0,449.0,321.0,426.0,392.0,547.0,411.0,576.0,385.0,533.0,576.0,700.0,394.0,673.0,487.0,583.0,537.0,383.0,576.0
4150,20250331,0,508.0,324.0,310.0,304.0,339.0,300.0,371.0,439.0,565.0,412.0,635.0,630.0,982.0,701.0,454.0,453.0,647.0,613.0,638.0
4151,20251030,0,513.0,431.0,409.0,508.0,348.0,519.0,438.0,485.0,279.0,515.0,569.0,681.0,587.0,674.0,487.0,516.0,603.0,504.0,633.0
4152,20250714,0,518.0,365.0,387.0,451.0,333.0,350.0,399.0,386.0,423.0,430.0,574.0,694.0,948.0,696.0,462.0,463.0,569.0,550.0,636.0
4153,20250909,0,492.0,421.0,322.0,442.0,357.0,456.0,423.0,444.0,391.0,472.0,582.0,688.0,499.0,688.0,484.0,566.0,540.0,500.0,577.0
4154,20250914,0,486.0,405.0,379.0,316.0,327.0,331.0,402.0,401.0,393.0,450.0,605.0,685.0,558.0,686.0,509.0,543.0,619.0,524.0,649.0
4155,20251102,0,513.0,407.0,354.0,344.0,339.0,418.0,412.0,418.0,378.0,487.0,599.0,689.0,897.0,680.0,485.0,535.0,618.0,503.0,643.0
4156,20250621,0,532.0,402.0,356.0,482.0,418.0,568.0,432.0,394.0,470.0,575.0,517.0,700.0,380.0,648.0,487.0,538.0,526.0,456.0,646.0
4157,20250605,0,528.0,374.0,457.0,520.0,383.0,407.0,425.0,590.0,549.0,520.0,554.0,607.0,954.0,681.0,444.0,607.0,625.0,586.0,646.0
4158,20250718,0,508.0,418.0,321.0,488.0,392.0,540.0,413.0,452.0,446.0,517.0,568.0,676.0,506.0,650.0,489.0,533.0,528.0,453.0,640.0
4159,20251015,0,530.0,398.0,352.0,436.0,349.0,505.0,418.0,617.0,425.0,525.0,579.0,681.0,501.0,677.0,490.0,553.0,529.0,470.0,649.0
4160,20250503,0,542.0,418.0,322.0,440.0,401.0,536.0,422.0,399.0,433.0,572.0,584.0,619.0,298.0,654.0,491.0,573.0,588.0,474.0,642.0
4161,20250401,0,526.0,417.0,473.0,436.0,373.0,432.0,438.0,366.0,434.0,506.0,590.0,653.0,593.0,687.0,492.0,596.0,569.0,497.0,622.0
4162,20251002,0,553.0,423.0,437.0,512.0,388.0,528.0,462.0,588.0,454.0,551.0,577.0,638.0,56.0,648.0,504.0,616.0,574.0,480.0,648.0
4163,20251113,0,518.0,412.0,377.0,364.0,327.0,397.0,447.0,642.0,429.0,475.0,593.0,687.0,741.0,678.0,479.0,643.0,606.0,520.0,633.0
4164,20251021,0,474.0,386.0,312.0,363.0,328.0,351.0,408.0,426.0,434.0,425.0,599.0,647.0,818.0,696.0,490.0,499.0,562.0,538.0,624.0
4165,20250601,0,495.0,392.0,346.0,442.0,355.0,421.0,379.0,459.0,513.0,486.0,582.0,600.0,853.0,685.0,469.0,523.0,577.0,490.0,648.0
4166,20250810,0,502.0,400.0,334.0,440.0,333.0,459.0,396.0,361.0,315.0,478.0,584.0,700.0,662.0,683.0,477.0,477.0,584.0,469.0,644.0
4167,20250602,0,498.0,355.0,301.0,356.0,366.0,438.0,371.0,463.0,541.0,459.0,611.0,652.0,452.0,698.0,481.0,483.0,578.0,518.0,597.0
4168,20251023,0,501.0,381.0,389.0,330.0,315.0,354.0,411.0,608.0,489.0,453.0,597.0,687.0,938.0,699.0,445.0,578.0,618.0,563.0,651.0
4169,20250731,0,532.0,414.0,432.0,460.0,374.0,510.0,457.0,560.0,379.0,542.0,577.0,662.0,372.0,670.0,492.0,597.0,566.0,436.0,636.0
4170,20251104,0,487.0,453.0,526.0,524.0,348.0,430.0,462.0,711.0,537.0,440.0,551.0,681.0,291.0,697.0,496.0,646.0,530.0,514.0,579.0
4171,20250912,0,522.0,410.0,331.0,356.0,380.0,458.0,415.0,406.0,278.0,509.0,592.0,700.0,590.0,677.0,452.0,492.0,559.0,541.0,614.0
4172,20250310,0,509.0,429.0,496.0,478.0,396.0,408.0,461.0,698.0,644.0,528.0,551.0,584.0,722.0,695.0,475.0,649.0,497.0,482.0,590.0
4173,20251103,0,517.0,409.0,402.0,479.0,388.0,498.0,439.0,632.0,451.0,535.0,547.0,700.0,662.0,666.0,453.0,653.0,551.0,500.0,613.0
4174,20250829,0,539.0,406.0,478.0,403.0,373.0,385.0,448.0,545.0,448.0,480.0,584.0,644.0,881.0,693.0,466.0,671.0,401.0,533.0,517.0
4175,20250912,0,515.0,444.0,421.0,536.0,366.0,503.0,459.0,669.0,450.0,528.0,572.0,696.0,570.0,677.0,497.0,644.0,541.0,491.0,653.0
4176,20250829,0,495.0,413.0,334.0,503.0,364.0,525.0,410.0,344.0,366.0,495.0,564.0,700.0,540.0,693.0,485.0,510.0,573.0,513.0,611.0
4177,20251014,0,500.0,423.0,452.0,391.0,352.0,426.0,429.0,549.0,384.0,493.0,597.0,692.0,573.0,678.0,487.0,593.0,452.0,449.0,479.0
4178,20250822,0,515.0,390.0,409.0,407.0,329.0,367.0,446.0,526.0,390.0,487.0,584.0,659.0,846.0,688.0,473.0,600.0,588.0,520.0,647.0
4179,20250819,0,481.0,380.0,334.0,441.0,342.0,354.0,367.0,187.0,456.0,429.0,573.0,700.0,971.0,704.0,465.0,428.0,574.0,549.0,639.0
4180,20250804,0,517.0,397.0,375.0,523.0,350.0,500.0,441.0,427.0,338.0,500.0,554.0,695.0,751.0,673.0,491.0,557.0,545.0,432.0,642.0
4181,20250806,0,489.0,388.0,375.0,491.0,350.0,448.0,425.0,418.0,495.0,485.0,572.0,691.0,836.0,693.0,480.0,564.0,577.0,450.0,643.0
4182,20250531,0,527.0,397.0,394.0,511.0,388.0,573.0,437.0,579.0,452.0,536.0,565.0,661.0,482.0,665.0,497.0,565.0,564.0,438.0,602.0
4183,20250504,0,512.0,411.0,322.0,513.0,365.0,503.0,403.0,386.0,471.0,514.0,551.0,655.0,764.0,681.0,489.0,513.0,587.0,449.0,645.0
4184,20251013,0,510.0,435.0,341.0,324.0,311.0,357.0,434.0,335.0,349.0,469.0,600.0,696.0,949.0,688.0,458.0,512.0,603.0,564.0,656.0
4185,20251011,0,502.0,402.0,453.0,369.0,319.0,363.0,418.0,422.0,416.0,432.0,596.0,688.0,964.0,701.0,472.0,520.0,594.0,532.0,653.0
4186,20251105,0,489.0,428.0,457.0,460.0,324.0,383.0,449.0,628.0,455.0,451.0,567.0,676.0,858.0,687.0,448.0,620.0,589.0,500.0,612.0
4187,20250803,0,533.0,405.0,439.0,390.0,329.0,366.0,432.0,339.0,419.0,518.0,581.0,657.0,916.0,681.0,445.0,613.0,612.0,563.0,645.0
4188,20251004,0,488.0,434.0,312.0,345.0,321.0,366.0,427.0,472.0,265.0,458.0,591.0,680.0,906.0,688.0,452.0,564.0,632.0,587.0,659.0
4189,20250715,0,499.0,389.0,300.0,356.0,336.0,421.0,394.0,463.0,444.0,460.0,610.0,665.0,682.0,686.0,481.0,528.0,584.0,503.0,649.0
4190,20250610,0,525.0,387.0,321.0,442.0,391.0,519.0,428.0,443.0,513.0,512.0,581.0,623.0,420.0,675.0,482.0,549.0,572.0,454.0,646.0
4191,20250815,0,528.0,416.0,409.0,469.0,358.0,419.0,444.0,381.0,403.0,510.0,562.0,625.0,860.0,682.0,457.0,559.0,585.0,555.0,641.0
4192,20251006,0,519.0,418.0,448.0,411.0,327.0,380.0,443.0,623.0,373.0,461.0,577.0,692.0,864.0,688.0,459.0,634.0,643.0,559.0,641.0
4193,20251031,0,513.0,403.0,354.0,321.0,346.0,405.0,409.0,412.0,400.0,484.0,599.0,660.0,921.0,687.0,507.0,522.0,588.0,523.0,617.0
4194,20250429,0,503.0,439.0,530.0,538.0,423.0,421.0,467.0,487.0,514.0,484.0,527.0,576.0,309.0,682.0,483.0,618.0,444.0,556.0,549.0
4195,20251024,0,488.0,408.0,496.0,499.0,373.0,397.0,444.0,414.0,433.0,436.0,567.0,667.0,990.0,718.0,451.0,598.0,562.0,579.0,606.0
4196,20250911,0,517.0,394.0,436.0,321.0,362.0,329.0,393.0,431.0,568.0,492.0,603.0,596.0,990.0,703.0,430.0,601.0,591.0,579.0,629.0
4197,20251001,0,526.0,430.0,429.0,532.0,384.0,530.0,450.0,478.0,387.0,534.0,551.0,690.0,704.0,662.0,466.0,592.0,539.0,491.0,640.0
4198,20251017,0,505.0,406.0,457.0,507.0,353.0,438.0,444.0,551.0,339.0,498.0,558.0,674.0,771.0,673.0,464.0,634.0,622.0,555.0,624.0
4199,20250506,0,494.0,393.0,370.0,438.0,362.0,420.0,416.0,508.0,523.0,445.0,581.0,690.0,515.0,697.0,479.0,605.0,505.0,486.0,564.0
4200,20250520,0,532.0,448.0,409.0,523.0,406.0,470.0,474.0,525.0,349.0,517.0,559.0,614.0,609.0,682.0,485.0,626.0,512.0,527.0,574.0
4201,20250520,0,500.0,354.0,301.0,356.0,312.0,321.0,376.0,350.0,553.0,432.0,624.0,673.0,957.0,711.0,461.0,494.0,582.0,526.0,614.0
4202,20251005,0,499.0,381.0,342.0,356.0,337.0,354.0,383.0,412.0,472.0,460.0,616.0,666.0,726.0,686.0,482.0,516.0,578.0,515.0,630.0
4203,20250404,0,545.0,408.0,350.0,453.0,376.0,562.0,402.0,522.0,350.0,530.0,569.0,700.0,670.0,672.0,478.0,518.0,585.0,486.0,622.0
4204,20250705,0,513.0,420.0,322.0,515.0,376.0,564.0,405.0,416.0,309.0,520.0,548.0,614.0,543.0,674.0,505.0,524.0,589.0,454.0,653.0
4205,20251106,0,539.0,476.0,457.0,524.0,379.0,416.0,481.0,778.0,439.0,505.0,554.0,666.0,809.0,685.0,471.0,667.0,477.0,514.0,549.0
4206,20250306,0,479.0,340.0,423.0,313.0,344.0,300.0,398.0,387.0,428.0,395.0,638.0,640.0,987.0,724.0,446.0,512.0,591.0,596.0,557.0
4207,20250510,0,514.0,393.0,398.0,475.0,377.0,520.0,404.0,445.0,459.0,486.0,522.0,700.0,797.0,690.0,474.0,532.0,566.0,442.0,645.0
4208,20251019,0,478.0,411.0,408.0,319.0,337.0,305.0,400.0,493.0,367.0,443.0,619.0,678.0,967.0,690.0,459.0,610.0,605.0,568.0,642.0
4209,20250805,0,510.0,350.0,301.0,356.0,353.0,338.0,389.0,320.0,479.0,448.0,607.0,662.0,887.0,687.0,473.0,525.0,571.0,536.0,624.0
4210,20250407,0,551.0,441.0,475.0,651.0,416.0,562.0,479.0,628.0,298.0,587.0,528.0,685.0,626.0,654.0,504.0,662.0,586.0,498.0,651.0
4211,20251031,0,486.0,363.0,301.0,310.0,319.0,332.0,341.0,345.0,457.0,435.0,619.0,700.0,932.0,697.0,449.0,440.0,629.0,553.0,650.0
4212,20250811,0,513.0,435.0,310.0,325.0,329.0,372.0,411.0,318.0,327.0,403.0,601.0,654.0,909.0,701.0,479.0,404.0,532.0,559.0,590.0
4213,20250904,0,493.0,370.0,311.0,360.0,323.0,353.0,391.0,477.0,565.0,461.0,612.0,674.0,881.0,690.0,478.0,574.0,592.0,511.0,643.0
4214,20251030,0,501.0,395.0,364.0,419.0,342.0,500.0,418.0,446.0,408.0,518.0,575.0,690.0,580.0,671.0,480.0,551.0,583.0,491.0,647.0
4215,20250817,0,515.0,440.0,448.0,479.0,337.0,354.0,447.0,601.0,451.0,496.0,573.0,675.0,434.0,693.0,468.0,650.0,526.0,461.0,504.0
4216,20250616,0,521.0,417.0,322.0,486.0,365.0,508.0,415.0,631.0,475.0,556.0,575.0,649.0,430.0,678.0,491.0,557.0,558.0,443.0,641.0
4217,20250429,0,515.0,357.0,429.0,383.0,347.0,374.0,430.0,442.0,434.0,461.0,584.0,665.0,959.0,696.0,463.0,585.0,630.0,580.0,637.0
4218,20250601,0,545.0,417.0,448.0,492.0,385.0,527.0,437.0,467.0,396.0,558.0,558.0,675.0,390.0,649.0,486.0,590.0,618.0,493.0,652.0
4219,20250312,0,507.0,404.0,389.0,475.0,336.0,420.0,435.0,411.0,411.0,466.0,566.0,680.0,947.0,688.0,473.0,551.0,602.0,493.0,646.0
4220,20251101,0,560.0,444.0,560.0,546.0,423.0,549.0,479.0,746.0,529.0,587.0,507.0,654.0,505.0,652.0,507.0,628.0,550.0,459.0,642.0
4221,20250827,0,509.0,382.0,436.0,477.0,358.0,403.0,435.0,505.0,443.0,477.0,565.0,673.0,861.0,679.0,456.0,555.0,593.0,561.0,626.0
4222,20250719,0,521.0,428.0,391.0,485.0,432.0,537.0,448.0,610.0,260.0,521.0,550.0,700.0,740.0,667.0,477.0,563.0,597.0,501.0,634.0
4223,20250803,0,487.0,422.0,405.0,390.0,352.0,383.0,420.0,414.0,385.0,458.0,579.0,666.0,906.0,683.0,452.0,594.0,596.0,584.0,600.0
4224,20250920,0,502.0,407.0,331.0,321.0,356.0,370.0,434.0,528.0,418.0,440.0,622.0,627.0,283.0,691.0,471.0,636.0,299.0,537.0,485.0
4225,20250611,0,513.0,415.0,409.0,324.0,353.0,373.0,443.0,406.0,463.0,489.0,597.0,612.0,591.0,688.0,503.0,526.0,616.0,525.0,636.0
4226,20250608,0,536.0,396.0,426.0,348.0,361.0,425.0,424.0,625.0,431.0,524.0,598.0,687.0,756.0,678.0,474.0,639.0,614.0,525.0,633.0
4227,20250928,0,550.0,475.0,512.0,488.0,424.0,535.0,480.0,635.0,368.0,561.0,540.0,635.0,342.0,674.0,478.0,662.0,569.0,512.0,614.0
4228,20250625,0,528.0,394.0,426.0,405.0,349.0,367.0,433.0,671.0,418.0,479.0,589.0,682.0,346.0,677.0,475.0,655.0,590.0,555.0,625.0
4229,20250815,0,483.0,375.0,349.0,304.0,349.0,345.0,370.0,391.0,405.0,441.0,622.0,674.0,968.0,695.0,463.0,498.0,619.0,539.0,630.0
4230,20250310,0,,,,,,,,,,,,,,,,,,,
4231,20250412,0,513.0,383.0,379.0,396.0,362.0,436.0,408.0,351.0,461.0,453.0,579.0,661.0,921.0,690.0,484.0,513.0,566.0,485.0,628.0
4232,20250406,0,529.0,464.0,483.0,451.0,381.0,502.0,463.0,530.0,207.0,500.0,571.0,634.0,698.0,681.0,485.0,597.0,624.0,505.0,632.0
4233,20251102,0,527.0,398.0,441.0,508.0,353.0,539.0,446.0,521.0,416.0,539.0,567.0,689.0,538.0,661.0,495.0,569.0,569.0,457.0,645.0
4234,20250502,0,509.0,347.0,301.0,311.0,338.0,332.0,348.0,275.0,526.0,445.0,607.0,639.0,917.0,694.0,448.0,460.0,596.0,530.0,638.0
4235,20250515,0,489.0,349.0,465.0,300.0,334.0,330.0,386.0,610.0,473.0,416.0,608.0,685.0,992.0,721.0,445.0,646.0,588.0,597.0,623.0
4236,20251021,0,510.0,420.0,526.0,474.0,359.0,395.0,448.0,409.0,415.0,461.0,549.0,655.0,759.0,682.0,458.0,584.0,607.0,547.0,598.0
4237,20251110,0,499.0,369.0,436.0,300.0,318.0,313.0,400.0,624.0,560.0,420.0,621.0,677.0,993.0,718.0,462.0,574.0,613.0,567.0,626.0
4238,20250313,0,499.0,368.0,436.0,300.0,372.0,317.0,404.0,553.0,625.0,458.0,611.0,576.0,924.0,701.0,461.0,578.0,625.0,600.0,603.0
4239,20250625,0,536.0,459.0,542.0,524.0,442.0,494.0,438.0,715.0,519.0,547.0,550.0,592.0,387.0,660.0,480.0,634.0,491.0,538.0,498.0
4240,20250816,0,487.0,392.0,365.0,395.0,350.0,398.0,437.0,463.0,392.0,434.0,588.0,669.0,929.0,696.0,451.0,560.0,625.0,542.0,638.0
4241,20250524,0,521.0,401.0,457.0,415.0,338.0,391.0,451.0,480.0,411.0,531.0,584.0,630.0,754.0,681.0,470.0,575.0,690.0,582.0,627.0
4242,20250422,0,529.0,396.0,439.0,395.0,356.0,388.0,440.0,316.0,446.0,467.0,579.0,653.0,847.0,685.0,469.0,566.0,595.0,505.0,639.0
4243,20250915,0,484.0,430.0,457.0,404.0,367.0,397.0,444.0,491.0,395.0,417.0,581.0,673.0,894.0,699.0,451.0,656.0,586.0,597.0,573.0
4244,20251020,0,483.0,408.0,496.0,507.0,415.0,442.0,415.0,595.0,459.0,442.0,557.0,666.0,982.0,720.0,477.0,592.0,579.0,509.0,596.0
4245,20250313,0,533.0,403.0,404.0,519.0,423.0,581.0,444.0,546.0,414.0,532.0,535.0,677.0,675.0,670.0,496.0,586.0,576.0,494.0,622.0
4246,20250929,0,519.0,412.0,457.0,509.0,340.0,384.0,444.0,561.0,424.0,508.0,583.0,675.0,702.0,684.0,500.0,630.0,489.0,497.0,545.0
4247,20251109,0,525.0,418.0,409.0,442.0,359.0,484.0,428.0,443.0,436.0,517.0,587.0,651.0,516.0,673.0,482.0,580.0,609.0,504.0,571.0
4248,20250922,0,499.0,429.0,439.0,447.0,382.0,424.0,448.0,361.0,360.0,488.0,575.0,611.0,480.0,690.0,494.0,569.0,543.0,482.0,533.0
4249,20250923,0,520.0,341.0,312.0,313.0,321.0,329.0,381.0,313.0,506.0,434.0,600.0,651.0,990.0,729.0,461.0,413.0,624.0,583.0,585.0
4250,20250519,0,490.0,366.0,301.0,373.0,338.0,394.0,380.0,346.0,391.0,465.0,598.0,700.0,588.0,688.0,466.0,464.0,491.0,512.0,552.0
4251,20250314,0,511.0,393.0,400.0,447.0,347.0,387.0,424.0,575.0,425.0,508.0,574.0,646.0,782.0,684.0,465.0,600.0,646.0,542.0,652.0
4252,20250429,0,537.0,409.0,491.0,529.0,376.0,410.0,460.0,656.0,590.0,542.0,537.0,624.0,159.0,666.0,489.0,623.0,562.0,570.0,616.0
4253,20250921,0,509.0,391.0,301.0,333.0,334.0,392.0,415.0,418.0,410.0,469.0,602.0,700.0,752.0,682.0,474.0,552.0,633.0,509.0,649.0
4254,20250824,0,507.0,444.0,361.0,472.0,385.0,475.0,457.0,482.0,373.0,497.0,544.0,645.0,715.0,680.0,448.0,604.0,553.0,549.0,622.0
4255,20251027,0,543.0,443.0,508.0,477.0,421.0,505.0,492.0,558.0,344.0,550.0,547.0,655.0,661.0,672.0,485.0,595.0,619.0,510.0,637.0
4256,20250711,0,514.0,382.0,375.0,511.0,378.0,485.0,424.0,495.0,473.0,511.0,568.0,700.0,706.0,674.0,476.0,591.0,532.0,489.0,647.0
4257,20251013,0,475.0,405.0,408.0,321.0,334.0,346.0,398.0,414.0,212.0,447.0,598.0,697.0,826.0,693.0,455.0,544.0,537.0,500.0,586.0
4258,20250428,0,508.0,398.0,322.0,509.0,389.0,559.0,404.0,303.0,428.0,537.0,549.0,700.0,639.0,667.0,485.0,478.0,564.0,454.0,645.0
4259,20250308,0,503.0,390.0,457.0,457.0,406.0,454.0,418.0,477.0,324.0,435.0,572.0,666.0,857.0,686.0,454.0,512.0,606.0,604.0,612.0
4260,20250530,0,507.0,367.0,301.0,360.0,356.0,416.0,367.0,471.0,484.0,496.0,611.0,700.0,725.0,683.0,481.0,549.0,518.0,486.0,596.0
4261,20250807,0,502.0,454.0,457.0,514.0,393.0,418.0,440.0,482.0,409.0,524.0,550.0,598.0,893.0,681.0,460.0,655.0,566.0,577.0,579.0
4262,20251019,0,516.0,407.0,457.0,389.0,309.0,365.0,434.0,581.0,447.0,445.0,587.0,669.0,974.0,692.0,444.0,620.0,618.0,562.0,627.0
4263,20250519,0,525.0,402.0,450.0,523.0,388.0,499.0,443.0,422.0,393.0,541.0,542.0,685.0,841.0,662.0,483.0,597.0,584.0,449.0,646.0
4264,20251016,0,506.0,400.0,457.0,471.0,337.0,344.0,405.0,501.0,593.0,459.0,574.0,653.0,974.0,695.0,454.0,590.0,666.0,616.0,627.0
4265,20250817,0,511.0,415.0,368.0,516.0,400.0,512.0,434.0,388.0,315.0,488.0,541.0,641.0,504.0,685.0,488.0,527.0,563.0,493.0,633.0
4266,20250913,0,529.0,407.0,457.0,480.0,346.0,410.0,445.0,559.0,385.0,482.0,569.0,630.0,902.0,700.0,458.0,664.0,604.0,557.0,594.0
4267,20250526,0,515.0,398.0,457.0,461.0,355.0,408.0,448.0,603.0,597.0,482.0,570.0,657.0,857.0,686.0,473.0,612.0,599.0,553.0,650.0
4268,20250910,0,531.0,436.0,478.0,411.0,367.0,452.0,458.0,427.0,382.0,516.0,584.0,668.0,863.0,682.0,465.0,640.0,630.0,577.0,611.0
4269,20250924,0,522.0,450.0,409.0,533.0,389.0,490.0,464.0,444.0,360.0,544.0,547.0,661.0,188.0,672.0,515.0,593.0,546.0,491.0,617.0
4270,20250826,0,535.0,471.0,480.0,641.0,415.0,521.0,478.0,692.0,410.0,522.0,516.0,665.0,526.0,676.0,468.0,662.0,574.0,477.0,638.0
4271,20251105,0,557.0,448.0,426.0,442.0,407.0,388.0,468.0,458.0,410.0,529.0,575.0,611.0,308.0,698.0,509.0,575.0,471.0,553.0,562.0
4272,20250804,0,509.0,403.0,418.0,581.0,371.0,497.0,441.0,534.0,424.0,521.0,550.0,686.0,753.0,686.0,498.0,611.0,532.0,503.0,644.0
4273,20250417,0,479.0,342.0,408.0,306.0,327.0,329.0,382.0,563.0,453.0,468.0,622.0,674.0,980.0,700.0,453.0,610.0,586.0,582.0,642.0
4274,20250829,0,490.0,420.0,388.0,335.0,327.0,361.0,422.0,492.0,468.0,444.0,594.0,617.0,908.0,705.0,450.0,565.0,598.0,576.0,635.0
4275,20251016,0,498.0,365.0,300.0,311.0,339.0,302.0,384.0,445.0,501.0,430.0,612.0,663.0,955.0,702.0,469.0,465.0,610.0,508.0,658.0
4276,20250616,0,,,,,,,,,,,,,,,,,,,
4277,20250725,0,526.0,411.0,364.0,497.0,403.0,573.0,440.0,527.0,401.0,567.0,549.0,668.0,462.0,661.0,492.0,621.0,570.0,464.0,643.0
4278,20250531,0,506.0,389.0,356.0,491.0,351.0,441.0,416.0,438.0,510.0,507.0,573.0,672.0,726.0,686.0,479.0,537.0,603.0,487.0,637.0
4279,20250612,0,544.0,426.0,450.0,480.0,393.0,532.0,490.0,629.0,332.0,530.0,570.0,665.0,729.0,661.0,467.0,590.0,596.0,510.0,617.0
4280,20250822,0,510.0,412.0,400.0,527.0,376.0,474.0,437.0,532.0,388.0,499.0,554.0,686.0,794.0,679.0,494.0,574.0,578.0,509.0,633.0
4281,20250927,0,543.0,441.0,322.0,511.0,375.0,570.0,432.0,496.0,350.0,522.0,565.0,674.0,682.0,678.0,500.0,548.0,565.0,462.0,643.0
4282,20250617,0,529.0,419.0,439.0,467.0,395.0,404.0,444.0,450.0,435.0,508.0,562.0,532.0,940.0,692.0,448.0,569.0,658.0,596.0,647.0
4283,20251110,0,453.0,343.0,408.0,300.0,341.0,348.0,387.0,391.0,490.0,411.0,618.0,654.0,951.0,702.0,437.0,532.0,587.0,526.0,603.0
4284,20250409,0,537.0,410.0,451.0,599.0,431.0,488.0,464.0,500.0,363.0,525.0,549.0,658.0,787.0,669.0,476.0,635.0,603.0,568.0,633.0
4285,20251004,0,505.0,434.0,473.0,533.0,381.0,461.0,505.0,656.0,441.0,446.0,540.0,673.0,827.0,688.0,476.0,650.0,575.0,546.0,632.0
4286,20250919,0,518.0,380.0,446.0,617.0,372.0,431.0,451.0,583.0,416.0,465.0,548.0,670.0,807.0,682.0,456.0,669.0,608.0,490.0,645.0
4287,20250829,0,518.0,394.0,399.0,311.0,331.0,337.0,377.0,341.0,336.0,489.0,611.0,654.0,817.0,694.0,453.0,409.0,536.0,546.0,618.0
4288,20250803,0,548.0,455.0,457.0,523.0,393.0,406.0,490.0,645.0,424.0,541.0,559.0,612.0,685.0,692.0,507.0,689.0,581.0,568.0,635.0
4289,20250930,0,475.0,364.0,322.0,387.0,325.0,366.0,373.0,356.0,429.0,427.0,580.0,700.0,971.0,689.0,468.0,459.0,583.0,483.0,645.0
4290,20250405,0,525.0,418.0,354.0,376.0,362.0,440.0,414.0,650.0,398.0,527.0,588.0,665.0,543.0,683.0,484.0,610.0,579.0,507.0,627.0
4291,20250810,0,499.0,468.0,470.0,546.0,438.0,556.0,524.0,574.0,337.0,552.0,509.0,697.0,187.0,659.0,499.0,638.0,513.0,440.0,637.0
4292,20251020,0,509.0,455.0,491.0,567.0,419.0,532.0,481.0,743.0,413.0,474.0,544.0,671.0,153.0,682.0,513.0,628.0,469.0,479.0,560.0
4293,20251104,0,503.0,418.0,384.0,477.0,391.0,428.0,441.0,516.0,285.0,444.0,559.0,655.0,832.0,686.0,478.0,527.0,577.0,510.0,642.0
4294,20251109,0,530.0,425.0,526.0,500.0,384.0,486.0,474.0,665.0,337.0,514.0,560.0,677.0,702.0,668.0,480.0,601.0,589.0,511.0,659.0
4295,20250319,0,507.0,425.0,301.0,369.0,370.0,439.0,408.0,348.0,418.0,474.0,601.0,619.0,740.0,687.0,483.0,531.0,549.0,512.0,649.0
4296,20251029,0,487.0,421.0,387.0,491.0,354.0,427.0,447.0,460.0,476.0,458.0,572.0,659.0,733.0,690.0,516.0,585.0,554.0,477.0,595.0
4297,20250428,0,506.0,429.0,301.0,389.0,362.0,462.0,395.0,473.0,390.0,522.0,591.0,700.0,503.0,664.0,481.0,568.0,564.0,459.0,645.0
4298,20250311,0,533.0,410.0,516.0,484.0,371.0,424.0,448.0,513.0,372.0,519.0,579.0,681.0,715.0,670.0,482.0,613.0,594.0,514.0,654.0
4299,20250628,0,459.0,359.0,436.0,391.0,323.0,366.0,388.0,561.0,567.0,452.0,589.0,608.0,972.0,700.0,444.0,578.0,641.0,581.0,652.0
4300,20250904,0,505.0,433.0,441.0,397.0,337.0,459.0,428.0,485.0,365.0,501.0,593.0,680.0,672.0,677.0,473.0,662.0,518.0,501.0,641.0
4301,20251009,0,532.0,413.0,455.0,474.0,402.0,593.0,420.0,500.0,366.0,555.0,529.0,700.0,176.0,649.0,505.0,514.0,494.0,422.0,617.0
4302,20250727,0,487.0,409.0,439.0,392.0,358.0,361.0,440.0,528.0,511.0,499.0,585.0,626.0,975.0,708.0,440.0,607.0,663.0,601.0,660.0
4303,20250926,0,501.0,495.0,356.0,474.0,477.0,620.0,487.0,485.0,156.0,519.0,519.0,700.0,334.0,662.0,488.0,566.0,544.0,420.0,643.0
4304,20250428,0,518.0,377.0,388.0,450.0,361.0,440.0,435.0,506.0,443.0,537.0,590.0,658.0,670.0,674.0,475.0,598.0,599.0,499.0,637.0
4305,20251017,0,510.0,429.0,378.0,327.0,337.0,375.0,417.0,502.0,364.0,452.0,594.0,692.0,716.0,686.0,475.0,571.0,597.0,535.0,642.0
4306,20250921,0,516.0,449.0,491.0,525.0,391.0,442.0,483.0,643.0,592.0,530.0,527.0,630.0,465.0,678.0,465.0,637.0,601.0,545.0,621.0
4307,20250403,0,521.0,408.0,334.0,513.0,388.0,505.0,428.0,617.0,442.0,545.0,558.0,682.0,628.0,679.0,515.0,567.0,565.0,499.0,656.0
4308,20251103,0,507.0,389.0,388.0,324.0,342.0,302.0,409.0,443.0,432.0,420.0,607.0,662.0,966.0,706.0,457.0,612.0,559.0,558.0,590.0
4309,20251106,0,509.0,416.0,435.0,457.0,354.0,448.0,431.0,651.0,358.0,490.0,582.0,692.0,746.0,678.0,492.0,645.0,562.0,508.0,646.0
4310,20250911,0,539.0,447.0,385.0,511.0,390.0,466.0,484.0,573.0,462.0,534.0,568.0,619.0,608.0,686.0,494.0,660.0,603.0,549.0,647.0
4311,20250905,0,517.0,452.0,439.0,473.0,424.0,552.0,468.0,700.0,378.0,533.0,556.0,644.0,209.0,667.0,513.0,656.0,510.0,488.0,604.0
4312,20251112,0,477.0,398.0,334.0,503.0,316.0,415.0,376.0,251.0,460.0,453.0,565.0,700.0,927.0,689.0,457.0,511.0,595.0,520.0,609.0
4313,20250730,0,488.0,451.0,425.0,513.0,435.0,573.0,460.0,512.0,237.0,484.0,519.0,686.0,64.0,688.0,503.0,560.0,529.0,476.0,571.0
4314,20250321,0,527.0,408.0,457.0,525.0,403.0,522.0,457.0,734.0,445.0,525.0,546.0,662.0,453.0,665.0,500.0,659.0,538.0,486.0,659.0
4315,20251024,0,559.0,460.0,542.0,515.0,410.0,490.0,521.0,572.0,367.0,612.0,518.0,677.0,486.0,675.0,499.0,633.0,549.0,499.0,556.0
4316,20250429,0,487.0,348.0,324.0,304.0,316.0,306.0,373.0,410.0,468.0,422.0,616.0,679.0,959.0,706.0,469.0,475.0,628.0,478.0,643.0
4317,20251001,0,485.0,387.0,301.0,435.0,354.0,393.0,401.0,401.0,452.0,463.0,589.0,675.0,651.0,692.0,482.0,453.0,522.0,539.0,604.0
4318,20250716,0,528.0,446.0,357.0,511.0,364.0,509.0,431.0,531.0,382.0,542.0,555.0,688.0,712.0,670.0,498.0,579.0,576.0,505.0,642.0
4319,20250414,0,513.0,401.0,334.0,472.0,380.0,507.0,421.0,499.0,467.0,481.0,557.0,633.0,885.0,685.0,484.0,527.0,600.0,497.0,640.0
4320,20251107,0,550.0,402.0,448.0,579.0,392.0,526.0,448.0,643.0,429.0,530.0,549.0,690.0,787.0,654.0,496.0,605.0,599.0,510.0,646.0
4321,20250927,0,549.0,495.0,491.0,558.0,413.0,471.0,500.0,553.0,379.0,589.0,503.0,629.0,344.0,668.0,494.0,645.0,620.0,520.0,616.0
4322,20250522,0,515.0,437.0,503.0,541.0,426.0,424.0,479.0,602.0,573.0,498.0,546.0,596.0,567.0,683.0,449.0,661.0,551.0,531.0,578.0
4323,20250820,0,529.0,403.0,400.0,659.0,415.0,518.0,462.0,566.0,410.0,552.0,546.0,677.0,630.0,653.0,488.0,581.0,603.0,460.0,648.0
4324,20250301,0,508.0,398.0,457.0,571.0,385.0,430.0,449.0,497.0,426.0,491.0,569.0,623.0,676.0,690.0,476.0,612.0,578.0,480.0,645.0
4325,20250428,0,528.0,408.0,429.0,410.0,349.0,413.0,429.0,395.0,379.0,541.0,579.0,678.0,913.0,679.0,480.0,583.0,578.0,484.0,646.0
4326,20250308,0,518.0,418.0,393.0,515.0,383.0,571.0,427.0,482.0,402.0,526.0,560.0,691.0,468.0,674.0,496.0,581.0,584.0,453.0,646.0
4327,20250526,0,503.0,392.0,301.0,393.0,348.0,481.0,378.0,305.0,459.0,484.0,592.0,585.0,725.0,683.0,478.0,509.0,562.0,509.0,626.0
4328,20251002,0,483.0,391.0,301.0,428.0,326.0,434.0,392.0,401.0,451.0,487.0,589.0,700.0,641.0,684.0,481.0,464.0,583.0,457.0,643.0
4329,20250801,0,518.0,425.0,447.0,387.0,362.0,440.0,447.0,451.0,352.0,491.0,599.0,672.0,188.0,685.0,485.0,608.0,511.0,488.0,623.0
4330,20251001,0,504.0,430.0,412.0,471.0,349.0,399.0,454.0,474.0,242.0,503.0,574.0,700.0,833.0,681.0,474.0,582.0,599.0,487.0,645.0
4331,20250805,0,534.0,430.0,530.0,591.0,400.0,497.0,469.0,707.0,670.0,540.0,532.0,604.0,293.0,671.0,476.0,639.0,539.0,507.0,614.0
4332,20250505,0,522.0,422.0,496.0,565.0,402.0,482.0,463.0,737.0,400.0,519.0,555.0,637.0,490.0,684.0,480.0,687.0,651.0,524.0,628.0
4333,20251030,0,556.0,438.0,544.0,549.0,406.0,522.0,473.0,672.0,413.0,570.0,538.0,648.0,592.0,670.0,460.0,673.0,538.0,519.0,573.0
4334,20250914,0,537.0,401.0,473.0,500.0,373.0,446.0,452.0,504.0,534.0,568.0,534.0,655.0,772.0,675.0,467.0,592.0,589.0,499.0,649.0
4335,20250306,0,517.0,397.0,457.0,478.0,354.0,346.0,436.0,408.0,457.0,463.0,575.0,633.0,777.0,702.0,467.0,605.0,620.0,546.0,641.0
4336,20251113,0,479.0,382.0,429.0,443.0,326.0,361.0,411.0,366.0,479.0,436.0,586.0,694.0,915.0,697.0,485.0,545.0,545.0,535.0,589.0
4337,20250815,0,515.0,438.0,544.0,554.0,403.0,459.0,470.0,618.0,471.0,514.0,526.0,674.0,222.0,684.0,470.0,661.0,586.0,538.0,542.0
4338,20251027,0,538.0,385.0,334.0,406.0,345.0,470.0,429.0,404.0,355.0,552.0,576.0,681.0,744.0,666.0,478.0,497.0,536.0,500.0,637.0
4339,20251008,0,492.0,387.0,447.0,363.0,328.0,393.0,437.0,595.0,421.0,428.0,591.0,661.0,928.0,696.0,443.0,696.0,589.0,538.0,615.0
4340,20250426,0,547.0,457.0,457.0,571.0,421.0,558.0,487.0,625.0,339.0,541.0,526.0,679.0,775.0,657.0,506.0,632.0,619.0,495.0,651.0
4341,20250612,0,531.0,433.0,558.0,598.0,415.0,571.0,477.0,629.0,434.0,537.0,519.0,670.0,187.0,652.0,480.0,630.0,550.0,452.0,589.0
4342,20250410,0,509.0,403.0,321.0,484.0,370.0,506.0,406.0,399.0,336.0,520.0,571.0,700.0,759.0,677.0,478.0,527.0,501.0,458.0,645.0
4343,20250519,0,513.0,459.0,396.0,479.0,471.0,579.0,477.0,308.0,363.0,560.0,468.0,700.0,154.0,654.0,513.0,589.0,536.0,412.0,636.0
4344,20250317,0,529.0,424.0,537.0,542.0,419.0,434.0,476.0,702.0,542.0,583.0,531.0,594.0,850.0,668.0,465.0,622.0,594.0,550.0,635.0
4345,20251013,0,502.0,411.0,457.0,520.0,350.0,426.0,453.0,489.0,411.0,468.0,555.0,680.0,839.0,684.0,458.0,583.0,604.0,529.0,643.0
4346,20251009,0,501.0,413.0,447.0,327.0,361.0,337.0,408.0,416.0,365.0,457.0,603.0,659.0,935.0,703.0,460.0,617.0,502.0,547.0,567.0
4347,20251115,0,550.0,433.0,441.0,555.0,399.0,596.0,470.0,547.0,396.0,556.0,560.0,669.0,192.0,640.0,514.0,586.0,532.0,452.0,643.0
4348,20250615,0,533.0,414.0,330.0,442.0,379.0,520.0,422.0,390.0,404.0,547.0,588.0,691.0,239.0,657.0,492.0,613.0,616.0,499.0,649.0
4349,20250812,0,502.0,416.0,301.0,348.0,342.0,454.0,389.0,480.0,377.0,475.0,592.0,677.0,658.0,683.0,477.0,516.0,576.0,491.0,628.0
4350,20251230,0,536.0,459.0,411.0,478.0,392.0,544.0,461.0,687.0,301.0,529.0,556.0,696.0,435.0,668.0,498.0,597.0,578.0,478.0,642.0
4351,20251020,0,475.0,632.0,356.0,466.0,496.0,584.0,610.0,460.0,196.0,504.0,424.0,700.0,12.0,638.0,485.0,535.0,567.0,275.0,645.0
4352,20250327,0,530.0,350.0,436.0,300.0,333.0,300.0,392.0,587.0,507.0,454.0,617.0,627.0,992.0,724.0,448.0,543.0,627.0,602.0,628.0
4353,20251105,0,525.0,436.0,368.0,509.0,380.0,571.0,429.0,410.0,407.0,527.0,537.0,680.0,516.0,677.0,460.0,558.0,545.0,479.0,647.0
4354,20250409,0,563.0,482.0,396.0,483.0,457.0,594.0,459.0,447.0,238.0,588.0,505.0,649.0,355.0,660.0,552.0,598.0,595.0,487.0,636.0
4355,20250403,0,522.0,381.0,408.0,330.0,347.0,369.0,406.0,483.0,437.0,453.0,606.0,671.0,910.0,684.0,455.0,632.0,618.0,568.0,638.0
4356,20250304,0,489.0,397.0,424.0,383.0,416.0,361.0,420.0,549.0,469.0,414.0,590.0,565.0,978.0,716.0,437.0,607.0,629.0,627.0,593.0
4357,20250712,0,498.0,421.0,352.0,435.0,407.0,507.0,393.0,519.0,449.0,484.0,582.0,627.0,509.0,688.0,497.0,523.0,568.0,474.0,641.0
4358,20250421,0,496.0,358.0,436.0,320.0,342.0,357.0,408.0,472.0,640.0,433.0,594.0,610.0,977.0,702.0,430.0,545.0,659.0,593.0,640.0
4359,20251014,0,507.0,432.0,457.0,469.0,417.0,473.0,462.0,642.0,414.0,526.0,545.0,633.0,509.0,680.0,478.0,653.0,524.0,502.0,544.0
4360,20250910,0,507.0,389.0,405.0,413.0,349.0,388.0,417.0,466.0,432.0,427.0,582.0,681.0,842.0,686.0,465.0,568.0,568.0,514.0,637.0
4361,20250320,0,538.0,423.0,457.0,572.0,377.0,429.0,449.0,673.0,476.0,546.0,557.0,625.0,240.0,681.0,468.0,621.0,573.0,496.0,591.0
4362,20251003,0,510.0,407.0,364.0,513.0,374.0,519.0,441.0,433.0,440.0,528.0,563.0,693.0,761.0,671.0,494.0,565.0,550.0,451.0,645.0
4363,20250728,0,516.0,400.0,448.0,482.0,367.0,414.0,442.0,439.0,397.0,479.0,545.0,687.0,804.0,677.0,449.0,573.0,646.0,554.0,648.0
4364,20250315,0,529.0,395.0,370.0,486.0,370.0,515.0,439.0,619.0,467.0,550.0,575.0,647.0,612.0,674.0,493.0,634.0,571.0,488.0,650.0
4365,20250902,0,523.0,406.0,409.0,507.0,382.0,408.0,452.0,533.0,445.0,481.0,548.0,655.0,962.0,691.0,434.0,615.0,678.0,586.0,648.0
4366,20251107,0,529.0,406.0,491.0,589.0,383.0,489.0,474.0,605.0,346.0,527.0,544.0,674.0,588.0,677.0,486.0,602.0,580.0,499.0,641.0
4367,20250617,0,508.0,382.0,385.0,516.0,410.0,557.0,401.0,406.0,446.0,512.0,542.0,700.0,632.0,679.0,499.0,542.0,577.0,447.0,646.0
4368,20250416,0,502.0,382.0,382.0,401.0,349.0,426.0,389.0,353.0,478.0,471.0,581.0,676.0,814.0,682.0,485.0,518.0,615.0,498.0,647.0
4369,20250626,0,515.0,400.0,444.0,412.0,361.0,368.0,455.0,646.0,437.0,481.0,578.0,645.0,696.0,695.0,461.0,711.0,484.0,503.0,555.0
4370,20250901,0,536.0,383.0,343.0,388.0,323.0,364.0,421.0,507.0,495.0,519.0,590.0,695.0,964.0,683.0,484.0,517.0,591.0,523.0,645.0
4371,20250415,0,501.0,380.0,507.0,313.0,446.0,300.0,408.0,365.0,423.0,365.0,609.0,543.0,981.0,707.0,476.0,561.0,575.0,601.0,553.0
4372,20251031,0,,,,,,,,,,,,,,,,,,,
4373,20251027,0,545.0,437.0,490.0,490.0,421.0,437.0,502.0,587.0,616.0,550.0,546.0,604.0,566.0,685.0,504.0,604.0,385.0,578.0,522.0
4374,20250924,0,575.0,496.0,592.0,497.0,471.0,536.0,534.0,626.0,484.0,609.0,489.0,610.0,29.0,658.0,507.0,616.0,317.0,514.0,464.0
4375,20251108,0,507.0,410.0,301.0,306.0,382.0,414.0,402.0,392.0,334.0,472.0,621.0,700.0,767.0,687.0,459.0,456.0,597.0,568.0,628.0
4376,20251109,0,519.0,440.0,457.0,479.0,340.0,392.0,443.0,456.0,392.0,450.0,561.0,657.0,708.0,687.0,482.0,591.0,593.0,500.0,597.0
4377,20250818,0,510.0,372.0,448.0,525.0,330.0,397.0,437.0,653.0,526.0,499.0,562.0,675.0,890.0,679.0,473.0,603.0,589.0,506.0,646.0
4378,20250921,0,540.0,388.0,393.0,516.0,382.0,498.0,441.0,513.0,437.0,483.0,570.0,633.0,776.0,679.0,468.0,568.0,567.0,518.0,635.0
4379,20251031,0,526.0,415.0,418.0,479.0,360.0,487.0,453.0,502.0,377.0,515.0,551.0,686.0,689.0,673.0,487.0,574.0,594.0,484.0,645.0
4380,20250531,0,532.0,471.0,350.0,478.0,443.0,576.0,467.0,454.0,178.0,519.0,554.0,668.0,301.0,673.0,516.0,579.0,575.0,505.0,615.0
4381,20250601,0,478.0,395.0,363.0,316.0,366.0,357.0,386.0,305.0,313.0,443.0,630.0,700.0,699.0,688.0,475.0,478.0,550.0,552.0,589.0
4382,20250915,0,509.0,431.0,364.0,447.0,369.0,496.0,421.0,465.0,385.0,520.0,577.0,700.0,441.0,676.0,483.0,567.0,504.0,485.0,621.0
4383,20250916,0,528.0,441.0,463.0,491.0,394.0,445.0,495.0,698.0,318.0,506.0,542.0,689.0,704.0,677.0,474.0,654.0,598.0,526.0,593.0
4384,20251022,0,561.0,451.0,432.0,512.0,435.0,489.0,480.0,475.0,399.0,556.0,553.0,594.0,58.0,698.0,515.0,547.0,483.0,504.0,555.0
4385,20250608,0,524.0,384.0,331.0,373.0,348.0,408.0,415.0,555.0,435.0,467.0,599.0,674.0,765.0,682.0,481.0,575.0,568.0,474.0,578.0
4386,20250424,0,505.0,438.0,490.0,416.0,383.0,344.0,439.0,518.0,574.0,447.0,578.0,598.0,881.0,701.0,466.0,658.0,563.0,582.0,605.0
4387,20250813,0,508.0,409.0,357.0,332.0,355.0,494.0,408.0,606.0,403.0,481.0,595.0,687.0,574.0,682.0,477.0,575.0,569.0,464.0,637.0
4388,20250612,0,495.0,435.0,496.0,458.0,404.0,397.0,461.0,449.0,432.0,457.0,568.0,580.0,955.0,693.0,452.0,633.0,615.0,635.0,627.0
4389,20250530,0,530.0,377.0,429.0,457.0,333.0,407.0,433.0,378.0,446.0,508.0,580.0,670.0,892.0,679.0,470.0,581.0,604.0,493.0,645.0
4390,20250703,0,496.0,376.0,395.0,372.0,334.0,348.0,395.0,380.0,522.0,449.0,603.0,683.0,953.0,688.0,477.0,552.0,609.0,549.0,651.0
4391,20251104,0,502.0,415.0,457.0,441.0,358.0,394.0,434.0,545.0,355.0,469.0,575.0,655.0,387.0,698.0,501.0,603.0,594.0,605.0,592.0
4392,20250907,0,522.0,391.0,389.0,394.0,318.0,375.0,398.0,361.0,415.0,495.0,579.0,675.0,972.0,689.0,452.0,538.0,610.0,556.0,647.0
4393,20251018,0,495.0,398.0,457.0,451.0,352.0,366.0,443.0,619.0,475.0,433.0,573.0,642.0,769.0,697.0,482.0,658.0,529.0,540.0,532.0
4394,20250313,0,515.0,413.0,353.0,348.0,360.0,422.0,439.0,557.0,417.0,472.0,602.0,672.0,768.0,686.0,506.0,629.0,573.0,512.0,635.0
4395,20251206,0,479.0,360.0,399.0,356.0,337.0,357.0,376.0,394.0,480.0,439.0,608.0,700.0,820.0,694.0,464.0,515.0,568.0,512.0,613.0
4396,20250505,0,518.0,410.0,406.0,441.0,344.0,405.0,448.0,534.0,398.0,511.0,580.0,660.0,664.0,689.0,483.0,613.0,606.0,531.0,651.0
4397,20250918,0,528.0,410.0,334.0,444.0,381.0,496.0,422.0,501.0,458.0,501.0,575.0,683.0,660.0,674.0,490.0,601.0,562.0,447.0,642.0
4398,20250414,0,520.0,520.0,356.0,476.0,501.0,635.0,522.0,616.0,349.0,513.0,512.0,677.0,133.0,640.0,495.0,567.0,529.0,400.0,640.0
4399,20251021,0,511.0,426.0,487.0,565.0,368.0,495.0,449.0,537.0,438.0,509.0,557.0,692.0,817.0,677.0,489.0,622.0,584.0,505.0,627.0
4400,20250804,0,510.0,441.0,418.0,537.0,402.0,534.0,450.0,545.0,367.0,510.0,558.0,667.0,560.0,674.0,511.0,583.0,492.0,474.0,523.0
4401,20250814,0,541.0,483.0,530.0,531.0,397.0,429.0,492.0,313.0,348.0,504.0,532.0,624.0,958.0,691.0,455.0,654.0,570.0,600.0,607.0
4402,20250311,0,528.0,382.0,357.0,506.0,538.0,545.0,434.0,422.0,542.0,506.0,566.0,457.0,300.0,667.0,511.0,547.0,560.0,452.0,645.0
4403,20251112,0,526.0,439.0,448.0,423.0,378.0,368.0,481.0,577.0,359.0,536.0,575.0,672.0,732.0,695.0,501.0,584.0,589.0,560.0,617.0
4404,20251007,0,508.0,460.0,443.0,533.0,353.0,460.0,469.0,603.0,584.0,501.0,529.0,670.0,539.0,677.0,479.0,636.0,542.0,510.0,611.0
4405,20250705,0,521.0,391.0,436.0,313.0,319.0,317.0,420.0,529.0,555.0,503.0,607.0,657.0,958.0,707.0,441.0,595.0,640.0,600.0,651.0
4406,20250619,0,530.0,438.0,560.0,606.0,453.0,507.0,461.0,750.0,593.0,550.0,544.0,572.0,202.0,655.0,510.0,613.0,563.0,544.0,617.0
4407,20251113,0,475.0,398.0,301.0,316.0,346.0,372.0,370.0,506.0,457.0,423.0,609.0,686.0,439.0,698.0,470.0,499.0,479.0,466.0,554.0
4408,20250616,0,511.0,396.0,433.0,458.0,352.0,407.0,471.0,482.0,409.0,530.0,581.0,678.0,839.0,685.0,474.0,609.0,592.0,518.0,648.0
4409,20251029,0,507.0,425.0,322.0,401.0,343.0,451.0,413.0,361.0,396.0,478.0,577.0,700.0,781.0,683.0,470.0,567.0,583.0,522.0,628.0
4410,20251001,0,542.0,404.0,370.0,468.0,458.0,546.0,455.0,551.0,383.0,516.0,554.0,614.0,587.0,684.0,495.0,582.0,556.0,482.0,613.0
4411,20251105,0,523.0,447.0,478.0,495.0,387.0,458.0,453.0,425.0,267.0,549.0,566.0,609.0,736.0,693.0,490.0,571.0,547.0,522.0,583.0
4412,20250428,0,527.0,416.0,548.0,616.0,457.0,509.0,466.0,514.0,455.0,552.0,527.0,593.0,116.0,670.0,479.0,595.0,611.0,511.0,610.0
4413,20250722,0,507.0,418.0,421.0,523.0,394.0,529.0,466.0,667.0,346.0,507.0,541.0,669.0,736.0,681.0,488.0,714.0,560.0,444.0,644.0
4414,20250321,0,534.0,416.0,491.0,537.0,423.0,463.0,472.0,597.0,459.0,541.0,524.0,628.0,614.0,664.0,445.0,608.0,527.0,472.0,595.0
4415,20251002,0,522.0,419.0,439.0,392.0,334.0,353.0,454.0,677.0,490.0,467.0,580.0,661.0,818.0,698.0,481.0,656.0,459.0,534.0,570.0
4416,20250827,0,535.0,414.0,439.0,547.0,380.0,437.0,461.0,538.0,437.0,537.0,553.0,604.0,734.0,679.0,480.0,618.0,561.0,496.0,640.0
4417,20250723,0,517.0,376.0,417.0,330.0,348.0,387.0,385.0,440.0,462.0,423.0,601.0,627.0,847.0,701.0,445.0,536.0,574.0,587.0,596.0
4418,20250324,0,526.0,384.0,456.0,403.0,341.0,376.0,414.0,502.0,451.0,480.0,585.0,660.0,971.0,695.0,459.0,615.0,631.0,576.0,613.0
4419,20250803,0,526.0,386.0,430.0,592.0,394.0,480.0,456.0,610.0,439.0,550.0,551.0,684.0,718.0,675.0,491.0,582.0,554.0,477.0,642.0
4420,20250731,0,529.0,443.0,457.0,545.0,379.0,466.0,470.0,346.0,350.0,522.0,549.0,628.0,729.0,679.0,486.0,606.0,600.0,502.0,660.0
4421,20250428,0,543.0,429.0,612.0,506.0,400.0,488.0,491.0,694.0,498.0,565.0,536.0,628.0,396.0,657.0,481.0,624.0,469.0,462.0,501.0
4422,20250710,0,551.0,445.0,537.0,544.0,401.0,507.0,521.0,557.0,281.0,573.0,522.0,676.0,273.0,656.0,490.0,622.0,613.0,556.0,628.0
4423,20250829,0,520.0,457.0,530.0,520.0,395.0,420.0,476.0,677.0,666.0,506.0,537.0,607.0,791.0,693.0,448.0,638.0,576.0,559.0,635.0
4424,20251030,0,540.0,426.0,491.0,485.0,470.0,476.0,474.0,722.0,451.0,561.0,535.0,596.0,182.0,681.0,484.0,680.0,395.0,547.0,508.0
4425,20250326,0,541.0,461.0,496.0,550.0,410.0,486.0,479.0,752.0,676.0,502.0,560.0,587.0,264.0,690.0,481.0,648.0,527.0,564.0,568.0
4426,20250528,0,523.0,429.0,334.0,516.0,400.0,547.0,443.0,472.0,367.0,512.0,548.0,689.0,465.0,680.0,487.0,572.0,577.0,473.0,649.0
4427,20251104,0,492.0,411.0,393.0,458.0,366.0,472.0,403.0,364.0,404.0,454.0,570.0,700.0,870.0,691.0,482.0,547.0,620.0,506.0,638.0
4428,20250524,0,505.0,385.0,448.0,512.0,347.0,391.0,443.0,690.0,460.0,447.0,574.0,680.0,574.0,690.0,492.0,682.0,606.0,538.0,644.0
4429,20250724,0,445.0,399.0,436.0,397.0,335.0,344.0,421.0,322.0,362.0,404.0,589.0,647.0,987.0,719.0,426.0,601.0,640.0,586.0,642.0
4430,20250824,0,,,,,,,,,,,,,,,,,,,
4431,20251027,0,505.0,355.0,411.0,311.0,343.0,321.0,385.0,394.0,505.0,469.0,613.0,664.0,885.0,701.0,489.0,550.0,410.0,542.0,529.0
4432,20251029,0,513.0,401.0,301.0,328.0,334.0,366.0,418.0,364.0,395.0,438.0,597.0,672.0,917.0,697.0,452.0,521.0,654.0,583.0,647.0
4433,20250922,0,527.0,397.0,457.0,461.0,335.0,441.0,441.0,402.0,386.0,527.0,567.0,665.0,827.0,683.0,452.0,585.0,578.0,555.0,650.0
4434,20250609,0,496.0,436.0,491.0,514.0,397.0,394.0,483.0,440.0,456.0,466.0,535.0,636.0,978.0,706.0,444.0,620.0,599.0,564.0,622.0
4435,20250314,0,536.0,485.0,491.0,542.0,442.0,453.0,475.0,769.0,422.0,544.0,535.0,564.0,701.0,681.0,502.0,685.0,554.0,472.0,612.0
4436,20250922,0,512.0,411.0,352.0,519.0,378.0,524.0,429.0,483.0,415.0,491.0,555.0,670.0,768.0,683.0,482.0,565.0,618.0,469.0,645.0
4437,20250523,0,535.0,392.0,457.0,582.0,346.0,447.0,469.0,563.0,443.0,539.0,567.0,660.0,369.0,678.0,486.0,643.0,583.0,517.0,629.0
4438,20251006,0,492.0,410.0,379.0,435.0,337.0,440.0,427.0,499.0,387.0,474.0,590.0,687.0,856.0,683.0,490.0,588.0,579.0,486.0,647.0
4439,20251109,0,521.0,411.0,432.0,476.0,344.0,437.0,481.0,595.0,364.0,466.0,565.0,674.0,829.0,684.0,479.0,632.0,552.0,542.0,607.0
4440,20250403,0,490.0,408.0,368.0,514.0,404.0,524.0,428.0,373.0,410.0,475.0,532.0,661.0,704.0,691.0,494.0,529.0,502.0,435.0,522.0
4441,20250513,0,531.0,397.0,356.0,466.0,398.0,561.0,422.0,375.0,322.0,538.0,519.0,638.0,430.0,667.0,486.0,547.0,548.0,481.0,661.0
4442,20250630,0,524.0,405.0,397.0,443.0,358.0,481.0,397.0,411.0,461.0,542.0,577.0,689.0,598.0,665.0,490.0,548.0,557.0,500.0,651.0
4443,20250512,0,511.0,384.0,436.0,384.0,332.0,344.0,411.0,387.0,422.0,488.0,589.0,621.0,969.0,705.0,430.0,545.0,602.0,593.0,599.0
4444,20250502,0,545.0,407.0,457.0,519.0,387.0,417.0,459.0,658.0,596.0,552.0,546.0,581.0,855.0,675.0,470.0,597.0,618.0,537.0,647.0
4445,20250609,0,530.0,390.0,432.0,476.0,393.0,537.0,437.0,645.0,467.0,498.0,544.0,671.0,800.0,663.0,484.0,594.0,563.0,467.0,646.0
4446,20251029,0,488.0,345.0,301.0,315.0,313.0,314.0,369.0,369.0,513.0,464.0,637.0,658.0,874.0,691.0,473.0,473.0,588.0,481.0,650.0
4447,20250817,0,472.0,370.0,378.0,316.0,343.0,310.0,395.0,334.0,259.0,434.0,605.0,692.0,940.0,698.0,493.0,474.0,573.0,504.0,617.0
4448,20250821,0,509.0,403.0,343.0,355.0,318.0,346.0,425.0,458.0,352.0,494.0,591.0,665.0,973.0,690.0,491.0,498.0,590.0,510.0,648.0
4449,20250512,0,526.0,448.0,418.0,318.0,345.0,379.0,426.0,363.0,387.0,485.0,595.0,639.0,945.0,700.0,436.0,533.0,594.0,573.0,633.0
4450,20250707,0,479.0,375.0,465.0,314.0,353.0,363.0,415.0,411.0,428.0,419.0,599.0,682.0,942.0,707.0,443.0,613.0,609.0,590.0,614.0
4451,20250816,0,521.0,389.0,448.0,433.0,327.0,371.0,450.0,499.0,470.0,451.0,576.0,682.0,922.0,694.0,449.0,608.0,578.0,552.0,635.0
4452,20251004,0,514.0,382.0,448.0,423.0,318.0,354.0,438.0,555.0,533.0,475.0,576.0,683.0,947.0,688.0,451.0,625.0,587.0,554.0,650.0
4453,20250929,0,485.0,397.0,436.0,384.0,347.0,344.0,383.0,505.0,559.0,428.0,590.0,625.0,943.0,725.0,452.0,634.0,607.0,597.0,615.0
4454,20250313,0,514.0,395.0,305.0,373.0,348.0,431.0,388.0,434.0,440.0,543.0,601.0,663.0,483.0,677.0,473.0,524.0,611.0,529.0,653.0
4455,20250319,0,502.0,385.0,457.0,447.0,371.0,397.0,428.0,434.0,515.0,484.0,569.0,631.0,926.0,697.0,468.0,534.0,620.0,553.0,633.0
4456,20250715,0,481.0,383.0,351.0,315.0,364.0,322.0,379.0,535.0,641.0,446.0,612.0,612.0,858.0,689.0,455.0,563.0,617.0,560.0,605.0
4457,20250710,0,507.0,392.0,394.0,471.0,365.0,492.0,444.0,496.0,383.0,475.0,561.0,681.0,909.0,682.0,467.0,562.0,605.0,472.0,645.0
4458,20251007,0,483.0,381.0,301.0,328.0,342.0,402.0,376.0,389.0,364.0,451.0,599.0,669.0,847.0,692.0,476.0,458.0,567.0,473.0,602.0
4459,20250429,0,540.0,422.0,491.0,475.0,398.0,465.0,471.0,585.0,529.0,550.0,520.0,624.0,715.0,671.0,446.0,602.0,587.0,526.0,640.0
4460,20251021,0,465.0,423.0,475.0,327.0,370.0,344.0,439.0,559.0,426.0,503.0,596.0,624.0,992.0,713.0,490.0,664.0,600.0,635.0,605.0
4461,20251106,0,536.0,434.0,491.0,481.0,371.0,463.0,485.0,736.0,471.0,524.0,534.0,679.0,642.0,665.0,481.0,610.0,579.0,539.0,650.0
4462,20250820,0,529.0,413.0,505.0,466.0,342.0,376.0,460.0,634.0,364.0,506.0,573.0,678.0,573.0,675.0,473.0,643.0,566.0,556.0,593.0
4463,20251004,0,505.0,393.0,428.0,571.0,374.0,532.0,444.0,599.0,414.0,530.0,569.0,700.0,422.0,669.0,482.0,583.0,562.0,450.0,645.0
4464,20250911,0,527.0,373.0,423.0,308.0,322.0,318.0,418.0,397.0,436.0,496.0,617.0,666.0,987.0,693.0,454.0,580.0,605.0,587.0,612.0
4465,20250308,0,532.0,428.0,549.0,492.0,425.0,581.0,459.0,598.0,402.0,550.0,560.0,656.0,101.0,659.0,493.0,624.0,562.0,466.0,596.0
4466,20250615,0,541.0,410.0,530.0,648.0,431.0,516.0,483.0,635.0,599.0,572.0,513.0,622.0,452.0,667.0,494.0,645.0,531.0,474.0,606.0
4467,20250428,0,505.0,404.0,349.0,327.0,333.0,405.0,390.0,357.0,456.0,492.0,594.0,625.0,846.0,688.0,479.0,475.0,577.0,464.0,619.0
4468,20250722,0,,,,,,,,,,,,,,,,,,,
4469,20250410,0,456.0,396.0,496.0,400.0,387.0,374.0,436.0,495.0,615.0,445.0,579.0,550.0,977.0,713.0,444.0,542.0,553.0,612.0,577.0
4470,20251005,0,504.0,344.0,301.0,307.0,330.0,330.0,361.0,373.0,458.0,448.0,611.0,655.0,971.0,691.0,465.0,490.0,603.0,544.0,653.0
4471,20250524,0,566.0,477.0,439.0,473.0,571.0,499.0,481.0,484.0,175.0,569.0,541.0,490.0,378.0,680.0,535.0,500.0,573.0,493.0,614.0
4472,20251113,0,521.0,429.0,489.0,525.0,379.0,547.0,481.0,618.0,311.0,553.0,529.0,695.0,791.0,666.0,492.0,596.0,572.0,439.0,643.0
4473,20250708,0,535.0,468.0,457.0,531.0,413.0,484.0,486.0,708.0,546.0,551.0,546.0,610.0,181.0,664.0,488.0,640.0,510.0,471.0,533.0
4474,20250330,0,484.0,385.0,331.0,438.0,366.0,457.0,379.0,340.0,449.0,472.0,588.0,700.0,801.0,691.0,481.0,509.0,576.0,518.0,641.0
4475,20251111,0,511.0,423.0,498.0,405.0,344.0,366.0,451.0,625.0,519.0,501.0,586.0,685.0,811.0,688.0,463.0,626.0,573.0,505.0,618.0
4476,20250824,0,533.0,417.0,491.0,520.0,359.0,405.0,445.0,735.0,570.0,503.0,545.0,674.0,529.0,692.0,481.0,631.0,612.0,541.0,634.0
4477,20250703,0,488.0,397.0,342.0,348.0,312.0,352.0,395.0,300.0,337.0,442.0,591.0,671.0,915.0,703.0,476.0,478.0,598.0,519.0,621.0
4478,20250527,0,497.0,403.0,391.0,440.0,370.0,464.0,390.0,467.0,413.0,475.0,586.0,659.0,504.0,692.0,477.0,554.0,535.0,533.0,582.0
4479,20250712,0,537.0,397.0,448.0,493.0,397.0,559.0,479.0,446.0,247.0,534.0,553.0,679.0,591.0,670.0,493.0,608.0,551.0,494.0,619.0
4480,20251111,0,510.0,384.0,418.0,303.0,309.0,313.0,398.0,418.0,426.0,457.0,615.0,663.0,978.0,698.0,456.0,539.0,592.0,598.0,621.0
4481,20250614,0,,,,,,,,,,,,,,,,,,,
4482,20251016,0,529.0,424.0,439.0,506.0,374.0,532.0,502.0,556.0,306.0,527.0,552.0,668.0,598.0,668.0,502.0,583.0,560.0,465.0,640.0
4483,20251015,0,552.0,428.0,563.0,538.0,422.0,492.0,477.0,678.0,542.0,596.0,523.0,603.0,25.0,675.0,524.0,658.0,356.0,537.0,473.0
4484,20250722,0,538.0,447.0,457.0,460.0,364.0,385.0,461.0,643.0,531.0,543.0,573.0,631.0,814.0,682.0,464.0,601.0,613.0,563.0,636.0
4485,20250528,0,513.0,395.0,322.0,438.0,406.0,506.0,404.0,516.0,447.0,522.0,586.0,633.0,543.0,664.0,497.0,535.0,530.0,484.0,654.0
4486,20250312,0,524.0,403.0,441.0,506.0,359.0,433.0,437.0,555.0,451.0,514.0,573.0,662.0,848.0,670.0,476.0,576.0,587.0,461.0,645.0
4487,20250524,0,511.0,355.0,301.0,309.0,316.0,332.0,363.0,411.0,564.0,451.0,625.0,636.0,872.0,693.0,450.0,507.0,565.0,537.0,616.0
4488,20251107,0,490.0,393.0,361.0,320.0,336.0,361.0,402.0,476.0,426.0,441.0,595.0,679.0,973.0,695.0,453.0,489.0,543.0,593.0,545.0
4489,20250514,0,501.0,373.0,354.0,316.0,336.0,346.0,399.0,261.0,491.0,452.0,600.0,647.0,949.0,705.0,440.0,503.0,660.0,607.0,655.0
4490,20250314,0,511.0,412.0,457.0,444.0,362.0,446.0,468.0,539.0,436.0,467.0,568.0,623.0,924.0,682.0,454.0,586.0,599.0,534.0,630.0
4491,20250827,0,516.0,399.0,369.0,515.0,359.0,544.0,431.0,532.0,438.0,548.0,562.0,700.0,542.0,666.0,471.0,605.0,576.0,451.0,651.0
4492,20250430,0,515.0,416.0,322.0,460.0,367.0,473.0,393.0,409.0,260.0,510.0,565.0,700.0,858.0,681.0,465.0,493.0,587.0,530.0,640.0
4493,20250328,0,565.0,443.0,397.0,535.0,434.0,605.0,486.0,644.0,352.0,524.0,520.0,648.0,112.0,674.0,523.0,624.0,478.0,416.0,564.0
4494,20251015,0,518.0,400.0,364.0,491.0,357.0,463.0,425.0,488.0,442.0,504.0,573.0,700.0,485.0,676.0,471.0,577.0,544.0,465.0,536.0
4495,20251006,0,491.0,431.0,300.0,346.0,322.0,416.0,410.0,405.0,247.0,454.0,591.0,700.0,908.0,694.0,442.0,453.0,613.0,549.0,637.0
4496,20250427,0,564.0,424.0,505.0,471.0,489.0,465.0,476.0,349.0,494.0,541.0,535.0,527.0,148.0,689.0,534.0,525.0,463.0,539.0,526.0
4497,20251101,0,512.0,398.0,382.0,516.0,378.0,559.0,447.0,444.0,432.0,530.0,552.0,688.0,637.0,675.0,494.0,566.0,562.0,484.0,645.0
4498,20250905,0,511.0,409.0,417.0,561.0,406.0,551.0,426.0,485.0,394.0,527.0,548.0,700.0,644.0,664.0,491.0,625.0,581.0,456.0,646.0
4499,20250405,0,503.0,405.0,376.0,506.0,362.0,415.0,432.0,591.0,449.0,488.0,574.0,661.0,714.0,690.0,484.0,650.0,557.0,481.0,636.0
4500,20250909,0,547.0,458.0,519.0,643.0,465.0,545.0,472.0,770.0,586.0,550.0,532.0,602.0,125.0,674.0,506.0,675.0,543.0,490.0,557.0
4501,20251110,0,506.0,452.0,496.0,456.0,363.0,349.0,458.0,422.0,439.0,491.0,573.0,632.0,777.0,701.0,464.0,625.0,522.0,552.0,547.0
4502,20250427,0,511.0,401.0,352.0,487.0,367.0,466.0,401.0,464.0,329.0,527.0,573.0,700.0,678.0,677.0,476.0,527.0,541.0,457.0,642.0
4503,20250902,0,491.0,384.0,301.0,315.0,308.0,332.0,377.0,331.0,331.0,445.0,628.0,685.0,896.0,686.0,452.0,425.0,633.0,541.0,666.0
4504,20251119,0,508.0,417.0,457.0,579.0,347.0,386.0,461.0,711.0,416.0,460.0,573.0,692.0,832.0,687.0,474.0,656.0,603.0,475.0,643.0
4505,20251102,0,464.0,381.0,301.0,300.0,344.0,330.0,362.0,370.0,352.0,406.0,624.0,700.0,877.0,703.0,441.0,328.0,584.0,609.0,644.0
4506,20250822,0,,,,,,,,,,,,,,,,,,,
4507,20251003,0,517.0,438.0,387.0,487.0,355.0,446.0,446.0,480.0,399.0,498.0,554.0,700.0,926.0,678.0,460.0,589.0,583.0,513.0,625.0
4508,20250623,0,559.0,516.0,546.0,646.0,463.0,575.0,505.0,769.0,414.0,570.0,513.0,613.0,70.0,660.0,498.0,666.0,514.0,490.0,601.0
4509,20251018,0,506.0,412.0,457.0,446.0,350.0,384.0,428.0,468.0,479.0,449.0,570.0,616.0,857.0,697.0,447.0,588.0,527.0,534.0,546.0
4510,20250907,0,522.0,406.0,352.0,498.0,384.0,573.0,417.0,442.0,436.0,535.0,570.0,687.0,634.0,674.0,497.0,562.0,551.0,450.0,645.0
4511,20250611,0,508.0,411.0,444.0,492.0,379.0,510.0,461.0,515.0,324.0,530.0,572.0,681.0,628.0,667.0,491.0,633.0,530.0,471.0,640.0
4512,20250612,0,508.0,406.0,510.0,420.0,333.0,374.0,461.0,489.0,405.0,485.0,577.0,671.0,838.0,702.0,438.0,612.0,546.0,495.0,612.0
4513,20250901,0,504.0,434.0,512.0,532.0,391.0,425.0,460.0,622.0,425.0,468.0,542.0,651.0,521.0,686.0,477.0,624.0,563.0,526.0,615.0
4514,20250715,0,524.0,385.0,402.0,335.0,349.0,380.0,414.0,455.0,320.0,488.0,595.0,700.0,921.0,682.0,448.0,528.0,596.0,536.0,620.0
4515,20250403,0,518.0,392.0,441.0,441.0,342.0,360.0,457.0,418.0,364.0,519.0,576.0,679.0,930.0,682.0,499.0,639.0,581.0,472.0,629.0
4516,20250725,0,557.0,480.0,560.0,553.0,432.0,574.0,527.0,625.0,398.0,613.0,518.0,634.0,292.0,640.0,478.0,694.0,554.0,480.0,594.0
4517,20251011,0,467.0,359.0,372.0,311.0,338.0,317.0,368.0,434.0,431.0,435.0,610.0,694.0,934.0,701.0,457.0,568.0,643.0,579.0,639.0
4518,20250629,0,518.0,425.0,413.0,483.0,405.0,546.0,464.0,536.0,357.0,506.0,555.0,681.0,98.0,678.0,524.0,609.0,483.0,446.0,518.0
4519,20250504,0,492.0,389.0,322.0,442.0,348.0,423.0,385.0,364.0,502.0,484.0,580.0,642.0,775.0,686.0,478.0,472.0,597.0,486.0,645.0
4520,20250419,0,487.0,404.0,421.0,397.0,345.0,407.0,418.0,348.0,460.0,452.0,579.0,681.0,724.0,686.0,500.0,573.0,450.0,416.0,475.0
4521,20250815,0,530.0,408.0,482.0,541.0,366.0,430.0,461.0,582.0,389.0,499.0,545.0,678.0,884.0,674.0,474.0,615.0,601.0,512.0,650.0
4522,20250831,0,495.0,415.0,432.0,579.0,389.0,469.0,452.0,402.0,445.0,487.0,532.0,670.0,617.0,683.0,481.0,595.0,563.0,482.0,636.0
4523,20250528,0,554.0,425.0,472.0,537.0,448.0,548.0,477.0,643.0,457.0,589.0,545.0,625.0,17.0,664.0,523.0,670.0,569.0,509.0,627.0
4524,20250604,0,531.0,396.0,406.0,471.0,374.0,482.0,429.0,508.0,457.0,502.0,566.0,663.0,740.0,681.0,449.0,610.0,632.0,506.0,649.0
4525,20250305,0,493.0,418.0,356.0,470.0,409.0,551.0,427.0,385.0,392.0,508.0,544.0,700.0,394.0,659.0,486.0,538.0,517.0,434.0,635.0
4526,20250619,0,571.0,463.0,530.0,636.0,439.0,526.0,522.0,717.0,469.0,578.0,521.0,622.0,69.0,652.0,480.0,663.0,342.0,509.0,456.0
4527,20250902,0,530.0,430.0,519.0,630.0,431.0,492.0,469.0,630.0,506.0,545.0,540.0,653.0,339.0,674.0,490.0,641.0,541.0,503.0,603.0
4528,20251015,0,550.0,419.0,482.0,518.0,354.0,425.0,466.0,710.0,432.0,554.0,534.0,681.0,866.0,673.0,490.0,632.0,586.0,528.0,641.0
4529,20250529,0,517.0,439.0,491.0,509.0,427.0,452.0,460.0,712.0,573.0,522.0,543.0,582.0,437.0,676.0,478.0,623.0,577.0,543.0,594.0
4530,20250420,0,477.0,377.0,507.0,324.0,413.0,344.0,441.0,289.0,449.0,420.0,596.0,541.0,904.0,724.0,461.0,580.0,596.0,619.0,596.0
4531,20250520,0,541.0,469.0,496.0,526.0,421.0,406.0,453.0,587.0,561.0,485.0,554.0,594.0,842.0,695.0,458.0,641.0,638.0,522.0,571.0
4532,20250321,0,507.0,407.0,496.0,603.0,361.0,383.0,447.0,633.0,751.0,491.0,565.0,541.0,826.0,704.0,458.0,624.0,543.0,542.0,593.0
4533,20251008,0,466.0,395.0,496.0,495.0,403.0,457.0,448.0,501.0,467.0,389.0,546.0,682.0,897.0,704.0,447.0,600.0,602.0,545.0,599.0
4534,20250924,0,510.0,435.0,465.0,409.0,361.0,418.0,465.0,763.0,417.0,487.0,589.0,673.0,647.0,698.0,464.0,704.0,431.0,474.0,502.0
4535,20250530,0,513.0,616.0,379.0,466.0,457.0,617.0,593.0,516.0,323.0,585.0,423.0,700.0,11.0,632.0,499.0,578.0,523.0,397.0,633.0
4536,20250919,0,503.0,491.0,321.0,532.0,382.0,593.0,493.0,567.0,381.0,500.0,575.0,678.0,542.0,659.0,494.0,591.0,505.0,436.0,636.0
4537,20250923,0,508.0,409.0,393.0,321.0,340.0,361.0,432.0,269.0,409.0,441.0,595.0,642.0,867.0,692.0,454.0,558.0,584.0,564.0,602.0
4538,20250610,0,513.0,477.0,451.0,591.0,409.0,478.0,505.0,692.0,599.0,538.0,547.0,638.0,571.0,675.0,451.0,678.0,540.0,560.0,624.0
4539,20250913,0,495.0,435.0,387.0,426.0,358.0,386.0,427.0,466.0,447.0,439.0,575.0,669.0,668.0,696.0,476.0,568.0,492.0,526.0,552.0
4540,20250908,0,515.0,396.0,405.0,527.0,386.0,541.0,452.0,692.0,424.0,542.0,565.0,693.0,567.0,669.0,502.0,634.0,546.0,415.0,560.0
4541,20250930,0,512.0,392.0,373.0,457.0,368.0,507.0,424.0,453.0,328.0,480.0,570.0,690.0,708.0,678.0,490.0,481.0,592.0,477.0,632.0
4542,20251024,0,528.0,405.0,482.0,478.0,361.0,410.0,468.0,483.0,394.0,473.0,545.0,676.0,740.0,685.0,482.0,613.0,596.0,556.0,654.0
4543,20251031,0,512.0,399.0,322.0,464.0,382.0,536.0,431.0,670.0,409.0,483.0,576.0,663.0,509.0,687.0,513.0,629.0,492.0,458.0,580.0
4544,20250707,0,514.0,464.0,487.0,487.0,473.0,586.0,487.0,760.0,376.0,488.0,549.0,691.0,298.0,682.0,492.0,602.0,543.0,517.0,609.0
4545,20250721,0,505.0,366.0,378.0,327.0,319.0,366.0,420.0,405.0,439.0,453.0,597.0,666.0,932.0,693.0,470.0,549.0,597.0,530.0,627.0
4546,20250707,0,509.0,417.0,434.0,519.0,376.0,575.0,384.0,340.0,412.0,495.0,549.0,700.0,367.0,685.0,472.0,521.0,553.0,488.0,638.0
4547,20251104,0,512.0,404.0,327.0,513.0,359.0,504.0,419.0,431.0,369.0,503.0,564.0,679.0,574.0,678.0,483.0,533.0,594.0,486.0,621.0
4548,20251118,0,532.0,398.0,436.0,303.0,352.0,303.0,427.0,630.0,590.0,536.0,605.0,646.0,958.0,711.0,458.0,612.0,628.0,551.0,630.0
4549,20250708,0,520.0,420.0,484.0,494.0,406.0,523.0,471.0,505.0,317.0,548.0,530.0,700.0,802.0,668.0,474.0,597.0,594.0,491.0,646.0
4550,20251001,0,496.0,416.0,372.0,383.0,329.0,383.0,438.0,467.0,379.0,466.0,603.0,667.0,860.0,687.0,460.0,570.0,594.0,528.0,610.0
4551,20251020,0,505.0,390.0,516.0,442.0,327.0,383.0,444.0,631.0,410.0,484.0,576.0,676.0,802.0,687.0,485.0,665.0,578.0,531.0,622.0
4552,20250709,0,568.0,432.0,443.0,594.0,438.0,507.0,489.0,499.0,424.0,555.0,496.0,590.0,516.0,661.0,473.0,624.0,578.0,522.0,637.0
4553,20251105,0,494.0,354.0,301.0,300.0,327.0,340.0,352.0,390.0,433.0,435.0,623.0,663.0,872.0,694.0,459.0,428.0,626.0,584.0,638.0
4554,20251101,0,529.0,437.0,363.0,463.0,361.0,494.0,464.0,482.0,235.0,502.0,574.0,691.0,632.0,675.0,500.0,550.0,595.0,501.0,642.0
4555,20251111,0,500.0,429.0,444.0,493.0,377.0,451.0,455.0,539.0,388.0,515.0,581.0,652.0,502.0,691.0,492.0,626.0,524.0,486.0,597.0
4556,20250722,0,514.0,427.0,457.0,434.0,333.0,354.0,463.0,614.0,399.0,451.0,578.0,664.0,575.0,707.0,480.0,680.0,594.0,540.0,616.0
4557,20250927,0,511.0,415.0,322.0,438.0,341.0,476.0,389.0,454.0,397.0,517.0,587.0,700.0,798.0,681.0,483.0,569.0,582.0,466.0,646.0
4558,20250708,0,537.0,436.0,356.0,521.0,456.0,571.0,434.0,469.0,353.0,587.0,544.0,647.0,393.0,665.0,512.0,557.0,569.0,455.0,645.0
4559,20250901,0,508.0,385.0,322.0,498.0,369.0,483.0,419.0,705.0,516.0,516.0,568.0,662.0,662.0,692.0,487.0,595.0,578.0,511.0,604.0
4560,20251105,0,517.0,413.0,426.0,346.0,325.0,347.0,421.0,588.0,445.0,480.0,601.0,655.0,849.0,688.0,462.0,624.0,597.0,572.0,634.0
4561,20251005,0,495.0,431.0,409.0,389.0,357.0,478.0,440.0,521.0,339.0,456.0,584.0,690.0,698.0,686.0,469.0,552.0,579.0,537.0,619.0
4562,20251108,0,524.0,430.0,370.0,478.0,385.0,531.0,411.0,500.0,354.0,502.0,549.0,700.0,858.0,674.0,483.0,531.0,544.0,502.0,646.0
4563,20250901,0,508.0,418.0,322.0,403.0,328.0,468.0,425.0,509.0,357.0,502.0,578.0,687.0,837.0,678.0,491.0,521.0,568.0,443.0,639.0
4564,20251001,0,522.0,425.0,364.0,503.0,371.0,547.0,432.0,471.0,355.0,532.0,568.0,688.0,576.0,668.0,489.0,533.0,571.0,471.0,649.0
4565,20250717,0,562.0,447.0,432.0,515.0,406.0,472.0,454.0,470.0,416.0,568.0,560.0,646.0,402.0,693.0,511.0,599.0,487.0,509.0,537.0
4566,20250721,0,518.0,392.0,364.0,496.0,371.0,460.0,429.0,400.0,403.0,497.0,562.0,700.0,638.0,679.0,463.0,581.0,553.0,486.0,590.0
4567,20251103,0,487.0,401.0,346.0,495.0,326.0,451.0,409.0,336.0,339.0,488.0,570.0,700.0,897.0,693.0,481.0,475.0,598.0,484.0,643.0
4568,20251030,0,503.0,332.0,413.0,342.0,331.0,354.0,401.0,343.0,536.0,434.0,591.0,686.0,950.0,703.0,441.0,514.0,614.0,525.0,658.0
4569,20251029,0,487.0,459.0,429.0,398.0,321.0,357.0,450.0,441.0,342.0,442.0,582.0,670.0,858.0,699.0,487.0,601.0,597.0,514.0,622.0
4570,20250915,0,583.0,433.0,551.0,598.0,461.0,585.0,505.0,604.0,413.0,617.0,500.0,630.0,53.0,678.0,508.0,615.0,531.0,512.0,590.0
4571,20250414,0,519.0,407.0,466.0,486.0,435.0,566.0,476.0,574.0,404.0,556.0,514.0,640.0,266.0,667.0,500.0,624.0,601.0,513.0,612.0
4572,20251108,0,486.0,348.0,301.0,355.0,360.0,391.0,371.0,438.0,569.0,453.0,605.0,668.0,740.0,697.0,475.0,567.0,601.0,493.0,627.0
4573,20250423,0,511.0,414.0,491.0,502.0,394.0,435.0,445.0,579.0,725.0,499.0,543.0,577.0,735.0,690.0,466.0,628.0,569.0,544.0,610.0
4574,20250424,0,533.0,453.0,439.0,521.0,463.0,613.0,488.0,639.0,437.0,573.0,546.0,645.0,348.0,635.0,500.0,658.0,525.0,436.0,635.0
4575,20251015,0,514.0,429.0,516.0,518.0,383.0,470.0,515.0,720.0,378.0,540.0,566.0,661.0,823.0,680.0,491.0,639.0,591.0,511.0,614.0
4576,20250807,0,511.0,389.0,409.0,527.0,346.0,460.0,453.0,366.0,442.0,475.0,566.0,651.0,807.0,684.0,472.0,523.0,562.0,527.0,607.0
4577,20250930,0,497.0,402.0,367.0,325.0,321.0,379.0,404.0,262.0,404.0,432.0,594.0,692.0,922.0,700.0,449.0,519.0,632.0,569.0,635.0
4578,20250510,0,536.0,416.0,448.0,542.0,378.0,540.0,447.0,444.0,364.0,538.0,569.0,691.0,670.0,648.0,492.0,592.0,565.0,473.0,626.0
4579,20251028,0,487.0,409.0,373.0,321.0,325.0,378.0,407.0,429.0,398.0,453.0,596.0,677.0,883.0,688.0,477.0,544.0,564.0,540.0,643.0
4580,20251015,0,532.0,368.0,360.0,322.0,321.0,363.0,386.0,474.0,447.0,500.0,597.0,678.0,955.0,695.0,442.0,544.0,650.0,578.0,631.0
4581,20250617,0,511.0,436.0,491.0,616.0,379.0,425.0,463.0,672.0,498.0,493.0,533.0,649.0,732.0,690.0,493.0,617.0,583.0,511.0,607.0
4582,20251003,0,503.0,389.0,498.0,620.0,349.0,465.0,447.0,477.0,414.0,499.0,562.0,680.0,336.0,678.0,497.0,568.0,503.0,446.0,572.0
4583,20250608,0,551.0,437.0,484.0,629.0,372.0,447.0,513.0,580.0,415.0,517.0,538.0,607.0,912.0,696.0,472.0,640.0,639.0,588.0,647.0
4584,20250425,0,,,,,,,,,,,,,,,,,,,
4585,20250527,0,515.0,412.0,457.0,509.0,369.0,449.0,457.0,664.0,416.0,559.0,571.0,630.0,351.0,670.0,475.0,652.0,571.0,486.0,612.0
4586,20250507,0,462.0,332.0,312.0,300.0,341.0,300.0,341.0,253.0,492.0,316.0,621.0,664.0,992.0,725.0,421.0,447.0,640.0,609.0,638.0
4587,20250312,0,486.0,427.0,496.0,402.0,394.0,396.0,445.0,627.0,664.0,463.0,580.0,598.0,586.0,695.0,448.0,639.0,515.0,597.0,594.0
4588,20251003,0,525.0,407.0,393.0,586.0,368.0,522.0,462.0,549.0,355.0,521.0,552.0,684.0,584.0,668.0,498.0,626.0,613.0,483.0,646.0
4589,20250817,0,532.0,429.0,364.0,521.0,424.0,564.0,477.0,593.0,410.0,536.0,554.0,691.0,316.0,663.0,485.0,578.0,615.0,498.0,656.0
4590,20250625,0,537.0,447.0,457.0,524.0,357.0,424.0,467.0,658.0,666.0,545.0,557.0,644.0,330.0,681.0,466.0,624.0,593.0,531.0,645.0
4591,20250905,0,508.0,362.0,313.0,326.0,314.0,339.0,382.0,306.0,490.0,433.0,601.0,679.0,981.0,690.0,450.0,524.0,645.0,575.0,631.0
4592,20250815,0,511.0,423.0,402.0,478.0,419.0,571.0,443.0,441.0,360.0,529.0,553.0,689.0,64.0,672.0,490.0,581.0,475.0,501.0,606.0
4593,20251027,0,503.0,393.0,322.0,439.0,358.0,439.0,427.0,415.0,462.0,497.0,582.0,694.0,659.0,679.0,476.0,584.0,531.0,454.0,614.0
4594,20250827,0,499.0,425.0,413.0,529.0,425.0,476.0,451.0,562.0,292.0,501.0,548.0,694.0,750.0,684.0,495.0,656.0,588.0,447.0,639.0
4595,20250905,0,550.0,440.0,323.0,349.0,329.0,389.0,454.0,330.0,426.0,599.0,592.0,608.0,577.0,681.0,499.0,522.0,594.0,542.0,616.0
4596,20250624,0,513.0,395.0,426.0,443.0,400.0,389.0,457.0,399.0,483.0,479.0,574.0,532.0,683.0,688.0,484.0,520.0,491.0,580.0,577.0
4597,20251026,0,529.0,458.0,441.0,520.0,415.0,499.0,487.0,669.0,243.0,535.0,547.0,693.0,750.0,664.0,479.0,645.0,582.0,518.0,625.0
4598,20250328,0,521.0,430.0,423.0,480.0,400.0,480.0,456.0,361.0,325.0,517.0,539.0,700.0,791.0,673.0,466.0,564.0,587.0,548.0,641.0
4599,20250709,0,500.0,396.0,475.0,454.0,343.0,361.0,446.0,442.0,417.0,471.0,592.0,663.0,812.0,708.0,460.0,611.0,491.0,553.0,531.0
4600,20251013,0,533.0,390.0,400.0,300.0,342.0,348.0,399.0,410.0,464.0,452.0,605.0,690.0,444.0,692.0,478.0,525.0,602.0,545.0,580.0
4601,20251102,0,498.0,375.0,342.0,369.0,315.0,374.0,385.0,351.0,369.0,464.0,596.0,700.0,947.0,691.0,468.0,476.0,584.0,488.0,644.0
4602,20250820,0,528.0,406.0,423.0,342.0,342.0,376.0,411.0,400.0,428.0,517.0,593.0,682.0,837.0,689.0,445.0,547.0,582.0,526.0,642.0
4603,20250920,0,496.0,409.0,322.0,492.0,354.0,463.0,381.0,421.0,449.0,470.0,569.0,700.0,829.0,685.0,476.0,528.0,572.0,460.0,643.0
4604,20250430,0,522.0,411.0,396.0,520.0,385.0,597.0,417.0,359.0,467.0,557.0,524.0,700.0,674.0,657.0,492.0,535.0,553.0,442.0,646.0
4605,20250712,0,515.0,394.0,448.0,481.0,319.0,408.0,448.0,503.0,394.0,463.0,565.0,686.0,890.0,682.0,481.0,621.0,608.0,511.0,643.0
4606,20250612,0,511.0,423.0,530.0,555.0,397.0,425.0,481.0,547.0,446.0,471.0,533.0,623.0,570.0,689.0,479.0,633.0,493.0,510.0,606.0
4607,20251007,0,529.0,441.0,491.0,524.0,352.0,409.0,463.0,612.0,552.0,524.0,535.0,653.0,615.0,672.0,461.0,606.0,591.0,545.0,650.0
4608,20250828,0,521.0,424.0,350.0,519.0,379.0,592.0,411.0,384.0,372.0,522.0,553.0,687.0,627.0,679.0,494.0,533.0,604.0,458.0,651.0
4609,20251107,0,512.0,420.0,457.0,482.0,347.0,349.0,449.0,693.0,357.0,482.0,573.0,672.0,643.0,686.0,495.0,673.0,589.0,504.0,623.0
4610,20250602,0,496.0,391.0,390.0,331.0,365.0,414.0,412.0,518.0,452.0,475.0,594.0,686.0,497.0,684.0,499.0,612.0,532.0,447.0,544.0
4611,20251024,0,529.0,401.0,475.0,309.0,362.0,300.0,414.0,642.0,531.0,517.0,617.0,637.0,980.0,718.0,464.0,631.0,610.0,577.0,610.0
4612,20250626,0,520.0,412.0,438.0,470.0,374.0,415.0,450.0,588.0,548.0,530.0,571.0,651.0,755.0,679.0,479.0,601.0,585.0,526.0,612.0
4613,20250915,0,510.0,388.0,375.0,476.0,347.0,412.0,440.0,602.0,493.0,486.0,562.0,657.0,888.0,686.0,450.0,644.0,607.0,555.0,637.0
4614,20250318,0,491.0,402.0,457.0,440.0,385.0,344.0,421.0,574.0,717.0,463.0,574.0,535.0,809.0,704.0,448.0,606.0,603.0,587.0,629.0
4615,20250418,0,535.0,420.0,457.0,528.0,349.0,420.0,467.0,430.0,432.0,538.0,558.0,602.0,738.0,679.0,474.0,617.0,567.0,535.0,614.0
4616,20250816,0,516.0,425.0,301.0,438.0,357.0,448.0,407.0,547.0,431.0,508.0,590.0,646.0,695.0,681.0,484.0,545.0,562.0,491.0,617.0
4617,20251030,0,524.0,406.0,370.0,443.0,379.0,536.0,411.0,628.0,406.0,530.0,579.0,700.0,568.0,661.0,489.0,618.0,519.0,478.0,591.0
4618,20250519,0,505.0,393.0,322.0,499.0,354.0,526.0,417.0,479.0,359.0,509.0,567.0,700.0,666.0,680.0,488.0,506.0,605.0,527.0,622.0
4619,20250822,0,542.0,418.0,364.0,515.0,389.0,515.0,483.0,655.0,419.0,573.0,552.0,652.0,716.0,673.0,502.0,598.0,494.0,474.0,639.0
4620,20250502,0,513.0,409.0,370.0,466.0,389.0,505.0,400.0,492.0,316.0,487.0,562.0,700.0,881.0,677.0,475.0,467.0,632.0,548.0,648.0
4621,20250611,0,516.0,374.0,510.0,503.0,389.0,485.0,453.0,526.0,460.0,482.0,561.0,645.0,722.0,676.0,470.0,569.0,509.0,465.0,560.0
4622,20250428,0,526.0,439.0,363.0,557.0,399.0,583.0,417.0,570.0,437.0,562.0,557.0,678.0,375.0,655.0,494.0,641.0,546.0,441.0,646.0
4623,20250807,0,509.0,399.0,300.0,331.0,353.0,398.0,399.0,370.0,436.0,481.0,601.0,700.0,865.0,678.0,453.0,467.0,521.0,511.0,630.0
4624,20250602,0,539.0,402.0,301.0,320.0,368.0,359.0,405.0,272.0,429.0,478.0,599.0,605.0,956.0,682.0,449.0,378.0,607.0,553.0,630.0
4625,20250525,0,508.0,398.0,334.0,474.0,346.0,440.0,423.0,476.0,411.0,471.0,559.0,684.0,846.0,693.0,483.0,544.0,567.0,478.0,646.0
4626,20250817,0,508.0,361.0,301.0,311.0,308.0,332.0,371.0,472.0,464.0,461.0,607.0,687.0,939.0,690.0,454.0,542.0,589.0,517.0,647.0
4627,20250913,0,485.0,383.0,436.0,347.0,351.0,344.0,413.0,291.0,444.0,418.0,593.0,610.0,991.0,725.0,426.0,540.0,669.0,598.0,645.0
4628,20250826,0,526.0,387.0,446.0,524.0,391.0,553.0,453.0,475.0,489.0,552.0,562.0,635.0,474.0,676.0,479.0,577.0,497.0,428.0,575.0
4629,20251102,0,522.0,384.0,418.0,323.0,333.0,353.0,408.0,455.0,446.0,440.0,596.0,661.0,654.0,695.0,450.0,583.0,631.0,580.0,649.0
4630,20251028,0,471.0,391.0,448.0,438.0,328.0,365.0,438.0,417.0,411.0,421.0,571.0,693.0,954.0,699.0,451.0,581.0,638.0,558.0,639.0
4631,20250920,0,546.0,414.0,449.0,489.0,432.0,563.0,447.0,554.0,332.0,525.0,560.0,682.0,578.0,669.0,504.0,598.0,570.0,462.0,543.0
4632,20250407,0,520.0,399.0,334.0,477.0,392.0,480.0,419.0,351.0,423.0,534.0,545.0,619.0,885.0,682.0,487.0,492.0,582.0,522.0,655.0
4633,20250526,0,525.0,448.0,463.0,529.0,439.0,558.0,488.0,604.0,378.0,526.0,562.0,688.0,341.0,658.0,496.0,623.0,610.0,491.0,644.0
4634,20250504,0,513.0,389.0,352.0,464.0,378.0,549.0,410.0,475.0,472.0,503.0,568.0,700.0,535.0,672.0,488.0,509.0,543.0,421.0,645.0
4635,20251020,0,491.0,375.0,331.0,311.0,328.0,322.0,380.0,530.0,520.0,441.0,618.0,679.0,885.0,693.0,470.0,574.0,526.0,544.0,592.0
4636,20250430,0,493.0,392.0,322.0,504.0,324.0,400.0,388.0,303.0,456.0,464.0,562.0,700.0,924.0,692.0,461.0,490.0,591.0,485.0,646.0
4637,20251019,0,551.0,446.0,583.0,622.0,402.0,522.0,496.0,672.0,534.0,553.0,506.0,671.0,462.0,673.0,498.0,608.0,541.0,514.0,581.0
4638,20250908,0,487.0,390.0,334.0,497.0,362.0,471.0,432.0,360.0,424.0,460.0,568.0,700.0,836.0,684.0,472.0,499.0,572.0,468.0,646.0
4639,20250720,0,526.0,401.0,452.0,496.0,363.0,461.0,446.0,562.0,391.0,485.0,559.0,690.0,751.0,678.0,453.0,630.0,606.0,549.0,575.0
4640,20250521,0,524.0,396.0,457.0,468.0,354.0,415.0,447.0,524.0,481.0,476.0,555.0,653.0,907.0,684.0,429.0,590.0,602.0,572.0,651.0
4641,20250428,0,507.0,420.0,350.0,502.0,365.0,579.0,412.0,430.0,347.0,521.0,567.0,700.0,296.0,666.0,490.0,566.0,527.0,490.0,606.0
4642,20250623,0,523.0,429.0,448.0,528.0,364.0,469.0,473.0,600.0,301.0,506.0,567.0,670.0,795.0,677.0,485.0,633.0,622.0,523.0,654.0
4643,20251005,0,479.0,390.0,417.0,411.0,316.0,363.0,412.0,447.0,442.0,445.0,576.0,693.0,936.0,693.0,445.0,522.0,599.0,524.0,651.0
4644,20251011,0,543.0,560.0,551.0,550.0,508.0,665.0,581.0,718.0,140.0,562.0,488.0,700.0,48.0,640.0,531.0,644.0,477.0,453.0,586.0
4645,20250922,0,473.0,388.0,400.0,448.0,335.0,357.0,423.0,568.0,447.0,443.0,584.0,680.0,847.0,688.0,466.0,642.0,542.0,481.0,600.0
4646,20250322,0,,,,,,,,,,,,,,,,,,,
4647,20250911,0,510.0,396.0,491.0,481.0,379.0,409.0,426.0,322.0,417.0,445.0,541.0,642.0,896.0,703.0,430.0,593.0,631.0,584.0,614.0
4648,20250728,0,525.0,473.0,510.0,626.0,418.0,461.0,467.0,742.0,564.0,557.0,548.0,600.0,603.0,677.0,483.0,669.0,543.0,515.0,609.0
4649,20250805,0,498.0,446.0,457.0,520.0,364.0,395.0,463.0,562.0,534.0,481.0,547.0,667.0,889.0,688.0,432.0,611.0,567.0,557.0,631.0
4650,20251026,0,535.0,440.0,491.0,508.0,394.0,532.0,475.0,682.0,492.0,524.0,520.0,677.0,759.0,670.0,482.0,612.0,621.0,495.0,646.0
4651,20250905,0,534.0,463.0,457.0,507.0,379.0,406.0,461.0,575.0,529.0,545.0,548.0,611.0,588.0,679.0,473.0,615.0,647.0,560.0,649.0
4652,20250522,0,519.0,413.0,422.0,460.0,335.0,385.0,468.0,566.0,389.0,473.0,572.0,664.0,856.0,691.0,429.0,679.0,630.0,563.0,637.0
4653,20250626,0,534.0,404.0,560.0,528.0,397.0,478.0,482.0,539.0,416.0,537.0,531.0,661.0,616.0,673.0,486.0,606.0,588.0,538.0,642.0
4654,20250904,0,491.0,413.0,356.0,480.0,405.0,573.0,412.0,509.0,413.0,498.0,527.0,672.0,201.0,692.0,514.0,550.0,524.0,513.0,583.0
4655,20250907,0,,,,,,,,,,,,,,,,,,,
4656,20250924,0,503.0,444.0,491.0,580.0,415.0,563.0,467.0,702.0,431.0,534.0,542.0,695.0,49.0,676.0,500.0,641.0,561.0,440.0,547.0
4657,20250527,0,495.0,406.0,457.0,503.0,351.0,380.0,434.0,481.0,578.0,485.0,564.0,622.0,878.0,696.0,446.0,617.0,588.0,539.0,635.0
4658,20250919,0,487.0,398.0,341.0,320.0,346.0,335.0,393.0,567.0,462.0,443.0,606.0,684.0,596.0,688.0,504.0,625.0,595.0,505.0,605.0
4659,20250308,0,506.0,421.0,457.0,501.0,362.0,408.0,429.0,696.0,557.0,490.0,564.0,644.0,930.0,692.0,432.0,628.0,516.0,538.0,527.0
4660,20250502,0,510.0,385.0,301.0,393.0,383.0,448.0,415.0,424.0,570.0,521.0,593.0,585.0,740.0,688.0,503.0,495.0,579.0,463.0,645.0
4661,20250304,0,483.0,447.0,496.0,626.0,426.0,420.0,480.0,595.0,503.0,485.0,548.0,597.0,267.0,687.0,488.0,668.0,443.0,508.0,543.0
4662,20250322,0,541.0,401.0,322.0,506.0,370.0,544.0,403.0,440.0,537.0,508.0,566.0,575.0,527.0,668.0,505.0,522.0,542.0,470.0,645.0
4663,20251023,0,509.0,457.0,409.0,483.0,368.0,438.0,485.0,442.0,385.0,474.0,551.0,664.0,579.0,687.0,479.0,566.0,566.0,539.0,601.0
4664,20250703,0,529.0,321.0,426.0,314.0,350.0,317.0,383.0,335.0,342.0,464.0,608.0,675.0,944.0,697.0,441.0,485.0,597.0,596.0,627.0
4665,20250702,0,537.0,413.0,439.0,404.0,344.0,344.0,452.0,474.0,416.0,491.0,585.0,667.0,884.0,703.0,456.0,589.0,600.0,541.0,600.0
4666,20250304,0,496.0,424.0,463.0,304.0,379.0,300.0,400.0,476.0,496.0,451.0,624.0,577.0,975.0,710.0,448.0,543.0,562.0,595.0,550.0
4667,20250928,0,518.0,409.0,441.0,415.0,356.0,434.0,467.0,509.0,376.0,473.0,576.0,684.0,935.0,682.0,461.0,608.0,603.0,564.0,639.0
4668,20251016,0,466.0,383.0,384.0,371.0,324.0,334.0,394.0,390.0,517.0,430.0,603.0,695.0,949.0,704.0,467.0,561.0,548.0,544.0,582.0
4669,20250908,0,508.0,408.0,423.0,545.0,411.0,564.0,449.0,696.0,328.0,487.0,556.0,691.0,353.0,682.0,501.0,648.0,477.0,460.0,535.0
4670,20250405,0,501.0,440.0,478.0,509.0,415.0,439.0,475.0,603.0,583.0,504.0,571.0,606.0,361.0,685.0,493.0,640.0,378.0,502.0,490.0
4671,20251112,0,519.0,374.0,384.0,307.0,320.0,340.0,370.0,544.0,472.0,435.0,616.0,700.0,947.0,691.0,443.0,565.0,628.0,591.0,645.0
4672,20250915,0,525.0,386.0,300.0,316.0,357.0,380.0,379.0,371.0,335.0,482.0,604.0,659.0,904.0,680.0,484.0,420.0,587.0,537.0,638.0
4673,20251108,0,507.0,396.0,301.0,360.0,353.0,394.0,383.0,460.0,460.0,485.0,605.0,657.0,725.0,681.0,481.0,502.0,590.0,494.0,636.0
4674,20251009,0,503.0,356.0,413.0,309.0,307.0,300.0,384.0,273.0,412.0,431.0,612.0,683.0,837.0,711.0,455.0,520.0,621.0,601.0,648.0
4675,20251113,0,486.0,409.0,300.0,356.0,340.0,388.0,377.0,457.0,464.0,447.0,625.0,665.0,718.0,693.0,480.0,553.0,486.0,447.0,510.0
4676,20250925,0,513.0,401.0,448.0,390.0,331.0,363.0,420.0,626.0,443.0,420.0,583.0,692.0,948.0,696.0,441.0,607.0,644.0,586.0,631.0
4677,20251002,0,486.0,400.0,312.0,385.0,320.0,376.0,389.0,428.0,420.0,456.0,590.0,700.0,892.0,691.0,454.0,531.0,606.0,544.0,645.0
4678,20250716,0,529.0,400.0,457.0,471.0,344.0,397.0,461.0,613.0,534.0,487.0,565.0,619.0,736.0,689.0,462.0,595.0,616.0,608.0,628.0
4679,20251028,0,,,,,,,,,,,,,,,,,,,
4680,20250508,0,495.0,432.0,471.0,481.0,475.0,418.0,461.0,360.0,491.0,474.0,557.0,429.0,800.0,695.0,488.0,585.0,586.0,570.0,625.0
4681,20251105,0,513.0,385.0,457.0,545.0,326.0,354.0,438.0,412.0,493.0,426.0,575.0,679.0,934.0,699.0,478.0,581.0,620.0,520.0,662.0
4682,20250801,0,507.0,361.0,365.0,356.0,340.0,331.0,394.0,369.0,541.0,453.0,610.0,675.0,926.0,688.0,458.0,535.0,618.0,536.0,646.0
4683,20251230,0,527.0,442.0,519.0,601.0,405.0,560.0,463.0,751.0,387.0,540.0,531.0,693.0,415.0,648.0,498.0,620.0,544.0,443.0,597.0
4684,20251009,0,523.0,459.0,367.0,520.0,342.0,421.0,451.0,448.0,336.0,539.0,590.0,664.0,357.0,679.0,488.0,617.0,535.0,497.0,638.0
4685,20251014,0,494.0,367.0,354.0,311.0,313.0,310.0,410.0,495.0,414.0,437.0,606.0,688.0,963.0,700.0,451.0,595.0,568.0,543.0,595.0
4686,20250423,0,494.0,365.0,301.0,316.0,328.0,314.0,372.0,343.0,434.0,456.0,610.0,646.0,951.0,696.0,483.0,402.0,575.0,526.0,663.0
4687,20250529,0,510.0,395.0,342.0,377.0,350.0,371.0,401.0,322.0,380.0,469.0,590.0,658.0,978.0,713.0,435.0,493.0,653.0,603.0,651.0
4688,20251019,0,502.0,397.0,379.0,396.0,334.0,380.0,411.0,474.0,351.0,454.0,589.0,694.0,852.0,691.0,475.0,597.0,612.0,553.0,653.0
4689,20251014,0,552.0,429.0,496.0,536.0,404.0,480.0,473.0,784.0,564.0,527.0,565.0,628.0,158.0,680.0,485.0,654.0,304.0,543.0,498.0
4690,20250502,0,518.0,407.0,379.0,458.0,331.0,407.0,425.0,390.0,316.0,507.0,576.0,667.0,557.0,690.0,508.0,522.0,561.0,514.0,617.0
4691,20250704,0,465.0,346.0,312.0,303.0,317.0,300.0,374.0,395.0,479.0,442.0,613.0,680.0,989.0,715.0,457.0,469.0,665.0,599.0,661.0
4692,20251101,0,501.0,405.0,474.0,504.0,362.0,487.0,453.0,498.0,372.0,488.0,577.0,686.0,661.0,686.0,483.0,595.0,571.0,468.0,586.0
4693,20250529,0,508.0,394.0,385.0,395.0,349.0,374.0,440.0,455.0,474.0,444.0,583.0,618.0,858.0,689.0,458.0,563.0,564.0,544.0,614.0
4694,20251110,0,523.0,394.0,516.0,465.0,350.0,402.0,452.0,567.0,435.0,518.0,565.0,679.0,726.0,673.0,474.0,627.0,575.0,497.0,636.0
4695,20250502,0,535.0,463.0,668.0,553.0,455.0,529.0,516.0,667.0,617.0,532.0,487.0,598.0,500.0,659.0,499.0,640.0,616.0,470.0,619.0
4696,20250907,0,522.0,413.0,346.0,481.0,371.0,563.0,416.0,315.0,347.0,535.0,559.0,668.0,677.0,660.0,493.0,514.0,572.0,433.0,640.0
4697,20250320,0,512.0,349.0,436.0,303.0,332.0,329.0,402.0,610.0,513.0,417.0,604.0,656.0,928.0,707.0,453.0,615.0,635.0,583.0,641.0
4698,20250315,0,545.0,406.0,364.0,485.0,392.0,532.0,410.0,638.0,425.0,458.0,559.0,667.0,893.0,682.0,485.0,559.0,692.0,651.0,680.0
4699,20250425,0,539.0,466.0,490.0,529.0,434.0,456.0,485.0,555.0,544.0,573.0,533.0,575.0,762.0,667.0,468.0,653.0,621.0,592.0,637.0
4700,20250702,0,503.0,391.0,457.0,507.0,381.0,430.0,408.0,513.0,545.0,463.0,548.0,634.0,911.0,699.0,450.0,608.0,480.0,548.0,562.0
4701,20251029,0,506.0,402.0,378.0,440.0,342.0,409.0,419.0,374.0,403.0,490.0,590.0,700.0,855.0,681.0,478.0,576.0,571.0,495.0,617.0
4702,20250909,0,510.0,364.0,312.0,312.0,340.0,314.0,376.0,450.0,494.0,444.0,618.0,682.0,887.0,690.0,477.0,516.0,591.0,530.0,643.0
4703,20251111,0,500.0,423.0,457.0,503.0,365.0,410.0,444.0,696.0,389.0,407.0,549.0,657.0,830.0,696.0,440.0,641.0,638.0,568.0,636.0
4704,20250728,0,518.0,419.0,368.0,475.0,394.0,563.0,437.0,260.0,307.0,533.0,520.0,700.0,514.0,668.0,480.0,532.0,565.0,461.0,622.0
4705,20251015,0,550.0,477.0,491.0,491.0,437.0,543.0,511.0,791.0,529.0,605.0,527.0,659.0,300.0,649.0,489.0,637.0,581.0,515.0,576.0
4706,20250311,0,494.0,415.0,370.0,442.0,390.0,421.0,435.0,488.0,463.0,473.0,581.0,656.0,577.0,686.0,499.0,570.0,563.0,494.0,594.0
4707,20250415,0,551.0,415.0,301.0,316.0,371.0,354.0,402.0,359.0,517.0,539.0,596.0,629.0,948.0,699.0,512.0,441.0,625.0,589.0,641.0
4708,20251012,0,519.0,411.0,429.0,473.0,353.0,513.0,448.0,330.0,382.0,520.0,566.0,700.0,857.0,661.0,449.0,600.0,579.0,507.0,640.0
4709,20251112,0,514.0,410.0,322.0,493.0,358.0,512.0,401.0,481.0,455.0,528.0,571.0,675.0,572.0,678.0,493.0,504.0,555.0,482.0,645.0
4710,20250703,0,523.0,406.0,441.0,411.0,322.0,366.0,445.0,443.0,424.0,475.0,577.0,671.0,912.0,696.0,438.0,612.0,678.0,585.0,655.0
4711,20251001,0,593.0,508.0,523.0,545.0,411.0,492.0,518.0,802.0,468.0,560.0,504.0,670.0,684.0,669.0,490.0,680.0,534.0,572.0,604.0
4712,20251102,0,,,,,,,,,,,,,,,,,,,
4713,20251021,0,434.0,370.0,423.0,304.0,317.0,300.0,398.0,448.0,464.0,331.0,628.0,622.0,992.0,734.0,440.0,539.0,623.0,601.0,624.0
4714,20251101,0,494.0,396.0,457.0,494.0,330.0,382.0,444.0,554.0,496.0,428.0,566.0,666.0,857.0,695.0,450.0,635.0,633.0,532.0,624.0
4715,20250413,0,503.0,337.0,358.0,310.0,317.0,300.0,349.0,348.0,538.0,415.0,616.0,613.0,974.0,705.0,424.0,426.0,641.0,566.0,658.0
4716,20250319,0,524.0,371.0,301.0,311.0,358.0,318.0,392.0,512.0,533.0,488.0,613.0,621.0,918.0,697.0,482.0,529.0,595.0,519.0,647.0
4717,20251001,0,517.0,410.0,376.0,456.0,336.0,401.0,448.0,595.0,374.0,536.0,573.0,688.0,677.0,677.0,481.0,601.0,559.0,516.0,644.0
4718,20251027,0,495.0,411.0,375.0,483.0,315.0,387.0,422.0,379.0,432.0,478.0,587.0,692.0,818.0,684.0,482.0,529.0,577.0,516.0,649.0
4719,20250603,0,569.0,462.0,583.0,532.0,422.0,553.0,506.0,558.0,429.0,586.0,551.0,639.0,91.0,671.0,504.0,641.0,508.0,444.0,614.0
4720,20250805,0,526.0,436.0,352.0,468.0,358.0,522.0,422.0,433.0,295.0,519.0,563.0,685.0,654.0,680.0,494.0,501.0,576.0,506.0,641.0
4721,20251027,0,563.0,441.0,498.0,597.0,445.0,534.0,496.0,515.0,448.0,586.0,542.0,655.0,130.0,682.0,529.0,613.0,370.0,479.0,501.0
4722,20250314,0,518.0,388.0,368.0,516.0,392.0,505.0,377.0,306.0,493.0,550.0,544.0,652.0,733.0,681.0,482.0,493.0,590.0,501.0,649.0
4723,20250911,0,471.0,355.0,436.0,320.0,337.0,329.0,396.0,364.0,396.0,407.0,599.0,656.0,993.0,726.0,459.0,571.0,596.0,581.0,629.0
4724,20251027,0,470.0,384.0,417.0,390.0,322.0,345.0,400.0,338.0,425.0,427.0,582.0,700.0,944.0,695.0,461.0,583.0,617.0,574.0,636.0
4725,20251105,0,488.0,371.0,301.0,339.0,328.0,379.0,400.0,534.0,488.0,461.0,594.0,700.0,909.0,685.0,459.0,572.0,539.0,508.0,577.0
4726,20251102,0,505.0,434.0,354.0,438.0,336.0,438.0,430.0,438.0,402.0,482.0,588.0,695.0,677.0,685.0,489.0,570.0,571.0,496.0,643.0
4727,20251017,0,486.0,375.0,353.0,317.0,347.0,386.0,402.0,467.0,469.0,456.0,607.0,696.0,703.0,683.0,485.0,530.0,453.0,478.0,537.0
4728,20250811,0,485.0,376.0,418.0,303.0,327.0,317.0,387.0,355.0,375.0,381.0,624.0,662.0,985.0,706.0,427.0,564.0,657.0,611.0,634.0
4729,20250319,0,512.0,435.0,530.0,523.0,424.0,409.0,469.0,597.0,465.0,487.0,543.0,589.0,960.0,701.0,440.0,643.0,580.0,591.0,624.0
4730,20250827,0,484.0,347.0,426.0,300.0,331.0,317.0,387.0,315.0,394.0,460.0,612.0,679.0,989.0,715.0,433.0,555.0,659.0,620.0,629.0
4731,20250930,0,517.0,387.0,393.0,316.0,339.0,327.0,415.0,447.0,430.0,470.0,608.0,657.0,760.0,699.0,464.0,525.0,599.0,535.0,624.0
4732,20251028,0,499.0,407.0,473.0,479.0,380.0,455.0,466.0,605.0,444.0,470.0,545.0,646.0,670.0,691.0,477.0,619.0,576.0,540.0,624.0
4733,20251109,0,479.0,408.0,408.0,336.0,348.0,409.0,420.0,556.0,423.0,449.0,598.0,688.0,901.0,688.0,474.0,630.0,563.0,508.0,623.0
4734,20250620,0,509.0,421.0,491.0,554.0,373.0,428.0,453.0,655.0,423.0,507.0,538.0,636.0,892.0,684.0,460.0,649.0,634.0,544.0,639.0
4735,20250329,0,513.0,413.0,491.0,504.0,391.0,430.0,488.0,519.0,403.0,522.0,519.0,612.0,766.0,683.0,480.0,577.0,572.0,477.0,627.0
4736,20250703,0,508.0,394.0,376.0,487.0,358.0,441.0,422.0,480.0,435.0,498.0,574.0,682.0,750.0,672.0,481.0,573.0,572.0,498.0,589.0
4737,20250401,0,507.0,390.0,349.0,323.0,340.0,374.0,366.0,432.0,423.0,461.0,602.0,700.0,756.0,686.0,466.0,560.0,625.0,572.0,650.0
4738,20250401,0,484.0,402.0,496.0,496.0,366.0,433.0,455.0,532.0,481.0,500.0,569.0,587.0,786.0,692.0,453.0,643.0,649.0,601.0,641.0
4739,20250921,0,515.0,420.0,301.0,440.0,384.0,538.0,423.0,478.0,333.0,511.0,590.0,685.0,464.0,672.0,485.0,540.0,614.0,544.0,613.0
4740,20250911,0,530.0,434.0,530.0,478.0,435.0,478.0,444.0,658.0,539.0,516.0,539.0,674.0,506.0,683.0,483.0,596.0,465.0,525.0,555.0
4741,20250608,0,499.0,445.0,350.0,519.0,421.0,614.0,423.0,589.0,364.0,507.0,550.0,676.0,339.0,687.0,509.0,599.0,514.0,476.0,568.0
4742,20250304,0,509.0,407.0,342.0,383.0,348.0,381.0,393.0,293.0,447.0,491.0,593.0,657.0,633.0,694.0,479.0,554.0,528.0,530.0,588.0
4743,20250627,0,511.0,445.0,450.0,500.0,359.0,429.0,455.0,661.0,548.0,458.0,558.0,626.0,952.0,693.0,430.0,655.0,645.0,608.0,657.0
4744,20250525,0,520.0,425.0,386.0,474.0,381.0,505.0,427.0,533.0,367.0,486.0,541.0,662.0,860.0,684.0,487.0,565.0,573.0,471.0,640.0
4745,20250530,0,519.0,383.0,457.0,464.0,338.0,354.0,440.0,489.0,482.0,490.0,576.0,638.0,778.0,691.0,466.0,610.0,582.0,529.0,642.0
4746,20250426,0,514.0,554.0,485.0,479.0,506.0,627.0,605.0,470.0,297.0,562.0,425.0,656.0,11.0,645.0,526.0,619.0,525.0,338.0,633.0
4747,20250430,0,530.0,428.0,356.0,520.0,384.0,602.0,416.0,346.0,292.0,555.0,492.0,700.0,345.0,645.0,496.0,529.0,580.0,477.0,655.0
4748,20250403,0,553.0,450.0,491.0,575.0,419.0,545.0,477.0,570.0,474.0,574.0,512.0,650.0,327.0,674.0,514.0,644.0,582.0,449.0,643.0
4749,20250802,0,523.0,388.0,448.0,587.0,367.0,448.0,455.0,639.0,452.0,499.0,552.0,679.0,437.0,691.0,485.0,609.0,574.0,492.0,635.0
4750,20250720,0,525.0,414.0,491.0,592.0,377.0,546.0,468.0,714.0,467.0,527.0,537.0,671.0,627.0,673.0,478.0,648.0,553.0,441.0,642.0
4751,20251030,0,509.0,427.0,510.0,465.0,370.0,465.0,470.0,560.0,292.0,505.0,570.0,675.0,545.0,673.0,486.0,594.0,579.0,527.0,619.0
4752,20250817,0,545.0,421.0,355.0,531.0,386.0,584.0,432.0,492.0,391.0,549.0,537.0,671.0,438.0,657.0,487.0,469.0,584.0,499.0,621.0
4753,20250513,0,508.0,402.0,331.0,438.0,361.0,504.0,376.0,553.0,475.0,480.0,589.0,642.0,497.0,683.0,488.0,529.0,579.0,449.0,601.0
4754,20250801,0,496.0,385.0,301.0,318.0,338.0,357.0,389.0,417.0,469.0,458.0,607.0,700.0,903.0,691.0,459.0,445.0,565.0,547.0,645.0
4755,20250908,0,487.0,359.0,378.0,314.0,320.0,300.0,382.0,237.0,540.0,419.0,613.0,672.0,968.0,709.0,437.0,524.0,620.0,564.0,642.0
4756,20250911,0,497.0,372.0,418.0,394.0,350.0,357.0,391.0,450.0,670.0,406.0,590.0,485.0,951.0,716.0,449.0,611.0,633.0,556.0,635.0
4757,20251010,0,517.0,435.0,448.0,465.0,385.0,513.0,454.0,730.0,404.0,530.0,570.0,698.0,682.0,669.0,473.0,656.0,555.0,485.0,637.0
4758,20251106,0,466.0,347.0,436.0,303.0,343.0,348.0,391.0,568.0,476.0,403.0,605.0,687.0,993.0,721.0,456.0,619.0,644.0,576.0,643.0
4759,20250318,0,539.0,379.0,312.0,350.0,325.0,376.0,415.0,407.0,372.0,526.0,591.0,685.0,930.0,683.0,483.0,477.0,629.0,539.0,649.0
4760,20250425,0,522.0,365.0,448.0,475.0,334.0,363.0,412.0,465.0,435.0,472.0,574.0,685.0,919.0,703.0,451.0,634.0,616.0,568.0,648.0
4761,20251027,0,559.0,545.0,384.0,522.0,503.0,653.0,539.0,512.0,258.0,573.0,477.0,700.0,139.0,632.0,508.0,592.0,515.0,450.0,632.0
4762,20250920,0,469.0,353.0,423.0,300.0,338.0,330.0,389.0,535.0,486.0,410.0,615.0,696.0,852.0,701.0,460.0,540.0,624.0,583.0,633.0
4763,20250922,0,501.0,397.0,387.0,445.0,345.0,476.0,443.0,380.0,293.0,500.0,586.0,680.0,873.0,679.0,479.0,532.0,596.0,510.0,645.0
4764,20250603,0,531.0,413.0,375.0,456.0,367.0,545.0,445.0,567.0,370.0,483.0,568.0,672.0,778.0,682.0,490.0,614.0,597.0,476.0,636.0
4765,20251002,0,545.0,424.0,468.0,525.0,377.0,560.0,443.0,499.0,408.0,563.0,558.0,683.0,403.0,646.0,488.0,648.0,531.0,467.0,617.0
4766,20250823,0,544.0,358.0,436.0,304.0,420.0,344.0,434.0,422.0,468.0,521.0,613.0,619.0,820.0,707.0,485.0,601.0,497.0,572.0,527.0
4767,20250505,0,533.0,417.0,324.0,373.0,366.0,419.0,423.0,478.0,448.0,482.0,597.0,646.0,704.0,685.0,511.0,528.0,624.0,483.0,648.0
4768,20250327,0,460.0,394.0,504.0,321.0,340.0,359.0,435.0,683.0,594.0,444.0,599.0,628.0,882.0,703.0,460.0,568.0,611.0,555.0,551.0
4769,20251105,0,489.0,415.0,374.0,392.0,328.0,393.0,423.0,461.0,390.0,444.0,586.0,692.0,834.0,687.0,474.0,567.0,638.0,559.0,629.0
4770,20250312,0,525.0,391.0,443.0,504.0,430.0,536.0,445.0,535.0,496.0,561.0,529.0,649.0,673.0,673.0,492.0,579.0,556.0,441.0,645.0
4771,20251031,0,526.0,366.0,444.0,432.0,413.0,449.0,413.0,526.0,457.0,435.0,574.0,668.0,638.0,689.0,471.0,523.0,632.0,554.0,639.0
4772,20250713,0,527.0,432.0,442.0,403.0,507.0,362.0,413.0,369.0,492.0,493.0,579.0,464.0,428.0,692.0,493.0,530.0,511.0,562.0,594.0
4773,20250929,0,510.0,406.0,457.0,403.0,346.0,344.0,440.0,580.0,377.0,484.0,578.0,657.0,954.0,704.0,444.0,665.0,648.0,633.0,630.0
4774,20250505,0,525.0,423.0,450.0,476.0,367.0,459.0,479.0,608.0,508.0,554.0,558.0,658.0,565.0,678.0,455.0,633.0,595.0,569.0,641.0
4775,20251028,0,498.0,399.0,410.0,320.0,373.0,326.0,418.0,410.0,455.0,432.0,615.0,673.0,663.0,699.0,482.0,602.0,471.0,505.0,554.0
4776,20250714,0,523.0,412.0,480.0,557.0,403.0,531.0,488.0,749.0,446.0,567.0,490.0,671.0,345.0,640.0,496.0,623.0,555.0,440.0,645.0
4777,20250617,0,515.0,406.0,457.0,529.0,348.0,407.0,457.0,664.0,536.0,492.0,555.0,633.0,915.0,700.0,450.0,619.0,602.0,563.0,619.0
4778,20250720,0,512.0,407.0,379.0,513.0,395.0,553.0,429.0,551.0,462.0,503.0,563.0,700.0,404.0,660.0,478.0,635.0,559.0,447.0,642.0
4779,20250618,0,522.0,388.0,439.0,468.0,336.0,414.0,451.0,419.0,418.0,460.0,568.0,652.0,879.0,685.0,468.0,592.0,606.0,565.0,649.0
4780,20250520,0,505.0,421.0,399.0,474.0,391.0,502.0,473.0,507.0,316.0,501.0,547.0,665.0,822.0,673.0,487.0,557.0,571.0,488.0,645.0
4781,20250922,0,512.0,393.0,357.0,360.0,347.0,458.0,389.0,384.0,421.0,509.0,605.0,700.0,637.0,679.0,486.0,518.0,538.0,484.0,644.0
4782,20250923,0,508.0,408.0,322.0,510.0,382.0,563.0,410.0,357.0,429.0,521.0,547.0,659.0,639.0,671.0,481.0,508.0,562.0,526.0,602.0
4783,20250607,0,507.0,395.0,322.0,512.0,378.0,515.0,416.0,401.0,425.0,522.0,553.0,671.0,695.0,676.0,482.0,484.0,569.0,477.0,645.0
4784,20250514,0,513.0,381.0,457.0,473.0,343.0,387.0,431.0,376.0,419.0,466.0,560.0,636.0,957.0,706.0,464.0,560.0,609.0,579.0,633.0
4785,20250428,0,494.0,390.0,334.0,440.0,335.0,352.0,413.0,375.0,408.0,453.0,577.0,692.0,919.0,687.0,476.0,489.0,601.0,499.0,641.0
4786,20250630,0,520.0,406.0,436.0,362.0,360.0,384.0,450.0,592.0,421.0,456.0,594.0,660.0,707.0,690.0,462.0,603.0,624.0,568.0,642.0
4787,20250428,0,526.0,440.0,491.0,555.0,411.0,437.0,489.0,629.0,492.0,522.0,522.0,627.0,781.0,679.0,481.0,645.0,589.0,544.0,628.0
4788,20250705,0,516.0,452.0,491.0,481.0,403.0,467.0,483.0,486.0,481.0,523.0,528.0,641.0,521.0,672.0,429.0,615.0,556.0,530.0,611.0
4789,20250522,0,519.0,392.0,352.0,463.0,359.0,479.0,424.0,574.0,474.0,486.0,567.0,657.0,644.0,681.0,459.0,592.0,560.0,510.0,612.0
4790,20251017,0,511.0,534.0,408.0,523.0,474.0,579.0,502.0,551.0,377.0,569.0,526.0,684.0,105.0,648.0,496.0,576.0,528.0,437.0,643.0
4791,20251102,0,501.0,420.0,364.0,503.0,351.0,496.0,430.0,378.0,333.0,494.0,566.0,680.0,800.0,682.0,487.0,564.0,531.0,496.0,596.0
4792,20250907,0,522.0,404.0,439.0,585.0,348.0,435.0,464.0,537.0,428.0,496.0,561.0,676.0,608.0,686.0,481.0,594.0,634.0,521.0,662.0
4793,20250923,0,519.0,441.0,400.0,495.0,340.0,450.0,447.0,329.0,358.0,489.0,568.0,689.0,893.0,677.0,480.0,555.0,628.0,530.0,651.0
4794,20250926,0,491.0,393.0,436.0,307.0,349.0,310.0,427.0,334.0,388.0,468.0,609.0,630.0,925.0,708.0,462.0,638.0,606.0,557.0,627.0
4795,20250710,0,511.0,401.0,423.0,548.0,345.0,472.0,437.0,353.0,418.0,519.0,566.0,678.0,414.0,684.0,483.0,592.0,565.0,490.0,603.0
4796,20250727,0,532.0,427.0,457.0,615.0,430.0,496.0,464.0,713.0,503.0,544.0,547.0,603.0,590.0,666.0,490.0,644.0,563.0,517.0,627.0
4797,20250815,0,524.0,398.0,400.0,481.0,357.0,456.0,449.0,542.0,420.0,490.0,552.0,697.0,547.0,680.0,502.0,610.0,581.0,508.0,650.0
4798,20250816,0,524.0,457.0,530.0,521.0,391.0,479.0,480.0,677.0,532.0,526.0,519.0,612.0,609.0,683.0,470.0,656.0,581.0,540.0,635.0
4799,20251102,0,533.0,436.0,491.0,618.0,368.0,468.0,487.0,594.0,360.0,527.0,518.0,676.0,870.0,668.0,484.0,607.0,593.0,512.0,637.0
4800,20250717,0,529.0,414.0,485.0,422.0,363.0,499.0,440.0,616.0,416.0,501.0,578.0,667.0,281.0,678.0,479.0,612.0,588.0,499.0,654.0
4801,20250707,0,527.0,424.0,333.0,355.0,411.0,334.0,444.0,409.0,483.0,486.0,605.0,627.0,624.0,693.0,533.0,555.0,567.0,514.0,638.0
4802,20251012,0,514.0,434.0,475.0,344.0,330.0,374.0,444.0,564.0,524.0,476.0,593.0,678.0,975.0,705.0,470.0,670.0,471.0,614.0,580.0
4803,20250823,0,472.0,350.0,436.0,303.0,365.0,317.0,397.0,293.0,439.0,447.0,616.0,615.0,949.0,718.0,439.0,515.0,557.0,594.0,570.0
4804,20251008,0,511.0,414.0,386.0,517.0,400.0,547.0,419.0,479.0,394.0,510.0,532.0,700.0,664.0,676.0,486.0,548.0,582.0,456.0,642.0
4805,20251030,0,475.0,440.0,312.0,341.0,323.0,363.0,418.0,435.0,371.0,432.0,593.0,677.0,967.0,695.0,437.0,533.0,648.0,548.0,637.0
4806,20250717,0,520.0,438.0,496.0,509.0,370.0,380.0,462.0,495.0,432.0,509.0,563.0,624.0,900.0,703.0,448.0,662.0,534.0,551.0,559.0
4807,20251025,0,522.0,389.0,464.0,502.0,416.0,533.0,466.0,408.0,272.0,562.0,542.0,685.0,588.0,678.0,488.0,587.0,599.0,503.0,648.0
4808,20250523,0,543.0,473.0,350.0,497.0,461.0,589.0,434.0,637.0,369.0,575.0,570.0,615.0,217.0,676.0,532.0,560.0,536.0,479.0,637.0
4809,20251009,0,516.0,435.0,491.0,517.0,389.0,420.0,443.0,611.0,497.0,520.0,532.0,611.0,757.0,687.0,487.0,641.0,626.0,527.0,645.0
4810,20250529,0,514.0,452.0,439.0,484.0,372.0,358.0,432.0,603.0,626.0,521.0,573.0,634.0,217.0,691.0,440.0,603.0,440.0,523.0,534.0
4811,20251020,0,571.0,446.0,491.0,595.0,461.0,505.0,504.0,477.0,437.0,596.0,542.0,588.0,105.0,679.0,512.0,606.0,486.0,540.0,554.0
4812,20251112,0,437.0,394.0,474.0,459.0,366.0,417.0,425.0,613.0,390.0,372.0,574.0,694.0,984.0,710.0,449.0,548.0,591.0,557.0,626.0
4813,20250507,0,533.0,437.0,558.0,563.0,430.0,590.0,484.0,572.0,343.0,521.0,530.0,682.0,361.0,666.0,507.0,635.0,486.0,432.0,526.0
4814,20251106,0,516.0,410.0,457.0,510.0,334.0,386.0,460.0,698.0,521.0,495.0,566.0,673.0,747.0,687.0,502.0,628.0,611.0,500.0,613.0
4815,20250608,0,530.0,410.0,457.0,404.0,343.0,361.0,454.0,465.0,335.0,459.0,582.0,627.0,930.0,701.0,435.0,608.0,595.0,533.0,601.0
4816,20251021,0,463.0,347.0,354.0,303.0,325.0,313.0,370.0,450.0,423.0,461.0,623.0,682.0,990.0,717.0,430.0,569.0,664.0,587.0,627.0
4817,20250524,0,512.0,375.0,349.0,354.0,393.0,402.0,378.0,397.0,463.0,503.0,614.0,700.0,531.0,664.0,493.0,555.0,540.0,420.0,588.0
4818,20250819,0,511.0,390.0,429.0,470.0,339.0,411.0,461.0,389.0,417.0,489.0,558.0,664.0,957.0,690.0,466.0,518.0,608.0,565.0,649.0
4819,20250709,0,523.0,436.0,491.0,523.0,382.0,407.0,478.0,352.0,352.0,519.0,539.0,665.0,852.0,687.0,455.0,622.0,593.0,570.0,613.0
4820,20250902,0,508.0,393.0,311.0,329.0,351.0,431.0,431.0,387.0,399.0,493.0,599.0,688.0,685.0,681.0,470.0,551.0,558.0,506.0,621.0
4821,20250718,0,450.0,339.0,465.0,300.0,347.0,317.0,390.0,326.0,431.0,391.0,636.0,693.0,987.0,720.0,411.0,585.0,651.0,590.0,627.0
4822,20250427,0,532.0,486.0,384.0,528.0,385.0,591.0,452.0,548.0,316.0,551.0,532.0,700.0,589.0,668.0,493.0,521.0,561.0,492.0,645.0
4823,20250505,0,500.0,383.0,357.0,368.0,349.0,371.0,432.0,631.0,511.0,456.0,595.0,641.0,232.0,706.0,496.0,657.0,488.0,452.0,551.0
4824,20250703,0,519.0,426.0,491.0,465.0,379.0,412.0,460.0,542.0,580.0,529.0,545.0,633.0,437.0,679.0,458.0,639.0,635.0,540.0,604.0
4825,20250711,0,512.0,405.0,334.0,435.0,364.0,457.0,423.0,519.0,421.0,514.0,587.0,679.0,431.0,690.0,489.0,580.0,539.0,490.0,549.0
4826,20250504,0,479.0,359.0,381.0,300.0,344.0,330.0,357.0,414.0,385.0,431.0,627.0,685.0,913.0,704.0,456.0,386.0,628.0,627.0,642.0
4827,20251021,0,514.0,477.0,530.0,594.0,412.0,473.0,504.0,482.0,367.0,540.0,529.0,668.0,388.0,689.0,504.0,612.0,525.0,484.0,574.0
4828,20251113,0,550.0,457.0,491.0,531.0,406.0,418.0,522.0,626.0,336.0,562.0,509.0,651.0,920.0,681.0,513.0,634.0,633.0,582.0,623.0
4829,20250522,0,471.0,328.0,408.0,303.0,337.0,300.0,360.0,359.0,455.0,464.0,617.0,661.0,993.0,717.0,436.0,512.0,637.0,594.0,636.0
4830,20250630,0,496.0,394.0,457.0,558.0,352.0,428.0,446.0,592.0,528.0,493.0,557.0,665.0,715.0,695.0,463.0,586.0,554.0,529.0,622.0
4831,20250603,0,507.0,374.0,436.0,320.0,347.0,317.0,422.0,387.0,389.0,475.0,605.0,638.0,957.0,693.0,444.0,607.0,658.0,584.0,655.0
4832,20250530,0,500.0,439.0,322.0,484.0,411.0,599.0,427.0,445.0,446.0,527.0,574.0,619.0,561.0,636.0,495.0,549.0,496.0,505.0,636.0
4833,20250923,0,501.0,467.0,357.0,329.0,366.0,459.0,399.0,560.0,423.0,481.0,599.0,685.0,85.0,694.0,508.0,573.0,459.0,490.0,515.0
4834,20250719,0,493.0,438.0,356.0,511.0,399.0,538.0,461.0,516.0,439.0,478.0,532.0,629.0,522.0,683.0,492.0,561.0,555.0,450.0,644.0
4835,20250806,0,512.0,367.0,378.0,307.0,342.0,300.0,418.0,311.0,474.0,445.0,605.0,665.0,989.0,715.0,453.0,436.0,570.0,582.0,603.0
4836,20251020,0,512.0,431.0,435.0,480.0,405.0,574.0,443.0,480.0,381.0,543.0,552.0,696.0,171.0,652.0,499.0,601.0,534.0,441.0,630.0
4837,20250413,1,515.0,398.0,474.0,489.0,388.0,416.0,442.0,374.0,543.0,515.0,571.0,631.0,480.0,695.0,477.0,583.0,574.0,517.0,612.0
4838,20250423,1,503.0,418.0,457.0,477.0,334.0,392.0,478.0,654.0,396.0,499.0,562.0,657.0,895.0,684.0,433.0,622.0,604.0,564.0,641.0
4839,20250630,1,516.0,386.0,321.0,313.0,370.0,300.0,404.0,673.0,654.0,424.0,627.0,521.0,887.0,698.0,436.0,582.0,543.0,540.0,608.0
4840,20250527,1,485.0,376.0,301.0,315.0,356.0,373.0,382.0,410.0,346.0,441.0,627.0,700.0,845.0,688.0,468.0,456.0,637.0,526.0,638.0
4841,20250419,1,545.0,397.0,457.0,503.0,481.0,402.0,487.0,529.0,560.0,500.0,557.0,544.0,668.0,706.0,486.0,602.0,503.0,580.0,577.0
4842,20250719,1,599.0,412.0,439.0,456.0,360.0,362.0,463.0,395.0,376.0,581.0,573.0,670.0,855.0,689.0,513.0,619.0,594.0,551.0,622.0
4843,20250730,1,560.0,521.0,398.0,510.0,521.0,654.0,516.0,596.0,224.0,523.0,516.0,500.0,210.0,648.0,512.0,600.0,520.0,433.0,641.0
4844,20250607,1,601.0,477.0,524.0,497.0,499.0,618.0,501.0,618.0,509.0,613.0,515.0,613.0,35.0,671.0,513.0,659.0,375.0,417.0,494.0
4845,20250511,1,512.0,404.0,352.0,440.0,363.0,491.0,410.0,491.0,466.0,493.0,583.0,665.0,702.0,674.0,495.0,539.0,561.0,454.0,638.0
4846,20250827,1,524.0,443.0,436.0,473.0,428.0,554.0,475.0,654.0,345.0,538.0,545.0,681.0,403.0,656.0,476.0,669.0,575.0,507.0,622.0
4847,20250528,1,517.0,427.0,457.0,485.0,337.0,380.0,450.0,572.0,548.0,508.0,564.0,656.0,792.0,682.0,460.0,620.0,595.0,524.0,634.0
4848,20250804,1,506.0,346.0,433.0,306.0,358.0,300.0,392.0,473.0,487.0,429.0,622.0,604.0,829.0,709.0,460.0,597.0,535.0,555.0,559.0
4849,20251024,1,527.0,469.0,491.0,522.0,414.0,417.0,490.0,531.0,412.0,535.0,528.0,663.0,442.0,688.0,502.0,630.0,580.0,531.0,625.0
4850,20250428,1,533.0,443.0,462.0,498.0,396.0,476.0,483.0,591.0,348.0,536.0,546.0,674.0,756.0,667.0,477.0,598.0,523.0,533.0,539.0
4851,20250703,1,555.0,449.0,496.0,467.0,380.0,364.0,446.0,543.0,581.0,483.0,575.0,557.0,904.0,688.0,450.0,662.0,532.0,601.0,570.0
4852,20250506,1,522.0,398.0,350.0,443.0,368.0,542.0,387.0,483.0,435.0,520.0,586.0,700.0,588.0,665.0,488.0,552.0,563.0,460.0,642.0
4853,20250719,1,494.0,396.0,435.0,446.0,332.0,367.0,426.0,581.0,490.0,446.0,572.0,675.0,867.0,702.0,471.0,597.0,560.0,504.0,605.0
4854,20250902,1,560.0,433.0,432.0,473.0,410.0,524.0,464.0,658.0,441.0,523.0,552.0,646.0,73.0,680.0,527.0,637.0,325.0,480.0,494.0
4855,20250319,1,520.0,438.0,459.0,484.0,471.0,566.0,467.0,568.0,354.0,547.0,533.0,636.0,532.0,673.0,522.0,588.0,561.0,473.0,619.0
4856,20250529,1,509.0,418.0,391.0,486.0,357.0,525.0,415.0,307.0,302.0,511.0,571.0,700.0,459.0,666.0,480.0,539.0,508.0,490.0,618.0
4857,20250823,1,534.0,467.0,530.0,560.0,443.0,568.0,506.0,658.0,478.0,588.0,467.0,607.0,47.0,644.0,500.0,628.0,474.0,459.0,627.0
4858,20250708,1,527.0,377.0,463.0,532.0,395.0,525.0,445.0,555.0,485.0,500.0,545.0,666.0,818.0,677.0,482.0,609.0,562.0,454.0,639.0
4859,20250429,1,527.0,442.0,476.0,516.0,363.0,428.0,461.0,425.0,420.0,548.0,557.0,621.0,839.0,671.0,470.0,543.0,622.0,559.0,650.0
4860,20250525,1,539.0,425.0,508.0,413.0,384.0,398.0,460.0,476.0,318.0,502.0,582.0,653.0,828.0,676.0,456.0,602.0,515.0,514.0,591.0
4861,20250924,1,527.0,429.0,364.0,447.0,348.0,419.0,483.0,787.0,534.0,529.0,569.0,640.0,700.0,676.0,459.0,642.0,551.0,543.0,558.0
4862,20250526,1,504.0,416.0,322.0,438.0,358.0,498.0,447.0,488.0,446.0,524.0,588.0,675.0,611.0,678.0,491.0,575.0,579.0,497.0,639.0
4863,20250520,1,494.0,378.0,301.0,373.0,352.0,472.0,385.0,434.0,500.0,511.0,601.0,671.0,557.0,681.0,487.0,537.0,592.0,504.0,640.0
4864,20250403,1,,,,,,,,,,,,,,,,,,,
4865,20250319,1,514.0,372.0,390.0,300.0,356.0,317.0,398.0,373.0,479.0,390.0,624.0,662.0,954.0,711.0,492.0,511.0,651.0,565.0,656.0
4866,20250622,1,537.0,426.0,569.0,496.0,550.0,500.0,463.0,537.0,531.0,452.0,523.0,500.0,247.0,688.0,485.0,571.0,386.0,526.0,495.0
4867,20250503,1,496.0,604.0,356.0,473.0,536.0,630.0,523.0,480.0,198.0,543.0,433.0,700.0,30.0,647.0,494.0,606.0,568.0,373.0,635.0
4868,20250619,1,,,,,,,,,,,,,,,,,,,
4869,20250709,1,522.0,383.0,429.0,488.0,374.0,474.0,442.0,651.0,641.0,537.0,552.0,656.0,811.0,671.0,466.0,640.0,573.0,522.0,648.0
4870,20250528,1,499.0,396.0,312.0,356.0,376.0,419.0,386.0,332.0,355.0,470.0,608.0,700.0,506.0,684.0,487.0,539.0,588.0,503.0,616.0
4871,20251010,1,513.0,456.0,454.0,552.0,377.0,486.0,468.0,553.0,424.0,477.0,546.0,675.0,503.0,681.0,473.0,642.0,591.0,545.0,643.0
4872,20250415,1,531.0,380.0,457.0,564.0,343.0,394.0,439.0,545.0,490.0,543.0,567.0,655.0,640.0,680.0,464.0,622.0,623.0,541.0,651.0
4873,20250601,1,525.0,416.0,485.0,493.0,403.0,494.0,472.0,629.0,321.0,511.0,533.0,655.0,570.0,674.0,476.0,650.0,584.0,493.0,651.0
4874,20250428,1,527.0,454.0,384.0,470.0,467.0,641.0,449.0,331.0,224.0,563.0,506.0,700.0,172.0,655.0,495.0,585.0,545.0,393.0,640.0
4875,20250315,1,519.0,376.0,406.0,499.0,371.0,478.0,424.0,519.0,413.0,492.0,566.0,679.0,561.0,679.0,482.0,582.0,612.0,511.0,641.0
4876,20250415,1,528.0,459.0,491.0,626.0,385.0,452.0,492.0,552.0,337.0,506.0,545.0,680.0,798.0,671.0,471.0,666.0,584.0,527.0,640.0
4877,20250530,1,519.0,379.0,301.0,314.0,316.0,368.0,383.0,398.0,399.0,451.0,623.0,631.0,866.0,688.0,460.0,448.0,579.0,556.0,631.0
4878,20250624,1,487.0,367.0,331.0,316.0,322.0,343.0,371.0,408.0,400.0,450.0,613.0,700.0,799.0,692.0,461.0,420.0,576.0,528.0,631.0
4879,20250603,1,546.0,440.0,491.0,627.0,402.0,506.0,481.0,555.0,396.0,551.0,532.0,652.0,624.0,675.0,495.0,602.0,549.0,508.0,648.0
4880,20250505,1,519.0,375.0,321.0,311.0,422.0,300.0,376.0,535.0,736.0,416.0,618.0,550.0,975.0,719.0,463.0,622.0,615.0,605.0,626.0
4881,20250425,1,516.0,450.0,491.0,528.0,450.0,461.0,486.0,735.0,527.0,528.0,527.0,594.0,533.0,686.0,487.0,644.0,627.0,533.0,587.0
4882,20250418,1,546.0,458.0,457.0,527.0,354.0,432.0,490.0,667.0,548.0,581.0,576.0,658.0,583.0,677.0,484.0,674.0,560.0,518.0,642.0
4883,20250911,1,520.0,439.0,374.0,442.0,349.0,489.0,438.0,545.0,338.0,521.0,580.0,690.0,185.0,659.0,516.0,579.0,570.0,506.0,639.0
4884,20250520,1,523.0,385.0,378.0,399.0,332.0,374.0,438.0,552.0,523.0,493.0,589.0,658.0,842.0,674.0,465.0,611.0,560.0,548.0,559.0
4885,20250911,1,521.0,447.0,363.0,456.0,357.0,477.0,482.0,699.0,379.0,519.0,589.0,674.0,590.0,668.0,510.0,658.0,585.0,474.0,652.0
4886,20250531,1,604.0,621.0,481.0,470.0,540.0,626.0,579.0,510.0,212.0,592.0,432.0,300.0,11.0,608.0,526.0,621.0,527.0,427.0,632.0
4887,20250720,1,533.0,437.0,364.0,516.0,438.0,562.0,464.0,764.0,414.0,539.0,548.0,677.0,151.0,682.0,513.0,674.0,392.0,451.0,534.0
4888,20250530,1,459.0,374.0,436.0,401.0,338.0,344.0,409.0,518.0,730.0,418.0,590.0,627.0,990.0,725.0,439.0,607.0,568.0,620.0,635.0
4889,20250505,1,512.0,461.0,490.0,491.0,388.0,404.0,494.0,568.0,452.0,479.0,568.0,577.0,751.0,693.0,473.0,645.0,614.0,577.0,632.0
4890,20250531,1,514.0,397.0,406.0,477.0,379.0,460.0,436.0,476.0,417.0,488.0,569.0,693.0,768.0,681.0,480.0,585.0,579.0,540.0,629.0
4891,20250901,1,515.0,394.0,382.0,557.0,400.0,553.0,418.0,540.0,466.0,507.0,547.0,675.0,476.0,681.0,476.0,569.0,530.0,499.0,628.0
4892,20250525,1,533.0,427.0,357.0,478.0,410.0,498.0,451.0,564.0,395.0,490.0,561.0,682.0,874.0,679.0,500.0,576.0,587.0,469.0,646.0
4893,20250428,1,520.0,433.0,322.0,493.0,368.0,459.0,411.0,312.0,400.0,492.0,571.0,655.0,761.0,687.0,492.0,479.0,585.0,434.0,646.0
4894,20250626,1,491.0,388.0,436.0,394.0,342.0,361.0,432.0,524.0,409.0,392.0,588.0,625.0,894.0,720.0,438.0,631.0,614.0,595.0,588.0
4895,20250408,1,537.0,443.0,539.0,585.0,436.0,551.0,522.0,747.0,575.0,563.0,538.0,644.0,762.0,669.0,489.0,648.0,578.0,487.0,636.0
4896,20250512,1,510.0,424.0,530.0,643.0,387.0,452.0,479.0,648.0,548.0,530.0,531.0,679.0,362.0,671.0,483.0,655.0,563.0,488.0,566.0
4897,20250414,1,512.0,391.0,457.0,513.0,342.0,392.0,440.0,513.0,582.0,508.0,557.0,623.0,628.0,685.0,474.0,609.0,589.0,547.0,655.0
4898,20250508,1,544.0,383.0,448.0,490.0,351.0,429.0,445.0,461.0,399.0,518.0,566.0,672.0,815.0,669.0,449.0,593.0,628.0,560.0,645.0
4899,20250417,1,549.0,390.0,400.0,503.0,354.0,456.0,435.0,624.0,442.0,544.0,567.0,658.0,775.0,677.0,496.0,654.0,576.0,508.0,644.0
4900,20250331,1,534.0,471.0,530.0,539.0,468.0,473.0,521.0,514.0,355.0,507.0,532.0,609.0,460.0,686.0,481.0,646.0,504.0,548.0,579.0
4901,20250609,1,525.0,473.0,560.0,536.0,378.0,468.0,499.0,705.0,338.0,553.0,536.0,654.0,224.0,675.0,470.0,644.0,573.0,557.0,629.0
4902,20250626,1,545.0,433.0,503.0,501.0,352.0,410.0,442.0,573.0,490.0,505.0,558.0,652.0,903.0,690.0,450.0,609.0,645.0,563.0,638.0
4903,20250529,1,512.0,403.0,457.0,484.0,347.0,387.0,457.0,599.0,378.0,479.0,561.0,647.0,764.0,692.0,451.0,693.0,499.0,530.0,570.0
4904,20250313,1,518.0,413.0,424.0,408.0,344.0,416.0,463.0,464.0,377.0,498.0,587.0,654.0,781.0,684.0,485.0,617.0,561.0,534.0,633.0
4905,20250721,1,512.0,429.0,355.0,479.0,406.0,527.0,463.0,429.0,224.0,493.0,539.0,687.0,611.0,680.0,501.0,517.0,536.0,578.0,608.0
4906,20250504,1,516.0,426.0,457.0,482.0,348.0,383.0,458.0,590.0,552.0,487.0,585.0,647.0,812.0,686.0,455.0,630.0,561.0,541.0,603.0
4907,20250507,1,494.0,411.0,478.0,459.0,355.0,355.0,448.0,586.0,595.0,482.0,576.0,615.0,847.0,687.0,466.0,626.0,492.0,509.0,548.0
4908,20250508,1,523.0,394.0,408.0,348.0,329.0,354.0,421.0,394.0,392.0,457.0,593.0,671.0,936.0,688.0,460.0,571.0,541.0,541.0,591.0
4909,20250825,1,511.0,391.0,442.0,393.0,377.0,396.0,436.0,449.0,450.0,538.0,585.0,651.0,786.0,681.0,460.0,635.0,559.0,472.0,608.0
4910,20250314,1,497.0,410.0,457.0,444.0,368.0,362.0,459.0,610.0,351.0,483.0,572.0,656.0,967.0,695.0,450.0,591.0,632.0,574.0,637.0
4911,20250509,1,520.0,401.0,376.0,388.0,369.0,431.0,440.0,490.0,427.0,487.0,586.0,657.0,670.0,680.0,476.0,637.0,615.0,543.0,636.0
4912,20250523,1,519.0,423.0,334.0,460.0,380.0,544.0,427.0,491.0,461.0,524.0,570.0,670.0,662.0,671.0,470.0,619.0,537.0,433.0,639.0
4913,20250409,1,520.0,414.0,350.0,519.0,367.0,596.0,411.0,266.0,392.0,537.0,558.0,700.0,578.0,658.0,492.0,533.0,550.0,472.0,644.0
4914,20250320,1,534.0,433.0,475.0,557.0,427.0,586.0,497.0,627.0,207.0,517.0,523.0,687.0,160.0,629.0,510.0,607.0,526.0,422.0,641.0
4915,20250610,1,575.0,465.0,450.0,497.0,392.0,439.0,496.0,636.0,477.0,564.0,547.0,604.0,289.0,678.0,472.0,654.0,642.0,589.0,641.0
4916,20250412,1,521.0,430.0,433.0,472.0,369.0,413.0,474.0,536.0,381.0,493.0,562.0,604.0,973.0,692.0,467.0,639.0,639.0,556.0,643.0
4917,20250528,1,551.0,546.0,384.0,522.0,510.0,671.0,489.0,627.0,373.0,570.0,521.0,700.0,99.0,648.0,488.0,628.0,519.0,449.0,629.0
4918,20250928,1,505.0,400.0,402.0,349.0,323.0,361.0,414.0,540.0,329.0,476.0,591.0,681.0,942.0,702.0,448.0,652.0,566.0,546.0,642.0
4919,20250614,1,508.0,416.0,322.0,448.0,386.0,453.0,408.0,488.0,354.0,524.0,577.0,700.0,503.0,665.0,483.0,532.0,575.0,488.0,655.0
4920,20250821,1,540.0,453.0,480.0,635.0,389.0,522.0,487.0,694.0,415.0,565.0,504.0,660.0,500.0,671.0,500.0,638.0,570.0,490.0,647.0
4921,20250806,1,553.0,440.0,491.0,560.0,406.0,459.0,474.0,656.0,551.0,573.0,533.0,612.0,241.0,657.0,484.0,658.0,444.0,415.0,491.0
4922,20250712,1,529.0,423.0,491.0,527.0,372.0,448.0,481.0,660.0,330.0,516.0,538.0,664.0,680.0,672.0,462.0,651.0,606.0,549.0,633.0
4923,20250619,1,494.0,420.0,436.0,343.0,337.0,364.0,447.0,576.0,487.0,430.0,593.0,635.0,720.0,700.0,455.0,654.0,671.0,547.0,638.0
4924,20250620,1,492.0,399.0,457.0,407.0,349.0,366.0,403.0,499.0,569.0,465.0,582.0,613.0,919.0,695.0,442.0,622.0,612.0,593.0,646.0
4925,20250626,1,496.0,455.0,491.0,614.0,415.0,434.0,462.0,630.0,609.0,474.0,536.0,610.0,173.0,689.0,484.0,606.0,495.0,503.0,561.0
4926,20250409,1,525.0,393.0,457.0,546.0,369.0,392.0,446.0,558.0,602.0,490.0,554.0,597.0,804.0,688.0,480.0,572.0,604.0,559.0,641.0
4927,20250418,1,518.0,409.0,491.0,533.0,427.0,501.0,456.0,592.0,521.0,510.0,518.0,605.0,720.0,673.0,466.0,657.0,561.0,470.0,648.0
4928,20250715,1,534.0,410.0,491.0,490.0,417.0,496.0,447.0,552.0,479.0,529.0,522.0,620.0,705.0,672.0,442.0,562.0,620.0,545.0,645.0
4929,20250507,1,521.0,436.0,491.0,577.0,399.0,438.0,469.0,597.0,624.0,510.0,522.0,593.0,310.0,680.0,458.0,638.0,513.0,476.0,567.0
4930,20251102,1,514.0,408.0,378.0,374.0,334.0,357.0,417.0,556.0,386.0,492.0,603.0,668.0,771.0,687.0,480.0,619.0,557.0,480.0,587.0
4931,20250427,1,507.0,400.0,448.0,643.0,375.0,459.0,448.0,583.0,529.0,514.0,563.0,665.0,659.0,688.0,482.0,653.0,547.0,452.0,547.0
4932,20250529,1,542.0,443.0,396.0,535.0,408.0,543.0,469.0,615.0,385.0,507.0,542.0,664.0,422.0,674.0,488.0,593.0,593.0,491.0,656.0
4933,20250506,1,563.0,441.0,475.0,550.0,439.0,557.0,489.0,738.0,364.0,542.0,534.0,667.0,727.0,639.0,481.0,666.0,580.0,528.0,645.0
4934,20250718,1,492.0,339.0,370.0,311.0,361.0,300.0,364.0,440.0,542.0,403.0,646.0,671.0,991.0,721.0,445.0,475.0,511.0,647.0,548.0
4935,20250611,1,501.0,402.0,457.0,516.0,378.0,389.0,443.0,622.0,422.0,463.0,557.0,635.0,587.0,694.0,462.0,635.0,579.0,530.0,635.0
4936,20250526,1,521.0,402.0,457.0,601.0,386.0,411.0,477.0,644.0,348.0,517.0,548.0,645.0,761.0,679.0,479.0,658.0,616.0,536.0,644.0
4937,20250727,1,498.0,470.0,370.0,440.0,380.0,450.0,460.0,473.0,175.0,474.0,572.0,700.0,738.0,688.0,483.0,581.0,590.0,531.0,586.0
4938,20250826,1,505.0,377.0,399.0,319.0,370.0,337.0,425.0,652.0,528.0,483.0,617.0,656.0,911.0,689.0,498.0,639.0,614.0,553.0,605.0
4939,20250714,1,520.0,440.0,496.0,622.0,358.0,395.0,456.0,671.0,601.0,528.0,564.0,606.0,766.0,679.0,478.0,665.0,534.0,516.0,602.0
4940,20250928,1,503.0,386.0,429.0,544.0,343.0,444.0,433.0,550.0,514.0,514.0,565.0,697.0,873.0,676.0,481.0,614.0,567.0,484.0,644.0
4941,20250618,1,506.0,362.0,402.0,339.0,344.0,363.0,413.0,499.0,485.0,448.0,596.0,680.0,893.0,696.0,468.0,601.0,559.0,535.0,626.0
4942,20250523,1,534.0,422.0,482.0,564.0,393.0,551.0,474.0,555.0,384.0,539.0,542.0,687.0,446.0,664.0,505.0,602.0,550.0,436.0,643.0
4943,20250807,1,524.0,422.0,482.0,642.0,421.0,567.0,469.0,537.0,391.0,558.0,540.0,681.0,550.0,670.0,509.0,597.0,559.0,484.0,640.0
4944,20250902,1,540.0,433.0,393.0,575.0,377.0,529.0,455.0,639.0,397.0,522.0,574.0,684.0,527.0,668.0,487.0,656.0,554.0,448.0,637.0
4945,20250908,1,529.0,441.0,429.0,479.0,351.0,456.0,465.0,492.0,327.0,529.0,570.0,688.0,761.0,668.0,464.0,593.0,605.0,536.0,650.0
4946,20250702,1,538.0,424.0,457.0,629.0,411.0,542.0,480.0,743.0,500.0,552.0,547.0,676.0,575.0,664.0,500.0,671.0,540.0,464.0,634.0
4947,20250415,1,527.0,455.0,512.0,616.0,422.0,429.0,472.0,649.0,544.0,544.0,530.0,593.0,241.0,671.0,480.0,622.0,496.0,525.0,572.0
4948,20251101,1,489.0,373.0,448.0,451.0,338.0,394.0,404.0,430.0,463.0,436.0,574.0,680.0,771.0,693.0,492.0,548.0,549.0,563.0,586.0
4949,20250801,1,517.0,409.0,386.0,513.0,396.0,588.0,442.0,474.0,441.0,528.0,542.0,700.0,511.0,667.0,477.0,553.0,569.0,440.0,639.0
4950,20250605,1,516.0,415.0,542.0,591.0,392.0,467.0,481.0,697.0,549.0,524.0,547.0,666.0,289.0,682.0,486.0,625.0,554.0,538.0,608.0
4951,20250507,1,529.0,455.0,491.0,517.0,404.0,407.0,471.0,529.0,564.0,553.0,540.0,629.0,768.0,690.0,447.0,627.0,568.0,582.0,622.0
4952,20250420,1,522.0,434.0,457.0,493.0,379.0,451.0,449.0,583.0,469.0,497.0,557.0,573.0,715.0,686.0,473.0,647.0,573.0,536.0,618.0
4953,20250518,1,509.0,376.0,382.0,460.0,367.0,420.0,418.0,412.0,510.0,502.0,564.0,596.0,815.0,692.0,483.0,532.0,596.0,510.0,627.0
4954,20250815,1,482.0,416.0,409.0,474.0,352.0,431.0,464.0,410.0,329.0,450.0,550.0,680.0,919.0,688.0,452.0,610.0,607.0,532.0,619.0
4955,20250429,1,502.0,458.0,563.0,624.0,393.0,430.0,488.0,332.0,328.0,471.0,515.0,631.0,612.0,708.0,474.0,635.0,557.0,545.0,582.0
4956,20250525,1,523.0,348.0,342.0,303.0,335.0,317.0,370.0,337.0,515.0,418.0,618.0,681.0,985.0,713.0,423.0,485.0,639.0,597.0,653.0
4957,20250812,1,517.0,400.0,321.0,452.0,356.0,490.0,397.0,367.0,463.0,509.0,575.0,700.0,838.0,681.0,457.0,521.0,564.0,483.0,645.0
4958,20251104,1,490.0,395.0,352.0,437.0,327.0,422.0,423.0,364.0,417.0,459.0,585.0,658.0,625.0,692.0,476.0,521.0,593.0,514.0,643.0
4959,20250402,1,515.0,461.0,342.0,516.0,414.0,512.0,489.0,667.0,414.0,471.0,566.0,609.0,530.0,688.0,480.0,675.0,576.0,495.0,601.0
4960,20250926,1,508.0,399.0,445.0,525.0,364.0,514.0,446.0,666.0,562.0,500.0,560.0,679.0,535.0,681.0,486.0,582.0,547.0,498.0,600.0
4961,20250701,1,523.0,396.0,439.0,592.0,404.0,471.0,470.0,608.0,434.0,518.0,554.0,656.0,592.0,684.0,477.0,636.0,531.0,482.0,560.0
4962,20250715,1,514.0,424.0,322.0,393.0,320.0,399.0,399.0,427.0,307.0,513.0,582.0,642.0,877.0,687.0,467.0,427.0,578.0,531.0,642.0
4963,20250712,1,512.0,419.0,398.0,472.0,457.0,556.0,467.0,576.0,369.0,513.0,515.0,700.0,372.0,675.0,494.0,574.0,535.0,415.0,640.0
4964,20250524,1,524.0,389.0,436.0,320.0,342.0,356.0,448.0,545.0,488.0,524.0,597.0,639.0,963.0,698.0,452.0,583.0,626.0,583.0,623.0
4965,20251013,1,493.0,413.0,351.0,438.0,344.0,464.0,407.0,541.0,401.0,481.0,588.0,693.0,468.0,693.0,500.0,539.0,533.0,505.0,511.0
4966,20250604,1,507.0,400.0,457.0,395.0,345.0,372.0,408.0,541.0,698.0,468.0,588.0,597.0,544.0,700.0,452.0,601.0,483.0,627.0,568.0
4967,20250426,1,506.0,423.0,404.0,566.0,445.0,562.0,470.0,672.0,160.0,475.0,542.0,695.0,392.0,686.0,513.0,660.0,536.0,459.0,594.0
4968,20250330,1,506.0,432.0,384.0,473.0,470.0,595.0,463.0,519.0,380.0,505.0,506.0,669.0,127.0,688.0,487.0,541.0,518.0,421.0,631.0
4969,20250503,1,503.0,388.0,322.0,403.0,338.0,404.0,396.0,328.0,284.0,479.0,581.0,700.0,934.0,683.0,468.0,473.0,614.0,536.0,641.0
4970,20250813,1,526.0,421.0,429.0,397.0,344.0,411.0,455.0,676.0,591.0,476.0,586.0,681.0,769.0,682.0,449.0,626.0,624.0,530.0,613.0
4971,20250425,1,519.0,418.0,496.0,485.0,408.0,407.0,479.0,666.0,561.0,460.0,547.0,608.0,271.0,690.0,478.0,657.0,559.0,579.0,598.0
4972,20250607,1,527.0,416.0,426.0,363.0,345.0,382.0,446.0,713.0,356.0,479.0,591.0,695.0,779.0,683.0,483.0,690.0,593.0,522.0,644.0
4973,20250918,1,526.0,455.0,352.0,445.0,342.0,456.0,479.0,526.0,349.0,517.0,577.0,679.0,716.0,680.0,493.0,599.0,578.0,460.0,574.0
4974,20250405,1,505.0,408.0,322.0,493.0,349.0,500.0,391.0,379.0,397.0,510.0,571.0,700.0,624.0,678.0,486.0,516.0,557.0,487.0,658.0
4975,20250806,1,502.0,435.0,365.0,334.0,348.0,378.0,430.0,427.0,354.0,468.0,596.0,672.0,781.0,687.0,471.0,558.0,563.0,506.0,610.0
4976,20250507,1,532.0,400.0,429.0,412.0,374.0,451.0,429.0,516.0,373.0,483.0,586.0,658.0,686.0,677.0,453.0,574.0,546.0,522.0,572.0
4977,20250514,1,499.0,401.0,323.0,333.0,343.0,376.0,404.0,469.0,484.0,475.0,594.0,685.0,848.0,685.0,462.0,545.0,609.0,539.0,638.0
4978,20250916,1,523.0,426.0,429.0,492.0,364.0,465.0,455.0,557.0,390.0,504.0,559.0,683.0,832.0,674.0,485.0,650.0,608.0,492.0,658.0
4979,20250707,1,536.0,392.0,473.0,528.0,404.0,485.0,452.0,599.0,625.0,547.0,519.0,643.0,579.0,668.0,480.0,586.0,561.0,502.0,648.0
4980,20250602,1,519.0,408.0,322.0,522.0,369.0,550.0,408.0,346.0,399.0,513.0,562.0,700.0,563.0,672.0,477.0,530.0,592.0,497.0,637.0
4981,20250523,1,468.0,334.0,390.0,300.0,353.0,300.0,356.0,461.0,336.0,371.0,635.0,700.0,613.0,731.0,485.0,547.0,511.0,588.0,544.0
4982,20250714,1,495.0,402.0,352.0,491.0,393.0,451.0,419.0,409.0,449.0,472.0,575.0,682.0,684.0,693.0,469.0,570.0,506.0,518.0,584.0
4983,20250613,1,568.0,460.0,491.0,594.0,445.0,577.0,504.0,809.0,453.0,599.0,520.0,627.0,52.0,647.0,500.0,658.0,560.0,466.0,622.0
4984,20250526,1,505.0,388.0,334.0,440.0,362.0,516.0,399.0,426.0,455.0,511.0,578.0,665.0,575.0,679.0,491.0,520.0,546.0,512.0,617.0
4985,20250529,1,521.0,397.0,441.0,514.0,371.0,467.0,456.0,516.0,399.0,480.0,563.0,674.0,837.0,682.0,484.0,584.0,613.0,491.0,646.0
4986,20251122,1,494.0,409.0,448.0,515.0,365.0,448.0,445.0,492.0,453.0,490.0,554.0,687.0,703.0,681.0,487.0,605.0,598.0,477.0,652.0
4987,20250607,1,519.0,389.0,448.0,511.0,380.0,456.0,441.0,607.0,456.0,487.0,573.0,672.0,472.0,685.0,484.0,616.0,508.0,479.0,641.0
4988,20251003,1,520.0,418.0,322.0,506.0,374.0,556.0,416.0,498.0,386.0,514.0,567.0,700.0,539.0,676.0,489.0,549.0,582.0,446.0,610.0
4989,20250801,1,438.0,630.0,356.0,466.0,437.0,446.0,639.0,298.0,208.0,464.0,360.0,700.0,87.0,672.0,463.0,520.0,567.0,275.0,645.0
4990,20250410,1,531.0,401.0,352.0,464.0,371.0,485.0,422.0,559.0,510.0,552.0,565.0,649.0,661.0,684.0,489.0,572.0,606.0,483.0,645.0
4991,20250312,1,524.0,401.0,395.0,472.0,412.0,546.0,439.0,432.0,437.0,571.0,542.0,649.0,496.0,665.0,499.0,573.0,562.0,444.0,625.0
4992,20250622,1,528.0,404.0,448.0,529.0,386.0,545.0,453.0,710.0,412.0,526.0,563.0,681.0,327.0,681.0,496.0,614.0,574.0,483.0,585.0
4993,20250419,1,,,,,,,,,,,,,,,,,,,
4994,20250822,1,525.0,446.0,416.0,613.0,378.0,518.0,466.0,721.0,454.0,544.0,547.0,687.0,579.0,669.0,490.0,637.0,578.0,478.0,645.0
4995,20250403,1,516.0,385.0,400.0,450.0,368.0,451.0,422.0,464.0,495.0,499.0,570.0,660.0,784.0,687.0,465.0,585.0,620.0,537.0,639.0
4996,20250719,1,524.0,415.0,457.0,548.0,397.0,447.0,462.0,619.0,371.0,507.0,571.0,658.0,619.0,688.0,494.0,629.0,598.0,525.0,618.0
4997,20250321,1,531.0,453.0,382.0,468.0,415.0,476.0,453.0,575.0,525.0,546.0,562.0,655.0,253.0,705.0,502.0,684.0,444.0,514.0,518.0
4998,20250630,1,523.0,380.0,457.0,393.0,344.0,361.0,427.0,432.0,479.0,467.0,583.0,631.0,870.0,701.0,438.0,611.0,574.0,553.0,609.0
4999,20251012,1,512.0,417.0,368.0,517.0,394.0,501.0,398.0,249.0,398.0,489.0,535.0,700.0,475.0,680.0,473.0,524.0,572.0,446.0,625.0
5000,20250626,1,532.0,429.0,544.0,538.0,398.0,448.0,463.0,607.0,432.0,516.0,542.0,634.0,605.0,683.0,443.0,667.0,593.0,554.0,602.0
